[     208ms] [LOG] %c Console Ninja extension is connected to Next.js browser, background: rgb(30,30,30); color: rgb(255,213,92) see https://tinyurl.com/2vt8jxzw for more info. @ :0
[     223ms] [INFO] %cDownload the React DevTools for a better development experience: https://react.dev/link/react-devtools font-weight:bold @ http://localhost:3000/_next/static/chunks/node_modules_next_dist_f3530cac._.js:2307
[     282ms] [LOG] [HMR] connected @ http://localhost:3000/_next/static/chunks/node_modules_next_dist_f3530cac._.js:2307
[   16752ms] [LOG] %c Console Ninja extension is connected to Next.js browser, background: rgb(30,30,30); color: rgb(255,213,92) see https://tinyurl.com/2vt8jxzw for more info. @ :0
[   16755ms] [INFO] %cDownload the React DevTools for a better development experience: https://react.dev/link/react-devtools font-weight:bold @ http://localhost:3000/_next/static/chunks/node_modules_next_dist_f3530cac._.js:2307
[   16768ms] [LOG] [HMR] connected @ http://localhost:3000/_next/static/chunks/node_modules_next_dist_f3530cac._.js:2307
[   29927ms] [LOG] [Fast Refresh] rebuilding @ http://localhost:3000/_next/static/chunks/node_modules_next_dist_f3530cac._.js:2307
[   30037ms] [LOG] [Fast Refresh] done in 183ms @ http://localhost:3000/_next/static/chunks/node_modules_next_dist_f3530cac._.js:2307
[   47638ms] [ERROR] ./components/screens/owner/vouchers/OwnerVouchersPage.tsx:2:1
Module not found: Can't resolve '@/components/screens/owner/vouchers/OwnerVouchersClientContent'
  1 | import { getVouchersPageData } from "@/app/(main)/vouchers/data"
> 2 | import { OwnerVouchersClientContent } from "@/components/screens/owner/vouchers/OwnerVouchersClientContent"
    | ^^^^^^^^^^^^^^^^^^^^^^^^^^^^^^^^^^^^^^^^^^^^^^^^^^^^^^^^^^^^^^^^^^^^^^^^^^^^^^^^^^^^^^^^^^^^^^^^^^^^^^^^^^^
  3 |
  4 | export type VoucherViewStatus =
  5 |   | "active"

Import map: aliased to relative './components/screens/owner/vouchers/OwnerVouchersClientContent' inside of [project]/

Import trace:
  Server Component:
    ./components/screens/owner/vouchers/OwnerVouchersPage.tsx
    ./app/(main)/vouchers/page.tsx

https://nextjs.org/docs/messages/module-not-found @ :0
[   47660ms] [LOG] [Fast Refresh] rebuilding @ http://localhost:3000/_next/static/chunks/node_modules_next_dist_f3530cac._.js:2307
[   47755ms] [ERROR] ./components/screens/owner/vouchers/OwnerVouchersPage.tsx:2:1
Module not found: Can't resolve '@/components/screens/owner/vouchers/OwnerVouchersClientContent'
  1 | import { getVouchersPageData } from "@/app/(main)/vouchers/data"
> 2 | import { OwnerVouchersClientContent } from "@/components/screens/owner/vouchers/OwnerVouchersClientContent"
    | ^^^^^^^^^^^^^^^^^^^^^^^^^^^^^^^^^^^^^^^^^^^^^^^^^^^^^^^^^^^^^^^^^^^^^^^^^^^^^^^^^^^^^^^^^^^^^^^^^^^^^^^^^^^
  3 |
  4 | export type VoucherViewStatus =
  5 |   | "active"

Import map: aliased to relative './components/screens/owner/vouchers/OwnerVouchersClientContent' inside of [project]/

Import trace:
  Server Component:
    ./components/screens/owner/vouchers/OwnerVouchersPage.tsx
    ./app/(main)/vouchers/page.tsx

https://nextjs.org/docs/messages/module-not-found @ :0
[   47769ms] [LOG] [Fast Refresh] rebuilding @ http://localhost:3000/_next/static/chunks/node_modules_next_dist_f3530cac._.js:2307
[   47814ms] [ERROR] ./components/screens/owner/vouchers/OwnerVouchersPage.tsx:2:1
Module not found: Can't resolve '@/components/screens/owner/vouchers/OwnerVouchersClientContent'
  1 | import { getVouchersPageData } from "@/app/(main)/vouchers/data"
> 2 | import { OwnerVouchersClientContent } from "@/components/screens/owner/vouchers/OwnerVouchersClientContent"
    | ^^^^^^^^^^^^^^^^^^^^^^^^^^^^^^^^^^^^^^^^^^^^^^^^^^^^^^^^^^^^^^^^^^^^^^^^^^^^^^^^^^^^^^^^^^^^^^^^^^^^^^^^^^^
  3 |
  4 | export type VoucherViewStatus =
  5 |   | "active"

Import map: aliased to relative './components/screens/owner/vouchers/OwnerVouchersClientContent' inside of [project]/

Import trace:
  Server Component:
    ./components/screens/owner/vouchers/OwnerVouchersPage.tsx
    ./app/(main)/vouchers/page.tsx

https://nextjs.org/docs/messages/module-not-found @ :0
[   47873ms] [ERROR] ./components/screens/owner/vouchers/OwnerVouchersPage.tsx:2:1
Module not found: Can't resolve '@/components/screens/owner/vouchers/OwnerVouchersClientContent'
  1 | import { getVouchersPageData } from "@/app/(main)/vouchers/data"
> 2 | import { OwnerVouchersClientContent } from "@/components/screens/owner/vouchers/OwnerVouchersClientContent"
    | ^^^^^^^^^^^^^^^^^^^^^^^^^^^^^^^^^^^^^^^^^^^^^^^^^^^^^^^^^^^^^^^^^^^^^^^^^^^^^^^^^^^^^^^^^^^^^^^^^^^^^^^^^^^
  3 |
  4 | export type VoucherViewStatus =
  5 |   | "active"

Import map: aliased to relative './components/screens/owner/vouchers/OwnerVouchersClientContent' inside of [project]/

Import trace:
  Server Component:
    ./components/screens/owner/vouchers/OwnerVouchersPage.tsx
    ./app/(main)/vouchers/page.tsx

https://nextjs.org/docs/messages/module-not-found @ :0
[   47934ms] [ERROR] ./components/screens/owner/vouchers/OwnerVouchersPage.tsx:2:1
Module not found: Can't resolve '@/components/screens/owner/vouchers/OwnerVouchersClientContent'
  1 | import { getVouchersPageData } from "@/app/(main)/vouchers/data"
> 2 | import { OwnerVouchersClientContent } from "@/components/screens/owner/vouchers/OwnerVouchersClientContent"
    | ^^^^^^^^^^^^^^^^^^^^^^^^^^^^^^^^^^^^^^^^^^^^^^^^^^^^^^^^^^^^^^^^^^^^^^^^^^^^^^^^^^^^^^^^^^^^^^^^^^^^^^^^^^^
  3 |
  4 | export type VoucherViewStatus =
  5 |   | "active"

Import map: aliased to relative './components/screens/owner/vouchers/OwnerVouchersClientContent' inside of [project]/

Import trace:
  Server Component:
    ./components/screens/owner/vouchers/OwnerVouchersPage.tsx
    ./app/(main)/vouchers/page.tsx

https://nextjs.org/docs/messages/module-not-found @ :0
[   47994ms] [ERROR] ./components/screens/owner/vouchers/OwnerVouchersPage.tsx:2:1
Module not found: Can't resolve '@/components/screens/owner/vouchers/OwnerVouchersClientContent'
  1 | import { getVouchersPageData } from "@/app/(main)/vouchers/data"
> 2 | import { OwnerVouchersClientContent } from "@/components/screens/owner/vouchers/OwnerVouchersClientContent"
    | ^^^^^^^^^^^^^^^^^^^^^^^^^^^^^^^^^^^^^^^^^^^^^^^^^^^^^^^^^^^^^^^^^^^^^^^^^^^^^^^^^^^^^^^^^^^^^^^^^^^^^^^^^^^
  3 |
  4 | export type VoucherViewStatus =
  5 |   | "active"

Import map: aliased to relative './components/screens/owner/vouchers/OwnerVouchersClientContent' inside of [project]/

Import trace:
  Server Component:
    ./components/screens/owner/vouchers/OwnerVouchersPage.tsx
    ./app/(main)/vouchers/page.tsx

https://nextjs.org/docs/messages/module-not-found @ :0
[   48055ms] [ERROR] ./components/screens/owner/vouchers/OwnerVouchersPage.tsx:2:1
Module not found: Can't resolve '@/components/screens/owner/vouchers/OwnerVouchersClientContent'
  1 | import { getVouchersPageData } from "@/app/(main)/vouchers/data"
> 2 | import { OwnerVouchersClientContent } from "@/components/screens/owner/vouchers/OwnerVouchersClientContent"
    | ^^^^^^^^^^^^^^^^^^^^^^^^^^^^^^^^^^^^^^^^^^^^^^^^^^^^^^^^^^^^^^^^^^^^^^^^^^^^^^^^^^^^^^^^^^^^^^^^^^^^^^^^^^^
  3 |
  4 | export type VoucherViewStatus =
  5 |   | "active"

Import map: aliased to relative './components/screens/owner/vouchers/OwnerVouchersClientContent' inside of [project]/

Import trace:
  Server Component:
    ./components/screens/owner/vouchers/OwnerVouchersPage.tsx
    ./app/(main)/vouchers/page.tsx

https://nextjs.org/docs/messages/module-not-found @ :0
[   48113ms] [ERROR] ./components/screens/owner/vouchers/OwnerVouchersPage.tsx:2:1
Module not found: Can't resolve '@/components/screens/owner/vouchers/OwnerVouchersClientContent'
  1 | import { getVouchersPageData } from "@/app/(main)/vouchers/data"
> 2 | import { OwnerVouchersClientContent } from "@/components/screens/owner/vouchers/OwnerVouchersClientContent"
    | ^^^^^^^^^^^^^^^^^^^^^^^^^^^^^^^^^^^^^^^^^^^^^^^^^^^^^^^^^^^^^^^^^^^^^^^^^^^^^^^^^^^^^^^^^^^^^^^^^^^^^^^^^^^
  3 |
  4 | export type VoucherViewStatus =
  5 |   | "active"

Import map: aliased to relative './components/screens/owner/vouchers/OwnerVouchersClientContent' inside of [project]/

Import trace:
  Server Component:
    ./components/screens/owner/vouchers/OwnerVouchersPage.tsx
    ./app/(main)/vouchers/page.tsx

https://nextjs.org/docs/messages/module-not-found @ :0
[   48172ms] [ERROR] ./components/screens/owner/vouchers/OwnerVouchersPage.tsx:2:1
Module not found: Can't resolve '@/components/screens/owner/vouchers/OwnerVouchersClientContent'
  1 | import { getVouchersPageData } from "@/app/(main)/vouchers/data"
> 2 | import { OwnerVouchersClientContent } from "@/components/screens/owner/vouchers/OwnerVouchersClientContent"
    | ^^^^^^^^^^^^^^^^^^^^^^^^^^^^^^^^^^^^^^^^^^^^^^^^^^^^^^^^^^^^^^^^^^^^^^^^^^^^^^^^^^^^^^^^^^^^^^^^^^^^^^^^^^^
  3 |
  4 | export type VoucherViewStatus =
  5 |   | "active"

Import map: aliased to relative './components/screens/owner/vouchers/OwnerVouchersClientContent' inside of [project]/

Import trace:
  Server Component:
    ./components/screens/owner/vouchers/OwnerVouchersPage.tsx
    ./app/(main)/vouchers/page.tsx

https://nextjs.org/docs/messages/module-not-found @ :0
[   48232ms] [ERROR] ./components/screens/owner/vouchers/OwnerVouchersPage.tsx:2:1
Module not found: Can't resolve '@/components/screens/owner/vouchers/OwnerVouchersClientContent'
  1 | import { getVouchersPageData } from "@/app/(main)/vouchers/data"
> 2 | import { OwnerVouchersClientContent } from "@/components/screens/owner/vouchers/OwnerVouchersClientContent"
    | ^^^^^^^^^^^^^^^^^^^^^^^^^^^^^^^^^^^^^^^^^^^^^^^^^^^^^^^^^^^^^^^^^^^^^^^^^^^^^^^^^^^^^^^^^^^^^^^^^^^^^^^^^^^
  3 |
  4 | export type VoucherViewStatus =
  5 |   | "active"

Import map: aliased to relative './components/screens/owner/vouchers/OwnerVouchersClientContent' inside of [project]/

Import trace:
  Server Component:
    ./components/screens/owner/vouchers/OwnerVouchersPage.tsx
    ./app/(main)/vouchers/page.tsx

https://nextjs.org/docs/messages/module-not-found @ :0
[   48292ms] [ERROR] ./components/screens/owner/vouchers/OwnerVouchersPage.tsx:2:1
Module not found: Can't resolve '@/components/screens/owner/vouchers/OwnerVouchersClientContent'
  1 | import { getVouchersPageData } from "@/app/(main)/vouchers/data"
> 2 | import { OwnerVouchersClientContent } from "@/components/screens/owner/vouchers/OwnerVouchersClientContent"
    | ^^^^^^^^^^^^^^^^^^^^^^^^^^^^^^^^^^^^^^^^^^^^^^^^^^^^^^^^^^^^^^^^^^^^^^^^^^^^^^^^^^^^^^^^^^^^^^^^^^^^^^^^^^^
  3 |
  4 | export type VoucherViewStatus =
  5 |   | "active"

Import map: aliased to relative './components/screens/owner/vouchers/OwnerVouchersClientContent' inside of [project]/

Import trace:
  Server Component:
    ./components/screens/owner/vouchers/OwnerVouchersPage.tsx
    ./app/(main)/vouchers/page.tsx

https://nextjs.org/docs/messages/module-not-found @ :0
[   48379ms] [ERROR] ./components/screens/owner/vouchers/OwnerVouchersPage.tsx:2:1
Module not found: Can't resolve '@/components/screens/owner/vouchers/OwnerVouchersClientContent'
  1 | import { getVouchersPageData } from "@/app/(main)/vouchers/data"
> 2 | import { OwnerVouchersClientContent } from "@/components/screens/owner/vouchers/OwnerVouchersClientContent"
    | ^^^^^^^^^^^^^^^^^^^^^^^^^^^^^^^^^^^^^^^^^^^^^^^^^^^^^^^^^^^^^^^^^^^^^^^^^^^^^^^^^^^^^^^^^^^^^^^^^^^^^^^^^^^
  3 |
  4 | export type VoucherViewStatus =
  5 |   | "active"

Import map: aliased to relative './components/screens/owner/vouchers/OwnerVouchersClientContent' inside of [project]/

Import trace:
  Server Component:
    ./components/screens/owner/vouchers/OwnerVouchersPage.tsx
    ./app/(main)/vouchers/page.tsx

https://nextjs.org/docs/messages/module-not-found @ :0
[   48421ms] [ERROR] ./components/screens/owner/vouchers/OwnerVouchersPage.tsx:2:1
Module not found: Can't resolve '@/components/screens/owner/vouchers/OwnerVouchersClientContent'
  1 | import { getVouchersPageData } from "@/app/(main)/vouchers/data"
> 2 | import { OwnerVouchersClientContent } from "@/components/screens/owner/vouchers/OwnerVouchersClientContent"
    | ^^^^^^^^^^^^^^^^^^^^^^^^^^^^^^^^^^^^^^^^^^^^^^^^^^^^^^^^^^^^^^^^^^^^^^^^^^^^^^^^^^^^^^^^^^^^^^^^^^^^^^^^^^^
  3 |
  4 | export type VoucherViewStatus =
  5 |   | "active"

Import map: aliased to relative './components/screens/owner/vouchers/OwnerVouchersClientContent' inside of [project]/

Import trace:
  Server Component:
    ./components/screens/owner/vouchers/OwnerVouchersPage.tsx
    ./app/(main)/vouchers/page.tsx

https://nextjs.org/docs/messages/module-not-found @ :0
[   48481ms] [ERROR] ./components/screens/owner/vouchers/OwnerVouchersPage.tsx:2:1
Module not found: Can't resolve '@/components/screens/owner/vouchers/OwnerVouchersClientContent'
  1 | import { getVouchersPageData } from "@/app/(main)/vouchers/data"
> 2 | import { OwnerVouchersClientContent } from "@/components/screens/owner/vouchers/OwnerVouchersClientContent"
    | ^^^^^^^^^^^^^^^^^^^^^^^^^^^^^^^^^^^^^^^^^^^^^^^^^^^^^^^^^^^^^^^^^^^^^^^^^^^^^^^^^^^^^^^^^^^^^^^^^^^^^^^^^^^
  3 |
  4 | export type VoucherViewStatus =
  5 |   | "active"

Import map: aliased to relative './components/screens/owner/vouchers/OwnerVouchersClientContent' inside of [project]/

Import trace:
  Server Component:
    ./components/screens/owner/vouchers/OwnerVouchersPage.tsx
    ./app/(main)/vouchers/page.tsx

https://nextjs.org/docs/messages/module-not-found @ :0
[   48541ms] [ERROR] ./components/screens/owner/vouchers/OwnerVouchersPage.tsx:2:1
Module not found: Can't resolve '@/components/screens/owner/vouchers/OwnerVouchersClientContent'
  1 | import { getVouchersPageData } from "@/app/(main)/vouchers/data"
> 2 | import { OwnerVouchersClientContent } from "@/components/screens/owner/vouchers/OwnerVouchersClientContent"
    | ^^^^^^^^^^^^^^^^^^^^^^^^^^^^^^^^^^^^^^^^^^^^^^^^^^^^^^^^^^^^^^^^^^^^^^^^^^^^^^^^^^^^^^^^^^^^^^^^^^^^^^^^^^^
  3 |
  4 | export type VoucherViewStatus =
  5 |   | "active"

Import map: aliased to relative './components/screens/owner/vouchers/OwnerVouchersClientContent' inside of [project]/

Import trace:
  Server Component:
    ./components/screens/owner/vouchers/OwnerVouchersPage.tsx
    ./app/(main)/vouchers/page.tsx

https://nextjs.org/docs/messages/module-not-found @ :0
[   48600ms] [ERROR] ./components/screens/owner/vouchers/OwnerVouchersPage.tsx:2:1
Module not found: Can't resolve '@/components/screens/owner/vouchers/OwnerVouchersClientContent'
  1 | import { getVouchersPageData } from "@/app/(main)/vouchers/data"
> 2 | import { OwnerVouchersClientContent } from "@/components/screens/owner/vouchers/OwnerVouchersClientContent"
    | ^^^^^^^^^^^^^^^^^^^^^^^^^^^^^^^^^^^^^^^^^^^^^^^^^^^^^^^^^^^^^^^^^^^^^^^^^^^^^^^^^^^^^^^^^^^^^^^^^^^^^^^^^^^
  3 |
  4 | export type VoucherViewStatus =
  5 |   | "active"

Import map: aliased to relative './components/screens/owner/vouchers/OwnerVouchersClientContent' inside of [project]/

Import trace:
  Server Component:
    ./components/screens/owner/vouchers/OwnerVouchersPage.tsx
    ./app/(main)/vouchers/page.tsx

https://nextjs.org/docs/messages/module-not-found @ :0
[   48657ms] [ERROR] ./components/screens/owner/vouchers/OwnerVouchersPage.tsx:2:1
Module not found: Can't resolve '@/components/screens/owner/vouchers/OwnerVouchersClientContent'
  1 | import { getVouchersPageData } from "@/app/(main)/vouchers/data"
> 2 | import { OwnerVouchersClientContent } from "@/components/screens/owner/vouchers/OwnerVouchersClientContent"
    | ^^^^^^^^^^^^^^^^^^^^^^^^^^^^^^^^^^^^^^^^^^^^^^^^^^^^^^^^^^^^^^^^^^^^^^^^^^^^^^^^^^^^^^^^^^^^^^^^^^^^^^^^^^^
  3 |
  4 | export type VoucherViewStatus =
  5 |   | "active"

Import map: aliased to relative './components/screens/owner/vouchers/OwnerVouchersClientContent' inside of [project]/

Import trace:
  Server Component:
    ./components/screens/owner/vouchers/OwnerVouchersPage.tsx
    ./app/(main)/vouchers/page.tsx

https://nextjs.org/docs/messages/module-not-found @ :0
[   48716ms] [ERROR] ./components/screens/owner/vouchers/OwnerVouchersPage.tsx:2:1
Module not found: Can't resolve '@/components/screens/owner/vouchers/OwnerVouchersClientContent'
  1 | import { getVouchersPageData } from "@/app/(main)/vouchers/data"
> 2 | import { OwnerVouchersClientContent } from "@/components/screens/owner/vouchers/OwnerVouchersClientContent"
    | ^^^^^^^^^^^^^^^^^^^^^^^^^^^^^^^^^^^^^^^^^^^^^^^^^^^^^^^^^^^^^^^^^^^^^^^^^^^^^^^^^^^^^^^^^^^^^^^^^^^^^^^^^^^
  3 |
  4 | export type VoucherViewStatus =
  5 |   | "active"

Import map: aliased to relative './components/screens/owner/vouchers/OwnerVouchersClientContent' inside of [project]/

Import trace:
  Server Component:
    ./components/screens/owner/vouchers/OwnerVouchersPage.tsx
    ./app/(main)/vouchers/page.tsx

https://nextjs.org/docs/messages/module-not-found @ :0
[   48778ms] [ERROR] ./components/screens/owner/vouchers/OwnerVouchersPage.tsx:2:1
Module not found: Can't resolve '@/components/screens/owner/vouchers/OwnerVouchersClientContent'
  1 | import { getVouchersPageData } from "@/app/(main)/vouchers/data"
> 2 | import { OwnerVouchersClientContent } from "@/components/screens/owner/vouchers/OwnerVouchersClientContent"
    | ^^^^^^^^^^^^^^^^^^^^^^^^^^^^^^^^^^^^^^^^^^^^^^^^^^^^^^^^^^^^^^^^^^^^^^^^^^^^^^^^^^^^^^^^^^^^^^^^^^^^^^^^^^^
  3 |
  4 | export type VoucherViewStatus =
  5 |   | "active"

Import map: aliased to relative './components/screens/owner/vouchers/OwnerVouchersClientContent' inside of [project]/

Import trace:
  Server Component:
    ./components/screens/owner/vouchers/OwnerVouchersPage.tsx
    ./app/(main)/vouchers/page.tsx

https://nextjs.org/docs/messages/module-not-found @ :0
[   48836ms] [ERROR] ./components/screens/owner/vouchers/OwnerVouchersPage.tsx:2:1
Module not found: Can't resolve '@/components/screens/owner/vouchers/OwnerVouchersClientContent'
  1 | import { getVouchersPageData } from "@/app/(main)/vouchers/data"
> 2 | import { OwnerVouchersClientContent } from "@/components/screens/owner/vouchers/OwnerVouchersClientContent"
    | ^^^^^^^^^^^^^^^^^^^^^^^^^^^^^^^^^^^^^^^^^^^^^^^^^^^^^^^^^^^^^^^^^^^^^^^^^^^^^^^^^^^^^^^^^^^^^^^^^^^^^^^^^^^
  3 |
  4 | export type VoucherViewStatus =
  5 |   | "active"

Import map: aliased to relative './components/screens/owner/vouchers/OwnerVouchersClientContent' inside of [project]/

Import trace:
  Server Component:
    ./components/screens/owner/vouchers/OwnerVouchersPage.tsx
    ./app/(main)/vouchers/page.tsx

https://nextjs.org/docs/messages/module-not-found @ :0
[   48896ms] [ERROR] ./components/screens/owner/vouchers/OwnerVouchersPage.tsx:2:1
Module not found: Can't resolve '@/components/screens/owner/vouchers/OwnerVouchersClientContent'
  1 | import { getVouchersPageData } from "@/app/(main)/vouchers/data"
> 2 | import { OwnerVouchersClientContent } from "@/components/screens/owner/vouchers/OwnerVouchersClientContent"
    | ^^^^^^^^^^^^^^^^^^^^^^^^^^^^^^^^^^^^^^^^^^^^^^^^^^^^^^^^^^^^^^^^^^^^^^^^^^^^^^^^^^^^^^^^^^^^^^^^^^^^^^^^^^^
  3 |
  4 | export type VoucherViewStatus =
  5 |   | "active"

Import map: aliased to relative './components/screens/owner/vouchers/OwnerVouchersClientContent' inside of [project]/

Import trace:
  Server Component:
    ./components/screens/owner/vouchers/OwnerVouchersPage.tsx
    ./app/(main)/vouchers/page.tsx

https://nextjs.org/docs/messages/module-not-found @ :0
[   48955ms] [ERROR] ./components/screens/owner/vouchers/OwnerVouchersPage.tsx:2:1
Module not found: Can't resolve '@/components/screens/owner/vouchers/OwnerVouchersClientContent'
  1 | import { getVouchersPageData } from "@/app/(main)/vouchers/data"
> 2 | import { OwnerVouchersClientContent } from "@/components/screens/owner/vouchers/OwnerVouchersClientContent"
    | ^^^^^^^^^^^^^^^^^^^^^^^^^^^^^^^^^^^^^^^^^^^^^^^^^^^^^^^^^^^^^^^^^^^^^^^^^^^^^^^^^^^^^^^^^^^^^^^^^^^^^^^^^^^
  3 |
  4 | export type VoucherViewStatus =
  5 |   | "active"

Import map: aliased to relative './components/screens/owner/vouchers/OwnerVouchersClientContent' inside of [project]/

Import trace:
  Server Component:
    ./components/screens/owner/vouchers/OwnerVouchersPage.tsx
    ./app/(main)/vouchers/page.tsx

https://nextjs.org/docs/messages/module-not-found @ :0
[   49015ms] [ERROR] ./components/screens/owner/vouchers/OwnerVouchersPage.tsx:2:1
Module not found: Can't resolve '@/components/screens/owner/vouchers/OwnerVouchersClientContent'
  1 | import { getVouchersPageData } from "@/app/(main)/vouchers/data"
> 2 | import { OwnerVouchersClientContent } from "@/components/screens/owner/vouchers/OwnerVouchersClientContent"
    | ^^^^^^^^^^^^^^^^^^^^^^^^^^^^^^^^^^^^^^^^^^^^^^^^^^^^^^^^^^^^^^^^^^^^^^^^^^^^^^^^^^^^^^^^^^^^^^^^^^^^^^^^^^^
  3 |
  4 | export type VoucherViewStatus =
  5 |   | "active"

Import map: aliased to relative './components/screens/owner/vouchers/OwnerVouchersClientContent' inside of [project]/

Import trace:
  Server Component:
    ./components/screens/owner/vouchers/OwnerVouchersPage.tsx
    ./app/(main)/vouchers/page.tsx

https://nextjs.org/docs/messages/module-not-found @ :0
[   49075ms] [ERROR] ./components/screens/owner/vouchers/OwnerVouchersPage.tsx:2:1
Module not found: Can't resolve '@/components/screens/owner/vouchers/OwnerVouchersClientContent'
  1 | import { getVouchersPageData } from "@/app/(main)/vouchers/data"
> 2 | import { OwnerVouchersClientContent } from "@/components/screens/owner/vouchers/OwnerVouchersClientContent"
    | ^^^^^^^^^^^^^^^^^^^^^^^^^^^^^^^^^^^^^^^^^^^^^^^^^^^^^^^^^^^^^^^^^^^^^^^^^^^^^^^^^^^^^^^^^^^^^^^^^^^^^^^^^^^
  3 |
  4 | export type VoucherViewStatus =
  5 |   | "active"

Import map: aliased to relative './components/screens/owner/vouchers/OwnerVouchersClientContent' inside of [project]/

Import trace:
  Server Component:
    ./components/screens/owner/vouchers/OwnerVouchersPage.tsx
    ./app/(main)/vouchers/page.tsx

https://nextjs.org/docs/messages/module-not-found @ :0
[   49135ms] [ERROR] ./components/screens/owner/vouchers/OwnerVouchersPage.tsx:2:1
Module not found: Can't resolve '@/components/screens/owner/vouchers/OwnerVouchersClientContent'
  1 | import { getVouchersPageData } from "@/app/(main)/vouchers/data"
> 2 | import { OwnerVouchersClientContent } from "@/components/screens/owner/vouchers/OwnerVouchersClientContent"
    | ^^^^^^^^^^^^^^^^^^^^^^^^^^^^^^^^^^^^^^^^^^^^^^^^^^^^^^^^^^^^^^^^^^^^^^^^^^^^^^^^^^^^^^^^^^^^^^^^^^^^^^^^^^^
  3 |
  4 | export type VoucherViewStatus =
  5 |   | "active"

Import map: aliased to relative './components/screens/owner/vouchers/OwnerVouchersClientContent' inside of [project]/

Import trace:
  Server Component:
    ./components/screens/owner/vouchers/OwnerVouchersPage.tsx
    ./app/(main)/vouchers/page.tsx

https://nextjs.org/docs/messages/module-not-found @ :0
[   49195ms] [ERROR] ./components/screens/owner/vouchers/OwnerVouchersPage.tsx:2:1
Module not found: Can't resolve '@/components/screens/owner/vouchers/OwnerVouchersClientContent'
  1 | import { getVouchersPageData } from "@/app/(main)/vouchers/data"
> 2 | import { OwnerVouchersClientContent } from "@/components/screens/owner/vouchers/OwnerVouchersClientContent"
    | ^^^^^^^^^^^^^^^^^^^^^^^^^^^^^^^^^^^^^^^^^^^^^^^^^^^^^^^^^^^^^^^^^^^^^^^^^^^^^^^^^^^^^^^^^^^^^^^^^^^^^^^^^^^
  3 |
  4 | export type VoucherViewStatus =
  5 |   | "active"

Import map: aliased to relative './components/screens/owner/vouchers/OwnerVouchersClientContent' inside of [project]/

Import trace:
  Server Component:
    ./components/screens/owner/vouchers/OwnerVouchersPage.tsx
    ./app/(main)/vouchers/page.tsx

https://nextjs.org/docs/messages/module-not-found @ :0
[   49256ms] [ERROR] ./components/screens/owner/vouchers/OwnerVouchersPage.tsx:2:1
Module not found: Can't resolve '@/components/screens/owner/vouchers/OwnerVouchersClientContent'
  1 | import { getVouchersPageData } from "@/app/(main)/vouchers/data"
> 2 | import { OwnerVouchersClientContent } from "@/components/screens/owner/vouchers/OwnerVouchersClientContent"
    | ^^^^^^^^^^^^^^^^^^^^^^^^^^^^^^^^^^^^^^^^^^^^^^^^^^^^^^^^^^^^^^^^^^^^^^^^^^^^^^^^^^^^^^^^^^^^^^^^^^^^^^^^^^^
  3 |
  4 | export type VoucherViewStatus =
  5 |   | "active"

Import map: aliased to relative './components/screens/owner/vouchers/OwnerVouchersClientContent' inside of [project]/

Import trace:
  Server Component:
    ./components/screens/owner/vouchers/OwnerVouchersPage.tsx
    ./app/(main)/vouchers/page.tsx

https://nextjs.org/docs/messages/module-not-found @ :0
[   49319ms] [ERROR] ./components/screens/owner/vouchers/OwnerVouchersPage.tsx:2:1
Module not found: Can't resolve '@/components/screens/owner/vouchers/OwnerVouchersClientContent'
  1 | import { getVouchersPageData } from "@/app/(main)/vouchers/data"
> 2 | import { OwnerVouchersClientContent } from "@/components/screens/owner/vouchers/OwnerVouchersClientContent"
    | ^^^^^^^^^^^^^^^^^^^^^^^^^^^^^^^^^^^^^^^^^^^^^^^^^^^^^^^^^^^^^^^^^^^^^^^^^^^^^^^^^^^^^^^^^^^^^^^^^^^^^^^^^^^
  3 |
  4 | export type VoucherViewStatus =
  5 |   | "active"

Import map: aliased to relative './components/screens/owner/vouchers/OwnerVouchersClientContent' inside of [project]/

Import trace:
  Server Component:
    ./components/screens/owner/vouchers/OwnerVouchersPage.tsx
    ./app/(main)/vouchers/page.tsx

https://nextjs.org/docs/messages/module-not-found @ :0
[   49383ms] [ERROR] ./components/screens/owner/vouchers/OwnerVouchersPage.tsx:2:1
Module not found: Can't resolve '@/components/screens/owner/vouchers/OwnerVouchersClientContent'
  1 | import { getVouchersPageData } from "@/app/(main)/vouchers/data"
> 2 | import { OwnerVouchersClientContent } from "@/components/screens/owner/vouchers/OwnerVouchersClientContent"
    | ^^^^^^^^^^^^^^^^^^^^^^^^^^^^^^^^^^^^^^^^^^^^^^^^^^^^^^^^^^^^^^^^^^^^^^^^^^^^^^^^^^^^^^^^^^^^^^^^^^^^^^^^^^^
  3 |
  4 | export type VoucherViewStatus =
  5 |   | "active"

Import map: aliased to relative './components/screens/owner/vouchers/OwnerVouchersClientContent' inside of [project]/

Import trace:
  Server Component:
    ./components/screens/owner/vouchers/OwnerVouchersPage.tsx
    ./app/(main)/vouchers/page.tsx

https://nextjs.org/docs/messages/module-not-found @ :0
[   49446ms] [ERROR] ./components/screens/owner/vouchers/OwnerVouchersPage.tsx:2:1
Module not found: Can't resolve '@/components/screens/owner/vouchers/OwnerVouchersClientContent'
  1 | import { getVouchersPageData } from "@/app/(main)/vouchers/data"
> 2 | import { OwnerVouchersClientContent } from "@/components/screens/owner/vouchers/OwnerVouchersClientContent"
    | ^^^^^^^^^^^^^^^^^^^^^^^^^^^^^^^^^^^^^^^^^^^^^^^^^^^^^^^^^^^^^^^^^^^^^^^^^^^^^^^^^^^^^^^^^^^^^^^^^^^^^^^^^^^
  3 |
  4 | export type VoucherViewStatus =
  5 |   | "active"

Import map: aliased to relative './components/screens/owner/vouchers/OwnerVouchersClientContent' inside of [project]/

Import trace:
  Server Component:
    ./components/screens/owner/vouchers/OwnerVouchersPage.tsx
    ./app/(main)/vouchers/page.tsx

https://nextjs.org/docs/messages/module-not-found @ :0
[   49509ms] [ERROR] ./components/screens/owner/vouchers/OwnerVouchersPage.tsx:2:1
Module not found: Can't resolve '@/components/screens/owner/vouchers/OwnerVouchersClientContent'
  1 | import { getVouchersPageData } from "@/app/(main)/vouchers/data"
> 2 | import { OwnerVouchersClientContent } from "@/components/screens/owner/vouchers/OwnerVouchersClientContent"
    | ^^^^^^^^^^^^^^^^^^^^^^^^^^^^^^^^^^^^^^^^^^^^^^^^^^^^^^^^^^^^^^^^^^^^^^^^^^^^^^^^^^^^^^^^^^^^^^^^^^^^^^^^^^^
  3 |
  4 | export type VoucherViewStatus =
  5 |   | "active"

Import map: aliased to relative './components/screens/owner/vouchers/OwnerVouchersClientContent' inside of [project]/

Import trace:
  Server Component:
    ./components/screens/owner/vouchers/OwnerVouchersPage.tsx
    ./app/(main)/vouchers/page.tsx

https://nextjs.org/docs/messages/module-not-found @ :0
[   49571ms] [ERROR] ./components/screens/owner/vouchers/OwnerVouchersPage.tsx:2:1
Module not found: Can't resolve '@/components/screens/owner/vouchers/OwnerVouchersClientContent'
  1 | import { getVouchersPageData } from "@/app/(main)/vouchers/data"
> 2 | import { OwnerVouchersClientContent } from "@/components/screens/owner/vouchers/OwnerVouchersClientContent"
    | ^^^^^^^^^^^^^^^^^^^^^^^^^^^^^^^^^^^^^^^^^^^^^^^^^^^^^^^^^^^^^^^^^^^^^^^^^^^^^^^^^^^^^^^^^^^^^^^^^^^^^^^^^^^
  3 |
  4 | export type VoucherViewStatus =
  5 |   | "active"

Import map: aliased to relative './components/screens/owner/vouchers/OwnerVouchersClientContent' inside of [project]/

Import trace:
  Server Component:
    ./components/screens/owner/vouchers/OwnerVouchersPage.tsx
    ./app/(main)/vouchers/page.tsx

https://nextjs.org/docs/messages/module-not-found @ :0
[   49632ms] [ERROR] ./components/screens/owner/vouchers/OwnerVouchersPage.tsx:2:1
Module not found: Can't resolve '@/components/screens/owner/vouchers/OwnerVouchersClientContent'
  1 | import { getVouchersPageData } from "@/app/(main)/vouchers/data"
> 2 | import { OwnerVouchersClientContent } from "@/components/screens/owner/vouchers/OwnerVouchersClientContent"
    | ^^^^^^^^^^^^^^^^^^^^^^^^^^^^^^^^^^^^^^^^^^^^^^^^^^^^^^^^^^^^^^^^^^^^^^^^^^^^^^^^^^^^^^^^^^^^^^^^^^^^^^^^^^^
  3 |
  4 | export type VoucherViewStatus =
  5 |   | "active"

Import map: aliased to relative './components/screens/owner/vouchers/OwnerVouchersClientContent' inside of [project]/

Import trace:
  Server Component:
    ./components/screens/owner/vouchers/OwnerVouchersPage.tsx
    ./app/(main)/vouchers/page.tsx

https://nextjs.org/docs/messages/module-not-found @ :0
[   49698ms] [ERROR] ./components/screens/owner/vouchers/OwnerVouchersPage.tsx:2:1
Module not found: Can't resolve '@/components/screens/owner/vouchers/OwnerVouchersClientContent'
  1 | import { getVouchersPageData } from "@/app/(main)/vouchers/data"
> 2 | import { OwnerVouchersClientContent } from "@/components/screens/owner/vouchers/OwnerVouchersClientContent"
    | ^^^^^^^^^^^^^^^^^^^^^^^^^^^^^^^^^^^^^^^^^^^^^^^^^^^^^^^^^^^^^^^^^^^^^^^^^^^^^^^^^^^^^^^^^^^^^^^^^^^^^^^^^^^
  3 |
  4 | export type VoucherViewStatus =
  5 |   | "active"

Import map: aliased to relative './components/screens/owner/vouchers/OwnerVouchersClientContent' inside of [project]/

Import trace:
  Server Component:
    ./components/screens/owner/vouchers/OwnerVouchersPage.tsx
    ./app/(main)/vouchers/page.tsx

https://nextjs.org/docs/messages/module-not-found @ :0
[   49759ms] [ERROR] ./components/screens/owner/vouchers/OwnerVouchersPage.tsx:2:1
Module not found: Can't resolve '@/components/screens/owner/vouchers/OwnerVouchersClientContent'
  1 | import { getVouchersPageData } from "@/app/(main)/vouchers/data"
> 2 | import { OwnerVouchersClientContent } from "@/components/screens/owner/vouchers/OwnerVouchersClientContent"
    | ^^^^^^^^^^^^^^^^^^^^^^^^^^^^^^^^^^^^^^^^^^^^^^^^^^^^^^^^^^^^^^^^^^^^^^^^^^^^^^^^^^^^^^^^^^^^^^^^^^^^^^^^^^^
  3 |
  4 | export type VoucherViewStatus =
  5 |   | "active"

Import map: aliased to relative './components/screens/owner/vouchers/OwnerVouchersClientContent' inside of [project]/

Import trace:
  Server Component:
    ./components/screens/owner/vouchers/OwnerVouchersPage.tsx
    ./app/(main)/vouchers/page.tsx

https://nextjs.org/docs/messages/module-not-found @ :0
[   49819ms] [ERROR] ./components/screens/owner/vouchers/OwnerVouchersPage.tsx:2:1
Module not found: Can't resolve '@/components/screens/owner/vouchers/OwnerVouchersClientContent'
  1 | import { getVouchersPageData } from "@/app/(main)/vouchers/data"
> 2 | import { OwnerVouchersClientContent } from "@/components/screens/owner/vouchers/OwnerVouchersClientContent"
    | ^^^^^^^^^^^^^^^^^^^^^^^^^^^^^^^^^^^^^^^^^^^^^^^^^^^^^^^^^^^^^^^^^^^^^^^^^^^^^^^^^^^^^^^^^^^^^^^^^^^^^^^^^^^
  3 |
  4 | export type VoucherViewStatus =
  5 |   | "active"

Import map: aliased to relative './components/screens/owner/vouchers/OwnerVouchersClientContent' inside of [project]/

Import trace:
  Server Component:
    ./components/screens/owner/vouchers/OwnerVouchersPage.tsx
    ./app/(main)/vouchers/page.tsx

https://nextjs.org/docs/messages/module-not-found @ :0
[   49882ms] [ERROR] ./components/screens/owner/vouchers/OwnerVouchersPage.tsx:2:1
Module not found: Can't resolve '@/components/screens/owner/vouchers/OwnerVouchersClientContent'
  1 | import { getVouchersPageData } from "@/app/(main)/vouchers/data"
> 2 | import { OwnerVouchersClientContent } from "@/components/screens/owner/vouchers/OwnerVouchersClientContent"
    | ^^^^^^^^^^^^^^^^^^^^^^^^^^^^^^^^^^^^^^^^^^^^^^^^^^^^^^^^^^^^^^^^^^^^^^^^^^^^^^^^^^^^^^^^^^^^^^^^^^^^^^^^^^^
  3 |
  4 | export type VoucherViewStatus =
  5 |   | "active"

Import map: aliased to relative './components/screens/owner/vouchers/OwnerVouchersClientContent' inside of [project]/

Import trace:
  Server Component:
    ./components/screens/owner/vouchers/OwnerVouchersPage.tsx
    ./app/(main)/vouchers/page.tsx

https://nextjs.org/docs/messages/module-not-found @ :0
[   49945ms] [ERROR] ./components/screens/owner/vouchers/OwnerVouchersPage.tsx:2:1
Module not found: Can't resolve '@/components/screens/owner/vouchers/OwnerVouchersClientContent'
  1 | import { getVouchersPageData } from "@/app/(main)/vouchers/data"
> 2 | import { OwnerVouchersClientContent } from "@/components/screens/owner/vouchers/OwnerVouchersClientContent"
    | ^^^^^^^^^^^^^^^^^^^^^^^^^^^^^^^^^^^^^^^^^^^^^^^^^^^^^^^^^^^^^^^^^^^^^^^^^^^^^^^^^^^^^^^^^^^^^^^^^^^^^^^^^^^
  3 |
  4 | export type VoucherViewStatus =
  5 |   | "active"

Import map: aliased to relative './components/screens/owner/vouchers/OwnerVouchersClientContent' inside of [project]/

Import trace:
  Server Component:
    ./components/screens/owner/vouchers/OwnerVouchersPage.tsx
    ./app/(main)/vouchers/page.tsx

https://nextjs.org/docs/messages/module-not-found @ :0
[   50008ms] [ERROR] ./components/screens/owner/vouchers/OwnerVouchersPage.tsx:2:1
Module not found: Can't resolve '@/components/screens/owner/vouchers/OwnerVouchersClientContent'
  1 | import { getVouchersPageData } from "@/app/(main)/vouchers/data"
> 2 | import { OwnerVouchersClientContent } from "@/components/screens/owner/vouchers/OwnerVouchersClientContent"
    | ^^^^^^^^^^^^^^^^^^^^^^^^^^^^^^^^^^^^^^^^^^^^^^^^^^^^^^^^^^^^^^^^^^^^^^^^^^^^^^^^^^^^^^^^^^^^^^^^^^^^^^^^^^^
  3 |
  4 | export type VoucherViewStatus =
  5 |   | "active"

Import map: aliased to relative './components/screens/owner/vouchers/OwnerVouchersClientContent' inside of [project]/

Import trace:
  Server Component:
    ./components/screens/owner/vouchers/OwnerVouchersPage.tsx
    ./app/(main)/vouchers/page.tsx

https://nextjs.org/docs/messages/module-not-found @ :0
[   50070ms] [ERROR] ./components/screens/owner/vouchers/OwnerVouchersPage.tsx:2:1
Module not found: Can't resolve '@/components/screens/owner/vouchers/OwnerVouchersClientContent'
  1 | import { getVouchersPageData } from "@/app/(main)/vouchers/data"
> 2 | import { OwnerVouchersClientContent } from "@/components/screens/owner/vouchers/OwnerVouchersClientContent"
    | ^^^^^^^^^^^^^^^^^^^^^^^^^^^^^^^^^^^^^^^^^^^^^^^^^^^^^^^^^^^^^^^^^^^^^^^^^^^^^^^^^^^^^^^^^^^^^^^^^^^^^^^^^^^
  3 |
  4 | export type VoucherViewStatus =
  5 |   | "active"

Import map: aliased to relative './components/screens/owner/vouchers/OwnerVouchersClientContent' inside of [project]/

Import trace:
  Server Component:
    ./components/screens/owner/vouchers/OwnerVouchersPage.tsx
    ./app/(main)/vouchers/page.tsx

https://nextjs.org/docs/messages/module-not-found @ :0
[   50132ms] [ERROR] ./components/screens/owner/vouchers/OwnerVouchersPage.tsx:2:1
Module not found: Can't resolve '@/components/screens/owner/vouchers/OwnerVouchersClientContent'
  1 | import { getVouchersPageData } from "@/app/(main)/vouchers/data"
> 2 | import { OwnerVouchersClientContent } from "@/components/screens/owner/vouchers/OwnerVouchersClientContent"
    | ^^^^^^^^^^^^^^^^^^^^^^^^^^^^^^^^^^^^^^^^^^^^^^^^^^^^^^^^^^^^^^^^^^^^^^^^^^^^^^^^^^^^^^^^^^^^^^^^^^^^^^^^^^^
  3 |
  4 | export type VoucherViewStatus =
  5 |   | "active"

Import map: aliased to relative './components/screens/owner/vouchers/OwnerVouchersClientContent' inside of [project]/

Import trace:
  Server Component:
    ./components/screens/owner/vouchers/OwnerVouchersPage.tsx
    ./app/(main)/vouchers/page.tsx

https://nextjs.org/docs/messages/module-not-found @ :0
[   50191ms] [ERROR] ./components/screens/owner/vouchers/OwnerVouchersPage.tsx:2:1
Module not found: Can't resolve '@/components/screens/owner/vouchers/OwnerVouchersClientContent'
  1 | import { getVouchersPageData } from "@/app/(main)/vouchers/data"
> 2 | import { OwnerVouchersClientContent } from "@/components/screens/owner/vouchers/OwnerVouchersClientContent"
    | ^^^^^^^^^^^^^^^^^^^^^^^^^^^^^^^^^^^^^^^^^^^^^^^^^^^^^^^^^^^^^^^^^^^^^^^^^^^^^^^^^^^^^^^^^^^^^^^^^^^^^^^^^^^
  3 |
  4 | export type VoucherViewStatus =
  5 |   | "active"

Import map: aliased to relative './components/screens/owner/vouchers/OwnerVouchersClientContent' inside of [project]/

Import trace:
  Server Component:
    ./components/screens/owner/vouchers/OwnerVouchersPage.tsx
    ./app/(main)/vouchers/page.tsx

https://nextjs.org/docs/messages/module-not-found @ :0
[   50256ms] [ERROR] ./components/screens/owner/vouchers/OwnerVouchersPage.tsx:2:1
Module not found: Can't resolve '@/components/screens/owner/vouchers/OwnerVouchersClientContent'
  1 | import { getVouchersPageData } from "@/app/(main)/vouchers/data"
> 2 | import { OwnerVouchersClientContent } from "@/components/screens/owner/vouchers/OwnerVouchersClientContent"
    | ^^^^^^^^^^^^^^^^^^^^^^^^^^^^^^^^^^^^^^^^^^^^^^^^^^^^^^^^^^^^^^^^^^^^^^^^^^^^^^^^^^^^^^^^^^^^^^^^^^^^^^^^^^^
  3 |
  4 | export type VoucherViewStatus =
  5 |   | "active"

Import map: aliased to relative './components/screens/owner/vouchers/OwnerVouchersClientContent' inside of [project]/

Import trace:
  Server Component:
    ./components/screens/owner/vouchers/OwnerVouchersPage.tsx
    ./app/(main)/vouchers/page.tsx

https://nextjs.org/docs/messages/module-not-found @ :0
[   50316ms] [ERROR] ./components/screens/owner/vouchers/OwnerVouchersPage.tsx:2:1
Module not found: Can't resolve '@/components/screens/owner/vouchers/OwnerVouchersClientContent'
  1 | import { getVouchersPageData } from "@/app/(main)/vouchers/data"
> 2 | import { OwnerVouchersClientContent } from "@/components/screens/owner/vouchers/OwnerVouchersClientContent"
    | ^^^^^^^^^^^^^^^^^^^^^^^^^^^^^^^^^^^^^^^^^^^^^^^^^^^^^^^^^^^^^^^^^^^^^^^^^^^^^^^^^^^^^^^^^^^^^^^^^^^^^^^^^^^
  3 |
  4 | export type VoucherViewStatus =
  5 |   | "active"

Import map: aliased to relative './components/screens/owner/vouchers/OwnerVouchersClientContent' inside of [project]/

Import trace:
  Server Component:
    ./components/screens/owner/vouchers/OwnerVouchersPage.tsx
    ./app/(main)/vouchers/page.tsx

https://nextjs.org/docs/messages/module-not-found @ :0
[   50375ms] [ERROR] ./components/screens/owner/vouchers/OwnerVouchersPage.tsx:2:1
Module not found: Can't resolve '@/components/screens/owner/vouchers/OwnerVouchersClientContent'
  1 | import { getVouchersPageData } from "@/app/(main)/vouchers/data"
> 2 | import { OwnerVouchersClientContent } from "@/components/screens/owner/vouchers/OwnerVouchersClientContent"
    | ^^^^^^^^^^^^^^^^^^^^^^^^^^^^^^^^^^^^^^^^^^^^^^^^^^^^^^^^^^^^^^^^^^^^^^^^^^^^^^^^^^^^^^^^^^^^^^^^^^^^^^^^^^^
  3 |
  4 | export type VoucherViewStatus =
  5 |   | "active"

Import map: aliased to relative './components/screens/owner/vouchers/OwnerVouchersClientContent' inside of [project]/

Import trace:
  Server Component:
    ./components/screens/owner/vouchers/OwnerVouchersPage.tsx
    ./app/(main)/vouchers/page.tsx

https://nextjs.org/docs/messages/module-not-found @ :0
[   50436ms] [ERROR] ./components/screens/owner/vouchers/OwnerVouchersPage.tsx:2:1
Module not found: Can't resolve '@/components/screens/owner/vouchers/OwnerVouchersClientContent'
  1 | import { getVouchersPageData } from "@/app/(main)/vouchers/data"
> 2 | import { OwnerVouchersClientContent } from "@/components/screens/owner/vouchers/OwnerVouchersClientContent"
    | ^^^^^^^^^^^^^^^^^^^^^^^^^^^^^^^^^^^^^^^^^^^^^^^^^^^^^^^^^^^^^^^^^^^^^^^^^^^^^^^^^^^^^^^^^^^^^^^^^^^^^^^^^^^
  3 |
  4 | export type VoucherViewStatus =
  5 |   | "active"

Import map: aliased to relative './components/screens/owner/vouchers/OwnerVouchersClientContent' inside of [project]/

Import trace:
  Server Component:
    ./components/screens/owner/vouchers/OwnerVouchersPage.tsx
    ./app/(main)/vouchers/page.tsx

https://nextjs.org/docs/messages/module-not-found @ :0
[   50494ms] [ERROR] ./components/screens/owner/vouchers/OwnerVouchersPage.tsx:2:1
Module not found: Can't resolve '@/components/screens/owner/vouchers/OwnerVouchersClientContent'
  1 | import { getVouchersPageData } from "@/app/(main)/vouchers/data"
> 2 | import { OwnerVouchersClientContent } from "@/components/screens/owner/vouchers/OwnerVouchersClientContent"
    | ^^^^^^^^^^^^^^^^^^^^^^^^^^^^^^^^^^^^^^^^^^^^^^^^^^^^^^^^^^^^^^^^^^^^^^^^^^^^^^^^^^^^^^^^^^^^^^^^^^^^^^^^^^^
  3 |
  4 | export type VoucherViewStatus =
  5 |   | "active"

Import map: aliased to relative './components/screens/owner/vouchers/OwnerVouchersClientContent' inside of [project]/

Import trace:
  Server Component:
    ./components/screens/owner/vouchers/OwnerVouchersPage.tsx
    ./app/(main)/vouchers/page.tsx

https://nextjs.org/docs/messages/module-not-found @ :0
[   50551ms] [ERROR] ./components/screens/owner/vouchers/OwnerVouchersPage.tsx:2:1
Module not found: Can't resolve '@/components/screens/owner/vouchers/OwnerVouchersClientContent'
  1 | import { getVouchersPageData } from "@/app/(main)/vouchers/data"
> 2 | import { OwnerVouchersClientContent } from "@/components/screens/owner/vouchers/OwnerVouchersClientContent"
    | ^^^^^^^^^^^^^^^^^^^^^^^^^^^^^^^^^^^^^^^^^^^^^^^^^^^^^^^^^^^^^^^^^^^^^^^^^^^^^^^^^^^^^^^^^^^^^^^^^^^^^^^^^^^
  3 |
  4 | export type VoucherViewStatus =
  5 |   | "active"

Import map: aliased to relative './components/screens/owner/vouchers/OwnerVouchersClientContent' inside of [project]/

Import trace:
  Server Component:
    ./components/screens/owner/vouchers/OwnerVouchersPage.tsx
    ./app/(main)/vouchers/page.tsx

https://nextjs.org/docs/messages/module-not-found @ :0
[   50610ms] [ERROR] ./components/screens/owner/vouchers/OwnerVouchersPage.tsx:2:1
Module not found: Can't resolve '@/components/screens/owner/vouchers/OwnerVouchersClientContent'
  1 | import { getVouchersPageData } from "@/app/(main)/vouchers/data"
> 2 | import { OwnerVouchersClientContent } from "@/components/screens/owner/vouchers/OwnerVouchersClientContent"
    | ^^^^^^^^^^^^^^^^^^^^^^^^^^^^^^^^^^^^^^^^^^^^^^^^^^^^^^^^^^^^^^^^^^^^^^^^^^^^^^^^^^^^^^^^^^^^^^^^^^^^^^^^^^^
  3 |
  4 | export type VoucherViewStatus =
  5 |   | "active"

Import map: aliased to relative './components/screens/owner/vouchers/OwnerVouchersClientContent' inside of [project]/

Import trace:
  Server Component:
    ./components/screens/owner/vouchers/OwnerVouchersPage.tsx
    ./app/(main)/vouchers/page.tsx

https://nextjs.org/docs/messages/module-not-found @ :0
[   50669ms] [ERROR] ./components/screens/owner/vouchers/OwnerVouchersPage.tsx:2:1
Module not found: Can't resolve '@/components/screens/owner/vouchers/OwnerVouchersClientContent'
  1 | import { getVouchersPageData } from "@/app/(main)/vouchers/data"
> 2 | import { OwnerVouchersClientContent } from "@/components/screens/owner/vouchers/OwnerVouchersClientContent"
    | ^^^^^^^^^^^^^^^^^^^^^^^^^^^^^^^^^^^^^^^^^^^^^^^^^^^^^^^^^^^^^^^^^^^^^^^^^^^^^^^^^^^^^^^^^^^^^^^^^^^^^^^^^^^
  3 |
  4 | export type VoucherViewStatus =
  5 |   | "active"

Import map: aliased to relative './components/screens/owner/vouchers/OwnerVouchersClientContent' inside of [project]/

Import trace:
  Server Component:
    ./components/screens/owner/vouchers/OwnerVouchersPage.tsx
    ./app/(main)/vouchers/page.tsx

https://nextjs.org/docs/messages/module-not-found @ :0
[   50728ms] [ERROR] ./components/screens/owner/vouchers/OwnerVouchersPage.tsx:2:1
Module not found: Can't resolve '@/components/screens/owner/vouchers/OwnerVouchersClientContent'
  1 | import { getVouchersPageData } from "@/app/(main)/vouchers/data"
> 2 | import { OwnerVouchersClientContent } from "@/components/screens/owner/vouchers/OwnerVouchersClientContent"
    | ^^^^^^^^^^^^^^^^^^^^^^^^^^^^^^^^^^^^^^^^^^^^^^^^^^^^^^^^^^^^^^^^^^^^^^^^^^^^^^^^^^^^^^^^^^^^^^^^^^^^^^^^^^^
  3 |
  4 | export type VoucherViewStatus =
  5 |   | "active"

Import map: aliased to relative './components/screens/owner/vouchers/OwnerVouchersClientContent' inside of [project]/

Import trace:
  Server Component:
    ./components/screens/owner/vouchers/OwnerVouchersPage.tsx
    ./app/(main)/vouchers/page.tsx

https://nextjs.org/docs/messages/module-not-found @ :0
[   50789ms] [ERROR] ./components/screens/owner/vouchers/OwnerVouchersPage.tsx:2:1
Module not found: Can't resolve '@/components/screens/owner/vouchers/OwnerVouchersClientContent'
  1 | import { getVouchersPageData } from "@/app/(main)/vouchers/data"
> 2 | import { OwnerVouchersClientContent } from "@/components/screens/owner/vouchers/OwnerVouchersClientContent"
    | ^^^^^^^^^^^^^^^^^^^^^^^^^^^^^^^^^^^^^^^^^^^^^^^^^^^^^^^^^^^^^^^^^^^^^^^^^^^^^^^^^^^^^^^^^^^^^^^^^^^^^^^^^^^
  3 |
  4 | export type VoucherViewStatus =
  5 |   | "active"

Import map: aliased to relative './components/screens/owner/vouchers/OwnerVouchersClientContent' inside of [project]/

Import trace:
  Server Component:
    ./components/screens/owner/vouchers/OwnerVouchersPage.tsx
    ./app/(main)/vouchers/page.tsx

https://nextjs.org/docs/messages/module-not-found @ :0
[   50847ms] [ERROR] ./components/screens/owner/vouchers/OwnerVouchersPage.tsx:2:1
Module not found: Can't resolve '@/components/screens/owner/vouchers/OwnerVouchersClientContent'
  1 | import { getVouchersPageData } from "@/app/(main)/vouchers/data"
> 2 | import { OwnerVouchersClientContent } from "@/components/screens/owner/vouchers/OwnerVouchersClientContent"
    | ^^^^^^^^^^^^^^^^^^^^^^^^^^^^^^^^^^^^^^^^^^^^^^^^^^^^^^^^^^^^^^^^^^^^^^^^^^^^^^^^^^^^^^^^^^^^^^^^^^^^^^^^^^^
  3 |
  4 | export type VoucherViewStatus =
  5 |   | "active"

Import map: aliased to relative './components/screens/owner/vouchers/OwnerVouchersClientContent' inside of [project]/

Import trace:
  Server Component:
    ./components/screens/owner/vouchers/OwnerVouchersPage.tsx
    ./app/(main)/vouchers/page.tsx

https://nextjs.org/docs/messages/module-not-found @ :0
[   50912ms] [ERROR] ./components/screens/owner/vouchers/OwnerVouchersPage.tsx:2:1
Module not found: Can't resolve '@/components/screens/owner/vouchers/OwnerVouchersClientContent'
  1 | import { getVouchersPageData } from "@/app/(main)/vouchers/data"
> 2 | import { OwnerVouchersClientContent } from "@/components/screens/owner/vouchers/OwnerVouchersClientContent"
    | ^^^^^^^^^^^^^^^^^^^^^^^^^^^^^^^^^^^^^^^^^^^^^^^^^^^^^^^^^^^^^^^^^^^^^^^^^^^^^^^^^^^^^^^^^^^^^^^^^^^^^^^^^^^
  3 |
  4 | export type VoucherViewStatus =
  5 |   | "active"

Import map: aliased to relative './components/screens/owner/vouchers/OwnerVouchersClientContent' inside of [project]/

Import trace:
  Server Component:
    ./components/screens/owner/vouchers/OwnerVouchersPage.tsx
    ./app/(main)/vouchers/page.tsx

https://nextjs.org/docs/messages/module-not-found @ :0
[   50972ms] [ERROR] ./components/screens/owner/vouchers/OwnerVouchersPage.tsx:2:1
Module not found: Can't resolve '@/components/screens/owner/vouchers/OwnerVouchersClientContent'
  1 | import { getVouchersPageData } from "@/app/(main)/vouchers/data"
> 2 | import { OwnerVouchersClientContent } from "@/components/screens/owner/vouchers/OwnerVouchersClientContent"
    | ^^^^^^^^^^^^^^^^^^^^^^^^^^^^^^^^^^^^^^^^^^^^^^^^^^^^^^^^^^^^^^^^^^^^^^^^^^^^^^^^^^^^^^^^^^^^^^^^^^^^^^^^^^^
  3 |
  4 | export type VoucherViewStatus =
  5 |   | "active"

Import map: aliased to relative './components/screens/owner/vouchers/OwnerVouchersClientContent' inside of [project]/

Import trace:
  Server Component:
    ./components/screens/owner/vouchers/OwnerVouchersPage.tsx
    ./app/(main)/vouchers/page.tsx

https://nextjs.org/docs/messages/module-not-found @ :0
[   51032ms] [ERROR] ./components/screens/owner/vouchers/OwnerVouchersPage.tsx:2:1
Module not found: Can't resolve '@/components/screens/owner/vouchers/OwnerVouchersClientContent'
  1 | import { getVouchersPageData } from "@/app/(main)/vouchers/data"
> 2 | import { OwnerVouchersClientContent } from "@/components/screens/owner/vouchers/OwnerVouchersClientContent"
    | ^^^^^^^^^^^^^^^^^^^^^^^^^^^^^^^^^^^^^^^^^^^^^^^^^^^^^^^^^^^^^^^^^^^^^^^^^^^^^^^^^^^^^^^^^^^^^^^^^^^^^^^^^^^
  3 |
  4 | export type VoucherViewStatus =
  5 |   | "active"

Import map: aliased to relative './components/screens/owner/vouchers/OwnerVouchersClientContent' inside of [project]/

Import trace:
  Server Component:
    ./components/screens/owner/vouchers/OwnerVouchersPage.tsx
    ./app/(main)/vouchers/page.tsx

https://nextjs.org/docs/messages/module-not-found @ :0
[   51093ms] [ERROR] ./components/screens/owner/vouchers/OwnerVouchersPage.tsx:2:1
Module not found: Can't resolve '@/components/screens/owner/vouchers/OwnerVouchersClientContent'
  1 | import { getVouchersPageData } from "@/app/(main)/vouchers/data"
> 2 | import { OwnerVouchersClientContent } from "@/components/screens/owner/vouchers/OwnerVouchersClientContent"
    | ^^^^^^^^^^^^^^^^^^^^^^^^^^^^^^^^^^^^^^^^^^^^^^^^^^^^^^^^^^^^^^^^^^^^^^^^^^^^^^^^^^^^^^^^^^^^^^^^^^^^^^^^^^^
  3 |
  4 | export type VoucherViewStatus =
  5 |   | "active"

Import map: aliased to relative './components/screens/owner/vouchers/OwnerVouchersClientContent' inside of [project]/

Import trace:
  Server Component:
    ./components/screens/owner/vouchers/OwnerVouchersPage.tsx
    ./app/(main)/vouchers/page.tsx

https://nextjs.org/docs/messages/module-not-found @ :0
[   51153ms] [ERROR] ./components/screens/owner/vouchers/OwnerVouchersPage.tsx:2:1
Module not found: Can't resolve '@/components/screens/owner/vouchers/OwnerVouchersClientContent'
  1 | import { getVouchersPageData } from "@/app/(main)/vouchers/data"
> 2 | import { OwnerVouchersClientContent } from "@/components/screens/owner/vouchers/OwnerVouchersClientContent"
    | ^^^^^^^^^^^^^^^^^^^^^^^^^^^^^^^^^^^^^^^^^^^^^^^^^^^^^^^^^^^^^^^^^^^^^^^^^^^^^^^^^^^^^^^^^^^^^^^^^^^^^^^^^^^
  3 |
  4 | export type VoucherViewStatus =
  5 |   | "active"

Import map: aliased to relative './components/screens/owner/vouchers/OwnerVouchersClientContent' inside of [project]/

Import trace:
  Server Component:
    ./components/screens/owner/vouchers/OwnerVouchersPage.tsx
    ./app/(main)/vouchers/page.tsx

https://nextjs.org/docs/messages/module-not-found @ :0
[   51218ms] [ERROR] ./components/screens/owner/vouchers/OwnerVouchersPage.tsx:2:1
Module not found: Can't resolve '@/components/screens/owner/vouchers/OwnerVouchersClientContent'
  1 | import { getVouchersPageData } from "@/app/(main)/vouchers/data"
> 2 | import { OwnerVouchersClientContent } from "@/components/screens/owner/vouchers/OwnerVouchersClientContent"
    | ^^^^^^^^^^^^^^^^^^^^^^^^^^^^^^^^^^^^^^^^^^^^^^^^^^^^^^^^^^^^^^^^^^^^^^^^^^^^^^^^^^^^^^^^^^^^^^^^^^^^^^^^^^^
  3 |
  4 | export type VoucherViewStatus =
  5 |   | "active"

Import map: aliased to relative './components/screens/owner/vouchers/OwnerVouchersClientContent' inside of [project]/

Import trace:
  Server Component:
    ./components/screens/owner/vouchers/OwnerVouchersPage.tsx
    ./app/(main)/vouchers/page.tsx

https://nextjs.org/docs/messages/module-not-found @ :0
[   51279ms] [ERROR] ./components/screens/owner/vouchers/OwnerVouchersPage.tsx:2:1
Module not found: Can't resolve '@/components/screens/owner/vouchers/OwnerVouchersClientContent'
  1 | import { getVouchersPageData } from "@/app/(main)/vouchers/data"
> 2 | import { OwnerVouchersClientContent } from "@/components/screens/owner/vouchers/OwnerVouchersClientContent"
    | ^^^^^^^^^^^^^^^^^^^^^^^^^^^^^^^^^^^^^^^^^^^^^^^^^^^^^^^^^^^^^^^^^^^^^^^^^^^^^^^^^^^^^^^^^^^^^^^^^^^^^^^^^^^
  3 |
  4 | export type VoucherViewStatus =
  5 |   | "active"

Import map: aliased to relative './components/screens/owner/vouchers/OwnerVouchersClientContent' inside of [project]/

Import trace:
  Server Component:
    ./components/screens/owner/vouchers/OwnerVouchersPage.tsx
    ./app/(main)/vouchers/page.tsx

https://nextjs.org/docs/messages/module-not-found @ :0
[   51343ms] [ERROR] ./components/screens/owner/vouchers/OwnerVouchersPage.tsx:2:1
Module not found: Can't resolve '@/components/screens/owner/vouchers/OwnerVouchersClientContent'
  1 | import { getVouchersPageData } from "@/app/(main)/vouchers/data"
> 2 | import { OwnerVouchersClientContent } from "@/components/screens/owner/vouchers/OwnerVouchersClientContent"
    | ^^^^^^^^^^^^^^^^^^^^^^^^^^^^^^^^^^^^^^^^^^^^^^^^^^^^^^^^^^^^^^^^^^^^^^^^^^^^^^^^^^^^^^^^^^^^^^^^^^^^^^^^^^^
  3 |
  4 | export type VoucherViewStatus =
  5 |   | "active"

Import map: aliased to relative './components/screens/owner/vouchers/OwnerVouchersClientContent' inside of [project]/

Import trace:
  Server Component:
    ./components/screens/owner/vouchers/OwnerVouchersPage.tsx
    ./app/(main)/vouchers/page.tsx

https://nextjs.org/docs/messages/module-not-found @ :0
[   51402ms] [ERROR] ./components/screens/owner/vouchers/OwnerVouchersPage.tsx:2:1
Module not found: Can't resolve '@/components/screens/owner/vouchers/OwnerVouchersClientContent'
  1 | import { getVouchersPageData } from "@/app/(main)/vouchers/data"
> 2 | import { OwnerVouchersClientContent } from "@/components/screens/owner/vouchers/OwnerVouchersClientContent"
    | ^^^^^^^^^^^^^^^^^^^^^^^^^^^^^^^^^^^^^^^^^^^^^^^^^^^^^^^^^^^^^^^^^^^^^^^^^^^^^^^^^^^^^^^^^^^^^^^^^^^^^^^^^^^
  3 |
  4 | export type VoucherViewStatus =
  5 |   | "active"

Import map: aliased to relative './components/screens/owner/vouchers/OwnerVouchersClientContent' inside of [project]/

Import trace:
  Server Component:
    ./components/screens/owner/vouchers/OwnerVouchersPage.tsx
    ./app/(main)/vouchers/page.tsx

https://nextjs.org/docs/messages/module-not-found @ :0
[   51461ms] [ERROR] ./components/screens/owner/vouchers/OwnerVouchersPage.tsx:2:1
Module not found: Can't resolve '@/components/screens/owner/vouchers/OwnerVouchersClientContent'
  1 | import { getVouchersPageData } from "@/app/(main)/vouchers/data"
> 2 | import { OwnerVouchersClientContent } from "@/components/screens/owner/vouchers/OwnerVouchersClientContent"
    | ^^^^^^^^^^^^^^^^^^^^^^^^^^^^^^^^^^^^^^^^^^^^^^^^^^^^^^^^^^^^^^^^^^^^^^^^^^^^^^^^^^^^^^^^^^^^^^^^^^^^^^^^^^^
  3 |
  4 | export type VoucherViewStatus =
  5 |   | "active"

Import map: aliased to relative './components/screens/owner/vouchers/OwnerVouchersClientContent' inside of [project]/

Import trace:
  Server Component:
    ./components/screens/owner/vouchers/OwnerVouchersPage.tsx
    ./app/(main)/vouchers/page.tsx

https://nextjs.org/docs/messages/module-not-found @ :0
[   51518ms] [ERROR] ./components/screens/owner/vouchers/OwnerVouchersPage.tsx:2:1
Module not found: Can't resolve '@/components/screens/owner/vouchers/OwnerVouchersClientContent'
  1 | import { getVouchersPageData } from "@/app/(main)/vouchers/data"
> 2 | import { OwnerVouchersClientContent } from "@/components/screens/owner/vouchers/OwnerVouchersClientContent"
    | ^^^^^^^^^^^^^^^^^^^^^^^^^^^^^^^^^^^^^^^^^^^^^^^^^^^^^^^^^^^^^^^^^^^^^^^^^^^^^^^^^^^^^^^^^^^^^^^^^^^^^^^^^^^
  3 |
  4 | export type VoucherViewStatus =
  5 |   | "active"

Import map: aliased to relative './components/screens/owner/vouchers/OwnerVouchersClientContent' inside of [project]/

Import trace:
  Server Component:
    ./components/screens/owner/vouchers/OwnerVouchersPage.tsx
    ./app/(main)/vouchers/page.tsx

https://nextjs.org/docs/messages/module-not-found @ :0
[   51577ms] [ERROR] ./components/screens/owner/vouchers/OwnerVouchersPage.tsx:2:1
Module not found: Can't resolve '@/components/screens/owner/vouchers/OwnerVouchersClientContent'
  1 | import { getVouchersPageData } from "@/app/(main)/vouchers/data"
> 2 | import { OwnerVouchersClientContent } from "@/components/screens/owner/vouchers/OwnerVouchersClientContent"
    | ^^^^^^^^^^^^^^^^^^^^^^^^^^^^^^^^^^^^^^^^^^^^^^^^^^^^^^^^^^^^^^^^^^^^^^^^^^^^^^^^^^^^^^^^^^^^^^^^^^^^^^^^^^^
  3 |
  4 | export type VoucherViewStatus =
  5 |   | "active"

Import map: aliased to relative './components/screens/owner/vouchers/OwnerVouchersClientContent' inside of [project]/

Import trace:
  Server Component:
    ./components/screens/owner/vouchers/OwnerVouchersPage.tsx
    ./app/(main)/vouchers/page.tsx

https://nextjs.org/docs/messages/module-not-found @ :0
[   51635ms] [ERROR] ./components/screens/owner/vouchers/OwnerVouchersPage.tsx:2:1
Module not found: Can't resolve '@/components/screens/owner/vouchers/OwnerVouchersClientContent'
  1 | import { getVouchersPageData } from "@/app/(main)/vouchers/data"
> 2 | import { OwnerVouchersClientContent } from "@/components/screens/owner/vouchers/OwnerVouchersClientContent"
    | ^^^^^^^^^^^^^^^^^^^^^^^^^^^^^^^^^^^^^^^^^^^^^^^^^^^^^^^^^^^^^^^^^^^^^^^^^^^^^^^^^^^^^^^^^^^^^^^^^^^^^^^^^^^
  3 |
  4 | export type VoucherViewStatus =
  5 |   | "active"

Import map: aliased to relative './components/screens/owner/vouchers/OwnerVouchersClientContent' inside of [project]/

Import trace:
  Server Component:
    ./components/screens/owner/vouchers/OwnerVouchersPage.tsx
    ./app/(main)/vouchers/page.tsx

https://nextjs.org/docs/messages/module-not-found @ :0
[   51694ms] [ERROR] ./components/screens/owner/vouchers/OwnerVouchersPage.tsx:2:1
Module not found: Can't resolve '@/components/screens/owner/vouchers/OwnerVouchersClientContent'
  1 | import { getVouchersPageData } from "@/app/(main)/vouchers/data"
> 2 | import { OwnerVouchersClientContent } from "@/components/screens/owner/vouchers/OwnerVouchersClientContent"
    | ^^^^^^^^^^^^^^^^^^^^^^^^^^^^^^^^^^^^^^^^^^^^^^^^^^^^^^^^^^^^^^^^^^^^^^^^^^^^^^^^^^^^^^^^^^^^^^^^^^^^^^^^^^^
  3 |
  4 | export type VoucherViewStatus =
  5 |   | "active"

Import map: aliased to relative './components/screens/owner/vouchers/OwnerVouchersClientContent' inside of [project]/

Import trace:
  Server Component:
    ./components/screens/owner/vouchers/OwnerVouchersPage.tsx
    ./app/(main)/vouchers/page.tsx

https://nextjs.org/docs/messages/module-not-found @ :0
[   51754ms] [ERROR] ./components/screens/owner/vouchers/OwnerVouchersPage.tsx:2:1
Module not found: Can't resolve '@/components/screens/owner/vouchers/OwnerVouchersClientContent'
  1 | import { getVouchersPageData } from "@/app/(main)/vouchers/data"
> 2 | import { OwnerVouchersClientContent } from "@/components/screens/owner/vouchers/OwnerVouchersClientContent"
    | ^^^^^^^^^^^^^^^^^^^^^^^^^^^^^^^^^^^^^^^^^^^^^^^^^^^^^^^^^^^^^^^^^^^^^^^^^^^^^^^^^^^^^^^^^^^^^^^^^^^^^^^^^^^
  3 |
  4 | export type VoucherViewStatus =
  5 |   | "active"

Import map: aliased to relative './components/screens/owner/vouchers/OwnerVouchersClientContent' inside of [project]/

Import trace:
  Server Component:
    ./components/screens/owner/vouchers/OwnerVouchersPage.tsx
    ./app/(main)/vouchers/page.tsx

https://nextjs.org/docs/messages/module-not-found @ :0
[   51813ms] [ERROR] ./components/screens/owner/vouchers/OwnerVouchersPage.tsx:2:1
Module not found: Can't resolve '@/components/screens/owner/vouchers/OwnerVouchersClientContent'
  1 | import { getVouchersPageData } from "@/app/(main)/vouchers/data"
> 2 | import { OwnerVouchersClientContent } from "@/components/screens/owner/vouchers/OwnerVouchersClientContent"
    | ^^^^^^^^^^^^^^^^^^^^^^^^^^^^^^^^^^^^^^^^^^^^^^^^^^^^^^^^^^^^^^^^^^^^^^^^^^^^^^^^^^^^^^^^^^^^^^^^^^^^^^^^^^^
  3 |
  4 | export type VoucherViewStatus =
  5 |   | "active"

Import map: aliased to relative './components/screens/owner/vouchers/OwnerVouchersClientContent' inside of [project]/

Import trace:
  Server Component:
    ./components/screens/owner/vouchers/OwnerVouchersPage.tsx
    ./app/(main)/vouchers/page.tsx

https://nextjs.org/docs/messages/module-not-found @ :0
[   51871ms] [ERROR] ./components/screens/owner/vouchers/OwnerVouchersPage.tsx:2:1
Module not found: Can't resolve '@/components/screens/owner/vouchers/OwnerVouchersClientContent'
  1 | import { getVouchersPageData } from "@/app/(main)/vouchers/data"
> 2 | import { OwnerVouchersClientContent } from "@/components/screens/owner/vouchers/OwnerVouchersClientContent"
    | ^^^^^^^^^^^^^^^^^^^^^^^^^^^^^^^^^^^^^^^^^^^^^^^^^^^^^^^^^^^^^^^^^^^^^^^^^^^^^^^^^^^^^^^^^^^^^^^^^^^^^^^^^^^
  3 |
  4 | export type VoucherViewStatus =
  5 |   | "active"

Import map: aliased to relative './components/screens/owner/vouchers/OwnerVouchersClientContent' inside of [project]/

Import trace:
  Server Component:
    ./components/screens/owner/vouchers/OwnerVouchersPage.tsx
    ./app/(main)/vouchers/page.tsx

https://nextjs.org/docs/messages/module-not-found @ :0
[   51931ms] [ERROR] ./components/screens/owner/vouchers/OwnerVouchersPage.tsx:2:1
Module not found: Can't resolve '@/components/screens/owner/vouchers/OwnerVouchersClientContent'
  1 | import { getVouchersPageData } from "@/app/(main)/vouchers/data"
> 2 | import { OwnerVouchersClientContent } from "@/components/screens/owner/vouchers/OwnerVouchersClientContent"
    | ^^^^^^^^^^^^^^^^^^^^^^^^^^^^^^^^^^^^^^^^^^^^^^^^^^^^^^^^^^^^^^^^^^^^^^^^^^^^^^^^^^^^^^^^^^^^^^^^^^^^^^^^^^^
  3 |
  4 | export type VoucherViewStatus =
  5 |   | "active"

Import map: aliased to relative './components/screens/owner/vouchers/OwnerVouchersClientContent' inside of [project]/

Import trace:
  Server Component:
    ./components/screens/owner/vouchers/OwnerVouchersPage.tsx
    ./app/(main)/vouchers/page.tsx

https://nextjs.org/docs/messages/module-not-found @ :0
[   51990ms] [ERROR] ./components/screens/owner/vouchers/OwnerVouchersPage.tsx:2:1
Module not found: Can't resolve '@/components/screens/owner/vouchers/OwnerVouchersClientContent'
  1 | import { getVouchersPageData } from "@/app/(main)/vouchers/data"
> 2 | import { OwnerVouchersClientContent } from "@/components/screens/owner/vouchers/OwnerVouchersClientContent"
    | ^^^^^^^^^^^^^^^^^^^^^^^^^^^^^^^^^^^^^^^^^^^^^^^^^^^^^^^^^^^^^^^^^^^^^^^^^^^^^^^^^^^^^^^^^^^^^^^^^^^^^^^^^^^
  3 |
  4 | export type VoucherViewStatus =
  5 |   | "active"

Import map: aliased to relative './components/screens/owner/vouchers/OwnerVouchersClientContent' inside of [project]/

Import trace:
  Server Component:
    ./components/screens/owner/vouchers/OwnerVouchersPage.tsx
    ./app/(main)/vouchers/page.tsx

https://nextjs.org/docs/messages/module-not-found @ :0
[   52051ms] [ERROR] ./components/screens/owner/vouchers/OwnerVouchersPage.tsx:2:1
Module not found: Can't resolve '@/components/screens/owner/vouchers/OwnerVouchersClientContent'
  1 | import { getVouchersPageData } from "@/app/(main)/vouchers/data"
> 2 | import { OwnerVouchersClientContent } from "@/components/screens/owner/vouchers/OwnerVouchersClientContent"
    | ^^^^^^^^^^^^^^^^^^^^^^^^^^^^^^^^^^^^^^^^^^^^^^^^^^^^^^^^^^^^^^^^^^^^^^^^^^^^^^^^^^^^^^^^^^^^^^^^^^^^^^^^^^^
  3 |
  4 | export type VoucherViewStatus =
  5 |   | "active"

Import map: aliased to relative './components/screens/owner/vouchers/OwnerVouchersClientContent' inside of [project]/

Import trace:
  Server Component:
    ./components/screens/owner/vouchers/OwnerVouchersPage.tsx
    ./app/(main)/vouchers/page.tsx

https://nextjs.org/docs/messages/module-not-found @ :0
[   52110ms] [ERROR] ./components/screens/owner/vouchers/OwnerVouchersPage.tsx:2:1
Module not found: Can't resolve '@/components/screens/owner/vouchers/OwnerVouchersClientContent'
  1 | import { getVouchersPageData } from "@/app/(main)/vouchers/data"
> 2 | import { OwnerVouchersClientContent } from "@/components/screens/owner/vouchers/OwnerVouchersClientContent"
    | ^^^^^^^^^^^^^^^^^^^^^^^^^^^^^^^^^^^^^^^^^^^^^^^^^^^^^^^^^^^^^^^^^^^^^^^^^^^^^^^^^^^^^^^^^^^^^^^^^^^^^^^^^^^
  3 |
  4 | export type VoucherViewStatus =
  5 |   | "active"

Import map: aliased to relative './components/screens/owner/vouchers/OwnerVouchersClientContent' inside of [project]/

Import trace:
  Server Component:
    ./components/screens/owner/vouchers/OwnerVouchersPage.tsx
    ./app/(main)/vouchers/page.tsx

https://nextjs.org/docs/messages/module-not-found @ :0
[   52171ms] [ERROR] ./components/screens/owner/vouchers/OwnerVouchersPage.tsx:2:1
Module not found: Can't resolve '@/components/screens/owner/vouchers/OwnerVouchersClientContent'
  1 | import { getVouchersPageData } from "@/app/(main)/vouchers/data"
> 2 | import { OwnerVouchersClientContent } from "@/components/screens/owner/vouchers/OwnerVouchersClientContent"
    | ^^^^^^^^^^^^^^^^^^^^^^^^^^^^^^^^^^^^^^^^^^^^^^^^^^^^^^^^^^^^^^^^^^^^^^^^^^^^^^^^^^^^^^^^^^^^^^^^^^^^^^^^^^^
  3 |
  4 | export type VoucherViewStatus =
  5 |   | "active"

Import map: aliased to relative './components/screens/owner/vouchers/OwnerVouchersClientContent' inside of [project]/

Import trace:
  Server Component:
    ./components/screens/owner/vouchers/OwnerVouchersPage.tsx
    ./app/(main)/vouchers/page.tsx

https://nextjs.org/docs/messages/module-not-found @ :0
[   52230ms] [ERROR] ./components/screens/owner/vouchers/OwnerVouchersPage.tsx:2:1
Module not found: Can't resolve '@/components/screens/owner/vouchers/OwnerVouchersClientContent'
  1 | import { getVouchersPageData } from "@/app/(main)/vouchers/data"
> 2 | import { OwnerVouchersClientContent } from "@/components/screens/owner/vouchers/OwnerVouchersClientContent"
    | ^^^^^^^^^^^^^^^^^^^^^^^^^^^^^^^^^^^^^^^^^^^^^^^^^^^^^^^^^^^^^^^^^^^^^^^^^^^^^^^^^^^^^^^^^^^^^^^^^^^^^^^^^^^
  3 |
  4 | export type VoucherViewStatus =
  5 |   | "active"

Import map: aliased to relative './components/screens/owner/vouchers/OwnerVouchersClientContent' inside of [project]/

Import trace:
  Server Component:
    ./components/screens/owner/vouchers/OwnerVouchersPage.tsx
    ./app/(main)/vouchers/page.tsx

https://nextjs.org/docs/messages/module-not-found @ :0
[   52290ms] [ERROR] ./components/screens/owner/vouchers/OwnerVouchersPage.tsx:2:1
Module not found: Can't resolve '@/components/screens/owner/vouchers/OwnerVouchersClientContent'
  1 | import { getVouchersPageData } from "@/app/(main)/vouchers/data"
> 2 | import { OwnerVouchersClientContent } from "@/components/screens/owner/vouchers/OwnerVouchersClientContent"
    | ^^^^^^^^^^^^^^^^^^^^^^^^^^^^^^^^^^^^^^^^^^^^^^^^^^^^^^^^^^^^^^^^^^^^^^^^^^^^^^^^^^^^^^^^^^^^^^^^^^^^^^^^^^^
  3 |
  4 | export type VoucherViewStatus =
  5 |   | "active"

Import map: aliased to relative './components/screens/owner/vouchers/OwnerVouchersClientContent' inside of [project]/

Import trace:
  Server Component:
    ./components/screens/owner/vouchers/OwnerVouchersPage.tsx
    ./app/(main)/vouchers/page.tsx

https://nextjs.org/docs/messages/module-not-found @ :0
[   52349ms] [ERROR] ./components/screens/owner/vouchers/OwnerVouchersPage.tsx:2:1
Module not found: Can't resolve '@/components/screens/owner/vouchers/OwnerVouchersClientContent'
  1 | import { getVouchersPageData } from "@/app/(main)/vouchers/data"
> 2 | import { OwnerVouchersClientContent } from "@/components/screens/owner/vouchers/OwnerVouchersClientContent"
    | ^^^^^^^^^^^^^^^^^^^^^^^^^^^^^^^^^^^^^^^^^^^^^^^^^^^^^^^^^^^^^^^^^^^^^^^^^^^^^^^^^^^^^^^^^^^^^^^^^^^^^^^^^^^
  3 |
  4 | export type VoucherViewStatus =
  5 |   | "active"

Import map: aliased to relative './components/screens/owner/vouchers/OwnerVouchersClientContent' inside of [project]/

Import trace:
  Server Component:
    ./components/screens/owner/vouchers/OwnerVouchersPage.tsx
    ./app/(main)/vouchers/page.tsx

https://nextjs.org/docs/messages/module-not-found @ :0
[   52407ms] [ERROR] ./components/screens/owner/vouchers/OwnerVouchersPage.tsx:2:1
Module not found: Can't resolve '@/components/screens/owner/vouchers/OwnerVouchersClientContent'
  1 | import { getVouchersPageData } from "@/app/(main)/vouchers/data"
> 2 | import { OwnerVouchersClientContent } from "@/components/screens/owner/vouchers/OwnerVouchersClientContent"
    | ^^^^^^^^^^^^^^^^^^^^^^^^^^^^^^^^^^^^^^^^^^^^^^^^^^^^^^^^^^^^^^^^^^^^^^^^^^^^^^^^^^^^^^^^^^^^^^^^^^^^^^^^^^^
  3 |
  4 | export type VoucherViewStatus =
  5 |   | "active"

Import map: aliased to relative './components/screens/owner/vouchers/OwnerVouchersClientContent' inside of [project]/

Import trace:
  Server Component:
    ./components/screens/owner/vouchers/OwnerVouchersPage.tsx
    ./app/(main)/vouchers/page.tsx

https://nextjs.org/docs/messages/module-not-found @ :0
[   52468ms] [ERROR] ./components/screens/owner/vouchers/OwnerVouchersPage.tsx:2:1
Module not found: Can't resolve '@/components/screens/owner/vouchers/OwnerVouchersClientContent'
  1 | import { getVouchersPageData } from "@/app/(main)/vouchers/data"
> 2 | import { OwnerVouchersClientContent } from "@/components/screens/owner/vouchers/OwnerVouchersClientContent"
    | ^^^^^^^^^^^^^^^^^^^^^^^^^^^^^^^^^^^^^^^^^^^^^^^^^^^^^^^^^^^^^^^^^^^^^^^^^^^^^^^^^^^^^^^^^^^^^^^^^^^^^^^^^^^
  3 |
  4 | export type VoucherViewStatus =
  5 |   | "active"

Import map: aliased to relative './components/screens/owner/vouchers/OwnerVouchersClientContent' inside of [project]/

Import trace:
  Server Component:
    ./components/screens/owner/vouchers/OwnerVouchersPage.tsx
    ./app/(main)/vouchers/page.tsx

https://nextjs.org/docs/messages/module-not-found @ :0
[   52527ms] [ERROR] ./components/screens/owner/vouchers/OwnerVouchersPage.tsx:2:1
Module not found: Can't resolve '@/components/screens/owner/vouchers/OwnerVouchersClientContent'
  1 | import { getVouchersPageData } from "@/app/(main)/vouchers/data"
> 2 | import { OwnerVouchersClientContent } from "@/components/screens/owner/vouchers/OwnerVouchersClientContent"
    | ^^^^^^^^^^^^^^^^^^^^^^^^^^^^^^^^^^^^^^^^^^^^^^^^^^^^^^^^^^^^^^^^^^^^^^^^^^^^^^^^^^^^^^^^^^^^^^^^^^^^^^^^^^^
  3 |
  4 | export type VoucherViewStatus =
  5 |   | "active"

Import map: aliased to relative './components/screens/owner/vouchers/OwnerVouchersClientContent' inside of [project]/

Import trace:
  Server Component:
    ./components/screens/owner/vouchers/OwnerVouchersPage.tsx
    ./app/(main)/vouchers/page.tsx

https://nextjs.org/docs/messages/module-not-found @ :0
[   52587ms] [ERROR] ./components/screens/owner/vouchers/OwnerVouchersPage.tsx:2:1
Module not found: Can't resolve '@/components/screens/owner/vouchers/OwnerVouchersClientContent'
  1 | import { getVouchersPageData } from "@/app/(main)/vouchers/data"
> 2 | import { OwnerVouchersClientContent } from "@/components/screens/owner/vouchers/OwnerVouchersClientContent"
    | ^^^^^^^^^^^^^^^^^^^^^^^^^^^^^^^^^^^^^^^^^^^^^^^^^^^^^^^^^^^^^^^^^^^^^^^^^^^^^^^^^^^^^^^^^^^^^^^^^^^^^^^^^^^
  3 |
  4 | export type VoucherViewStatus =
  5 |   | "active"

Import map: aliased to relative './components/screens/owner/vouchers/OwnerVouchersClientContent' inside of [project]/

Import trace:
  Server Component:
    ./components/screens/owner/vouchers/OwnerVouchersPage.tsx
    ./app/(main)/vouchers/page.tsx

https://nextjs.org/docs/messages/module-not-found @ :0
[   52647ms] [ERROR] ./components/screens/owner/vouchers/OwnerVouchersPage.tsx:2:1
Module not found: Can't resolve '@/components/screens/owner/vouchers/OwnerVouchersClientContent'
  1 | import { getVouchersPageData } from "@/app/(main)/vouchers/data"
> 2 | import { OwnerVouchersClientContent } from "@/components/screens/owner/vouchers/OwnerVouchersClientContent"
    | ^^^^^^^^^^^^^^^^^^^^^^^^^^^^^^^^^^^^^^^^^^^^^^^^^^^^^^^^^^^^^^^^^^^^^^^^^^^^^^^^^^^^^^^^^^^^^^^^^^^^^^^^^^^
  3 |
  4 | export type VoucherViewStatus =
  5 |   | "active"

Import map: aliased to relative './components/screens/owner/vouchers/OwnerVouchersClientContent' inside of [project]/

Import trace:
  Server Component:
    ./components/screens/owner/vouchers/OwnerVouchersPage.tsx
    ./app/(main)/vouchers/page.tsx

https://nextjs.org/docs/messages/module-not-found @ :0
[   52707ms] [ERROR] ./components/screens/owner/vouchers/OwnerVouchersPage.tsx:2:1
Module not found: Can't resolve '@/components/screens/owner/vouchers/OwnerVouchersClientContent'
  1 | import { getVouchersPageData } from "@/app/(main)/vouchers/data"
> 2 | import { OwnerVouchersClientContent } from "@/components/screens/owner/vouchers/OwnerVouchersClientContent"
    | ^^^^^^^^^^^^^^^^^^^^^^^^^^^^^^^^^^^^^^^^^^^^^^^^^^^^^^^^^^^^^^^^^^^^^^^^^^^^^^^^^^^^^^^^^^^^^^^^^^^^^^^^^^^
  3 |
  4 | export type VoucherViewStatus =
  5 |   | "active"

Import map: aliased to relative './components/screens/owner/vouchers/OwnerVouchersClientContent' inside of [project]/

Import trace:
  Server Component:
    ./components/screens/owner/vouchers/OwnerVouchersPage.tsx
    ./app/(main)/vouchers/page.tsx

https://nextjs.org/docs/messages/module-not-found @ :0
[   52765ms] [ERROR] ./components/screens/owner/vouchers/OwnerVouchersPage.tsx:2:1
Module not found: Can't resolve '@/components/screens/owner/vouchers/OwnerVouchersClientContent'
  1 | import { getVouchersPageData } from "@/app/(main)/vouchers/data"
> 2 | import { OwnerVouchersClientContent } from "@/components/screens/owner/vouchers/OwnerVouchersClientContent"
    | ^^^^^^^^^^^^^^^^^^^^^^^^^^^^^^^^^^^^^^^^^^^^^^^^^^^^^^^^^^^^^^^^^^^^^^^^^^^^^^^^^^^^^^^^^^^^^^^^^^^^^^^^^^^
  3 |
  4 | export type VoucherViewStatus =
  5 |   | "active"

Import map: aliased to relative './components/screens/owner/vouchers/OwnerVouchersClientContent' inside of [project]/

Import trace:
  Server Component:
    ./components/screens/owner/vouchers/OwnerVouchersPage.tsx
    ./app/(main)/vouchers/page.tsx

https://nextjs.org/docs/messages/module-not-found @ :0
[   52823ms] [ERROR] ./components/screens/owner/vouchers/OwnerVouchersPage.tsx:2:1
Module not found: Can't resolve '@/components/screens/owner/vouchers/OwnerVouchersClientContent'
  1 | import { getVouchersPageData } from "@/app/(main)/vouchers/data"
> 2 | import { OwnerVouchersClientContent } from "@/components/screens/owner/vouchers/OwnerVouchersClientContent"
    | ^^^^^^^^^^^^^^^^^^^^^^^^^^^^^^^^^^^^^^^^^^^^^^^^^^^^^^^^^^^^^^^^^^^^^^^^^^^^^^^^^^^^^^^^^^^^^^^^^^^^^^^^^^^
  3 |
  4 | export type VoucherViewStatus =
  5 |   | "active"

Import map: aliased to relative './components/screens/owner/vouchers/OwnerVouchersClientContent' inside of [project]/

Import trace:
  Server Component:
    ./components/screens/owner/vouchers/OwnerVouchersPage.tsx
    ./app/(main)/vouchers/page.tsx

https://nextjs.org/docs/messages/module-not-found @ :0
[   52881ms] [ERROR] ./components/screens/owner/vouchers/OwnerVouchersPage.tsx:2:1
Module not found: Can't resolve '@/components/screens/owner/vouchers/OwnerVouchersClientContent'
  1 | import { getVouchersPageData } from "@/app/(main)/vouchers/data"
> 2 | import { OwnerVouchersClientContent } from "@/components/screens/owner/vouchers/OwnerVouchersClientContent"
    | ^^^^^^^^^^^^^^^^^^^^^^^^^^^^^^^^^^^^^^^^^^^^^^^^^^^^^^^^^^^^^^^^^^^^^^^^^^^^^^^^^^^^^^^^^^^^^^^^^^^^^^^^^^^
  3 |
  4 | export type VoucherViewStatus =
  5 |   | "active"

Import map: aliased to relative './components/screens/owner/vouchers/OwnerVouchersClientContent' inside of [project]/

Import trace:
  Server Component:
    ./components/screens/owner/vouchers/OwnerVouchersPage.tsx
    ./app/(main)/vouchers/page.tsx

https://nextjs.org/docs/messages/module-not-found @ :0
[   52940ms] [ERROR] ./components/screens/owner/vouchers/OwnerVouchersPage.tsx:2:1
Module not found: Can't resolve '@/components/screens/owner/vouchers/OwnerVouchersClientContent'
  1 | import { getVouchersPageData } from "@/app/(main)/vouchers/data"
> 2 | import { OwnerVouchersClientContent } from "@/components/screens/owner/vouchers/OwnerVouchersClientContent"
    | ^^^^^^^^^^^^^^^^^^^^^^^^^^^^^^^^^^^^^^^^^^^^^^^^^^^^^^^^^^^^^^^^^^^^^^^^^^^^^^^^^^^^^^^^^^^^^^^^^^^^^^^^^^^
  3 |
  4 | export type VoucherViewStatus =
  5 |   | "active"

Import map: aliased to relative './components/screens/owner/vouchers/OwnerVouchersClientContent' inside of [project]/

Import trace:
  Server Component:
    ./components/screens/owner/vouchers/OwnerVouchersPage.tsx
    ./app/(main)/vouchers/page.tsx

https://nextjs.org/docs/messages/module-not-found @ :0
[   53000ms] [ERROR] ./components/screens/owner/vouchers/OwnerVouchersPage.tsx:2:1
Module not found: Can't resolve '@/components/screens/owner/vouchers/OwnerVouchersClientContent'
  1 | import { getVouchersPageData } from "@/app/(main)/vouchers/data"
> 2 | import { OwnerVouchersClientContent } from "@/components/screens/owner/vouchers/OwnerVouchersClientContent"
    | ^^^^^^^^^^^^^^^^^^^^^^^^^^^^^^^^^^^^^^^^^^^^^^^^^^^^^^^^^^^^^^^^^^^^^^^^^^^^^^^^^^^^^^^^^^^^^^^^^^^^^^^^^^^
  3 |
  4 | export type VoucherViewStatus =
  5 |   | "active"

Import map: aliased to relative './components/screens/owner/vouchers/OwnerVouchersClientContent' inside of [project]/

Import trace:
  Server Component:
    ./components/screens/owner/vouchers/OwnerVouchersPage.tsx
    ./app/(main)/vouchers/page.tsx

https://nextjs.org/docs/messages/module-not-found @ :0
[   53059ms] [ERROR] ./components/screens/owner/vouchers/OwnerVouchersPage.tsx:2:1
Module not found: Can't resolve '@/components/screens/owner/vouchers/OwnerVouchersClientContent'
  1 | import { getVouchersPageData } from "@/app/(main)/vouchers/data"
> 2 | import { OwnerVouchersClientContent } from "@/components/screens/owner/vouchers/OwnerVouchersClientContent"
    | ^^^^^^^^^^^^^^^^^^^^^^^^^^^^^^^^^^^^^^^^^^^^^^^^^^^^^^^^^^^^^^^^^^^^^^^^^^^^^^^^^^^^^^^^^^^^^^^^^^^^^^^^^^^
  3 |
  4 | export type VoucherViewStatus =
  5 |   | "active"

Import map: aliased to relative './components/screens/owner/vouchers/OwnerVouchersClientContent' inside of [project]/

Import trace:
  Server Component:
    ./components/screens/owner/vouchers/OwnerVouchersPage.tsx
    ./app/(main)/vouchers/page.tsx

https://nextjs.org/docs/messages/module-not-found @ :0
[   53119ms] [ERROR] ./components/screens/owner/vouchers/OwnerVouchersPage.tsx:2:1
Module not found: Can't resolve '@/components/screens/owner/vouchers/OwnerVouchersClientContent'
  1 | import { getVouchersPageData } from "@/app/(main)/vouchers/data"
> 2 | import { OwnerVouchersClientContent } from "@/components/screens/owner/vouchers/OwnerVouchersClientContent"
    | ^^^^^^^^^^^^^^^^^^^^^^^^^^^^^^^^^^^^^^^^^^^^^^^^^^^^^^^^^^^^^^^^^^^^^^^^^^^^^^^^^^^^^^^^^^^^^^^^^^^^^^^^^^^
  3 |
  4 | export type VoucherViewStatus =
  5 |   | "active"

Import map: aliased to relative './components/screens/owner/vouchers/OwnerVouchersClientContent' inside of [project]/

Import trace:
  Server Component:
    ./components/screens/owner/vouchers/OwnerVouchersPage.tsx
    ./app/(main)/vouchers/page.tsx

https://nextjs.org/docs/messages/module-not-found @ :0
[   53182ms] [ERROR] ./components/screens/owner/vouchers/OwnerVouchersPage.tsx:2:1
Module not found: Can't resolve '@/components/screens/owner/vouchers/OwnerVouchersClientContent'
  1 | import { getVouchersPageData } from "@/app/(main)/vouchers/data"
> 2 | import { OwnerVouchersClientContent } from "@/components/screens/owner/vouchers/OwnerVouchersClientContent"
    | ^^^^^^^^^^^^^^^^^^^^^^^^^^^^^^^^^^^^^^^^^^^^^^^^^^^^^^^^^^^^^^^^^^^^^^^^^^^^^^^^^^^^^^^^^^^^^^^^^^^^^^^^^^^
  3 |
  4 | export type VoucherViewStatus =
  5 |   | "active"

Import map: aliased to relative './components/screens/owner/vouchers/OwnerVouchersClientContent' inside of [project]/

Import trace:
  Server Component:
    ./components/screens/owner/vouchers/OwnerVouchersPage.tsx
    ./app/(main)/vouchers/page.tsx

https://nextjs.org/docs/messages/module-not-found @ :0
[   53246ms] [ERROR] ./components/screens/owner/vouchers/OwnerVouchersPage.tsx:2:1
Module not found: Can't resolve '@/components/screens/owner/vouchers/OwnerVouchersClientContent'
  1 | import { getVouchersPageData } from "@/app/(main)/vouchers/data"
> 2 | import { OwnerVouchersClientContent } from "@/components/screens/owner/vouchers/OwnerVouchersClientContent"
    | ^^^^^^^^^^^^^^^^^^^^^^^^^^^^^^^^^^^^^^^^^^^^^^^^^^^^^^^^^^^^^^^^^^^^^^^^^^^^^^^^^^^^^^^^^^^^^^^^^^^^^^^^^^^
  3 |
  4 | export type VoucherViewStatus =
  5 |   | "active"

Import map: aliased to relative './components/screens/owner/vouchers/OwnerVouchersClientContent' inside of [project]/

Import trace:
  Server Component:
    ./components/screens/owner/vouchers/OwnerVouchersPage.tsx
    ./app/(main)/vouchers/page.tsx

https://nextjs.org/docs/messages/module-not-found @ :0
[   53306ms] [ERROR] ./components/screens/owner/vouchers/OwnerVouchersPage.tsx:2:1
Module not found: Can't resolve '@/components/screens/owner/vouchers/OwnerVouchersClientContent'
  1 | import { getVouchersPageData } from "@/app/(main)/vouchers/data"
> 2 | import { OwnerVouchersClientContent } from "@/components/screens/owner/vouchers/OwnerVouchersClientContent"
    | ^^^^^^^^^^^^^^^^^^^^^^^^^^^^^^^^^^^^^^^^^^^^^^^^^^^^^^^^^^^^^^^^^^^^^^^^^^^^^^^^^^^^^^^^^^^^^^^^^^^^^^^^^^^
  3 |
  4 | export type VoucherViewStatus =
  5 |   | "active"

Import map: aliased to relative './components/screens/owner/vouchers/OwnerVouchersClientContent' inside of [project]/

Import trace:
  Server Component:
    ./components/screens/owner/vouchers/OwnerVouchersPage.tsx
    ./app/(main)/vouchers/page.tsx

https://nextjs.org/docs/messages/module-not-found @ :0
[   53372ms] [ERROR] ./components/screens/owner/vouchers/OwnerVouchersPage.tsx:2:1
Module not found: Can't resolve '@/components/screens/owner/vouchers/OwnerVouchersClientContent'
  1 | import { getVouchersPageData } from "@/app/(main)/vouchers/data"
> 2 | import { OwnerVouchersClientContent } from "@/components/screens/owner/vouchers/OwnerVouchersClientContent"
    | ^^^^^^^^^^^^^^^^^^^^^^^^^^^^^^^^^^^^^^^^^^^^^^^^^^^^^^^^^^^^^^^^^^^^^^^^^^^^^^^^^^^^^^^^^^^^^^^^^^^^^^^^^^^
  3 |
  4 | export type VoucherViewStatus =
  5 |   | "active"

Import map: aliased to relative './components/screens/owner/vouchers/OwnerVouchersClientContent' inside of [project]/

Import trace:
  Server Component:
    ./components/screens/owner/vouchers/OwnerVouchersPage.tsx
    ./app/(main)/vouchers/page.tsx

https://nextjs.org/docs/messages/module-not-found @ :0
[   53431ms] [ERROR] ./components/screens/owner/vouchers/OwnerVouchersPage.tsx:2:1
Module not found: Can't resolve '@/components/screens/owner/vouchers/OwnerVouchersClientContent'
  1 | import { getVouchersPageData } from "@/app/(main)/vouchers/data"
> 2 | import { OwnerVouchersClientContent } from "@/components/screens/owner/vouchers/OwnerVouchersClientContent"
    | ^^^^^^^^^^^^^^^^^^^^^^^^^^^^^^^^^^^^^^^^^^^^^^^^^^^^^^^^^^^^^^^^^^^^^^^^^^^^^^^^^^^^^^^^^^^^^^^^^^^^^^^^^^^
  3 |
  4 | export type VoucherViewStatus =
  5 |   | "active"

Import map: aliased to relative './components/screens/owner/vouchers/OwnerVouchersClientContent' inside of [project]/

Import trace:
  Server Component:
    ./components/screens/owner/vouchers/OwnerVouchersPage.tsx
    ./app/(main)/vouchers/page.tsx

https://nextjs.org/docs/messages/module-not-found @ :0
[   53492ms] [ERROR] ./components/screens/owner/vouchers/OwnerVouchersPage.tsx:2:1
Module not found: Can't resolve '@/components/screens/owner/vouchers/OwnerVouchersClientContent'
  1 | import { getVouchersPageData } from "@/app/(main)/vouchers/data"
> 2 | import { OwnerVouchersClientContent } from "@/components/screens/owner/vouchers/OwnerVouchersClientContent"
    | ^^^^^^^^^^^^^^^^^^^^^^^^^^^^^^^^^^^^^^^^^^^^^^^^^^^^^^^^^^^^^^^^^^^^^^^^^^^^^^^^^^^^^^^^^^^^^^^^^^^^^^^^^^^
  3 |
  4 | export type VoucherViewStatus =
  5 |   | "active"

Import map: aliased to relative './components/screens/owner/vouchers/OwnerVouchersClientContent' inside of [project]/

Import trace:
  Server Component:
    ./components/screens/owner/vouchers/OwnerVouchersPage.tsx
    ./app/(main)/vouchers/page.tsx

https://nextjs.org/docs/messages/module-not-found @ :0
[   53553ms] [ERROR] ./components/screens/owner/vouchers/OwnerVouchersPage.tsx:2:1
Module not found: Can't resolve '@/components/screens/owner/vouchers/OwnerVouchersClientContent'
  1 | import { getVouchersPageData } from "@/app/(main)/vouchers/data"
> 2 | import { OwnerVouchersClientContent } from "@/components/screens/owner/vouchers/OwnerVouchersClientContent"
    | ^^^^^^^^^^^^^^^^^^^^^^^^^^^^^^^^^^^^^^^^^^^^^^^^^^^^^^^^^^^^^^^^^^^^^^^^^^^^^^^^^^^^^^^^^^^^^^^^^^^^^^^^^^^
  3 |
  4 | export type VoucherViewStatus =
  5 |   | "active"

Import map: aliased to relative './components/screens/owner/vouchers/OwnerVouchersClientContent' inside of [project]/

Import trace:
  Server Component:
    ./components/screens/owner/vouchers/OwnerVouchersPage.tsx
    ./app/(main)/vouchers/page.tsx

https://nextjs.org/docs/messages/module-not-found @ :0
[   53613ms] [ERROR] ./components/screens/owner/vouchers/OwnerVouchersPage.tsx:2:1
Module not found: Can't resolve '@/components/screens/owner/vouchers/OwnerVouchersClientContent'
  1 | import { getVouchersPageData } from "@/app/(main)/vouchers/data"
> 2 | import { OwnerVouchersClientContent } from "@/components/screens/owner/vouchers/OwnerVouchersClientContent"
    | ^^^^^^^^^^^^^^^^^^^^^^^^^^^^^^^^^^^^^^^^^^^^^^^^^^^^^^^^^^^^^^^^^^^^^^^^^^^^^^^^^^^^^^^^^^^^^^^^^^^^^^^^^^^
  3 |
  4 | export type VoucherViewStatus =
  5 |   | "active"

Import map: aliased to relative './components/screens/owner/vouchers/OwnerVouchersClientContent' inside of [project]/

Import trace:
  Server Component:
    ./components/screens/owner/vouchers/OwnerVouchersPage.tsx
    ./app/(main)/vouchers/page.tsx

https://nextjs.org/docs/messages/module-not-found @ :0
[   53673ms] [ERROR] ./components/screens/owner/vouchers/OwnerVouchersPage.tsx:2:1
Module not found: Can't resolve '@/components/screens/owner/vouchers/OwnerVouchersClientContent'
  1 | import { getVouchersPageData } from "@/app/(main)/vouchers/data"
> 2 | import { OwnerVouchersClientContent } from "@/components/screens/owner/vouchers/OwnerVouchersClientContent"
    | ^^^^^^^^^^^^^^^^^^^^^^^^^^^^^^^^^^^^^^^^^^^^^^^^^^^^^^^^^^^^^^^^^^^^^^^^^^^^^^^^^^^^^^^^^^^^^^^^^^^^^^^^^^^
  3 |
  4 | export type VoucherViewStatus =
  5 |   | "active"

Import map: aliased to relative './components/screens/owner/vouchers/OwnerVouchersClientContent' inside of [project]/

Import trace:
  Server Component:
    ./components/screens/owner/vouchers/OwnerVouchersPage.tsx
    ./app/(main)/vouchers/page.tsx

https://nextjs.org/docs/messages/module-not-found @ :0
[   53732ms] [ERROR] ./components/screens/owner/vouchers/OwnerVouchersPage.tsx:2:1
Module not found: Can't resolve '@/components/screens/owner/vouchers/OwnerVouchersClientContent'
  1 | import { getVouchersPageData } from "@/app/(main)/vouchers/data"
> 2 | import { OwnerVouchersClientContent } from "@/components/screens/owner/vouchers/OwnerVouchersClientContent"
    | ^^^^^^^^^^^^^^^^^^^^^^^^^^^^^^^^^^^^^^^^^^^^^^^^^^^^^^^^^^^^^^^^^^^^^^^^^^^^^^^^^^^^^^^^^^^^^^^^^^^^^^^^^^^
  3 |
  4 | export type VoucherViewStatus =
  5 |   | "active"

Import map: aliased to relative './components/screens/owner/vouchers/OwnerVouchersClientContent' inside of [project]/

Import trace:
  Server Component:
    ./components/screens/owner/vouchers/OwnerVouchersPage.tsx
    ./app/(main)/vouchers/page.tsx

https://nextjs.org/docs/messages/module-not-found @ :0
[   53792ms] [ERROR] ./components/screens/owner/vouchers/OwnerVouchersPage.tsx:2:1
Module not found: Can't resolve '@/components/screens/owner/vouchers/OwnerVouchersClientContent'
  1 | import { getVouchersPageData } from "@/app/(main)/vouchers/data"
> 2 | import { OwnerVouchersClientContent } from "@/components/screens/owner/vouchers/OwnerVouchersClientContent"
    | ^^^^^^^^^^^^^^^^^^^^^^^^^^^^^^^^^^^^^^^^^^^^^^^^^^^^^^^^^^^^^^^^^^^^^^^^^^^^^^^^^^^^^^^^^^^^^^^^^^^^^^^^^^^
  3 |
  4 | export type VoucherViewStatus =
  5 |   | "active"

Import map: aliased to relative './components/screens/owner/vouchers/OwnerVouchersClientContent' inside of [project]/

Import trace:
  Server Component:
    ./components/screens/owner/vouchers/OwnerVouchersPage.tsx
    ./app/(main)/vouchers/page.tsx

https://nextjs.org/docs/messages/module-not-found @ :0
[   53850ms] [ERROR] ./components/screens/owner/vouchers/OwnerVouchersPage.tsx:2:1
Module not found: Can't resolve '@/components/screens/owner/vouchers/OwnerVouchersClientContent'
  1 | import { getVouchersPageData } from "@/app/(main)/vouchers/data"
> 2 | import { OwnerVouchersClientContent } from "@/components/screens/owner/vouchers/OwnerVouchersClientContent"
    | ^^^^^^^^^^^^^^^^^^^^^^^^^^^^^^^^^^^^^^^^^^^^^^^^^^^^^^^^^^^^^^^^^^^^^^^^^^^^^^^^^^^^^^^^^^^^^^^^^^^^^^^^^^^
  3 |
  4 | export type VoucherViewStatus =
  5 |   | "active"

Import map: aliased to relative './components/screens/owner/vouchers/OwnerVouchersClientContent' inside of [project]/

Import trace:
  Server Component:
    ./components/screens/owner/vouchers/OwnerVouchersPage.tsx
    ./app/(main)/vouchers/page.tsx

https://nextjs.org/docs/messages/module-not-found @ :0
[   53909ms] [ERROR] ./components/screens/owner/vouchers/OwnerVouchersPage.tsx:2:1
Module not found: Can't resolve '@/components/screens/owner/vouchers/OwnerVouchersClientContent'
  1 | import { getVouchersPageData } from "@/app/(main)/vouchers/data"
> 2 | import { OwnerVouchersClientContent } from "@/components/screens/owner/vouchers/OwnerVouchersClientContent"
    | ^^^^^^^^^^^^^^^^^^^^^^^^^^^^^^^^^^^^^^^^^^^^^^^^^^^^^^^^^^^^^^^^^^^^^^^^^^^^^^^^^^^^^^^^^^^^^^^^^^^^^^^^^^^
  3 |
  4 | export type VoucherViewStatus =
  5 |   | "active"

Import map: aliased to relative './components/screens/owner/vouchers/OwnerVouchersClientContent' inside of [project]/

Import trace:
  Server Component:
    ./components/screens/owner/vouchers/OwnerVouchersPage.tsx
    ./app/(main)/vouchers/page.tsx

https://nextjs.org/docs/messages/module-not-found @ :0
[   53968ms] [ERROR] ./components/screens/owner/vouchers/OwnerVouchersPage.tsx:2:1
Module not found: Can't resolve '@/components/screens/owner/vouchers/OwnerVouchersClientContent'
  1 | import { getVouchersPageData } from "@/app/(main)/vouchers/data"
> 2 | import { OwnerVouchersClientContent } from "@/components/screens/owner/vouchers/OwnerVouchersClientContent"
    | ^^^^^^^^^^^^^^^^^^^^^^^^^^^^^^^^^^^^^^^^^^^^^^^^^^^^^^^^^^^^^^^^^^^^^^^^^^^^^^^^^^^^^^^^^^^^^^^^^^^^^^^^^^^
  3 |
  4 | export type VoucherViewStatus =
  5 |   | "active"

Import map: aliased to relative './components/screens/owner/vouchers/OwnerVouchersClientContent' inside of [project]/

Import trace:
  Server Component:
    ./components/screens/owner/vouchers/OwnerVouchersPage.tsx
    ./app/(main)/vouchers/page.tsx

https://nextjs.org/docs/messages/module-not-found @ :0
[   54027ms] [ERROR] ./components/screens/owner/vouchers/OwnerVouchersPage.tsx:2:1
Module not found: Can't resolve '@/components/screens/owner/vouchers/OwnerVouchersClientContent'
  1 | import { getVouchersPageData } from "@/app/(main)/vouchers/data"
> 2 | import { OwnerVouchersClientContent } from "@/components/screens/owner/vouchers/OwnerVouchersClientContent"
    | ^^^^^^^^^^^^^^^^^^^^^^^^^^^^^^^^^^^^^^^^^^^^^^^^^^^^^^^^^^^^^^^^^^^^^^^^^^^^^^^^^^^^^^^^^^^^^^^^^^^^^^^^^^^
  3 |
  4 | export type VoucherViewStatus =
  5 |   | "active"

Import map: aliased to relative './components/screens/owner/vouchers/OwnerVouchersClientContent' inside of [project]/

Import trace:
  Server Component:
    ./components/screens/owner/vouchers/OwnerVouchersPage.tsx
    ./app/(main)/vouchers/page.tsx

https://nextjs.org/docs/messages/module-not-found @ :0
[   54086ms] [ERROR] ./components/screens/owner/vouchers/OwnerVouchersPage.tsx:2:1
Module not found: Can't resolve '@/components/screens/owner/vouchers/OwnerVouchersClientContent'
  1 | import { getVouchersPageData } from "@/app/(main)/vouchers/data"
> 2 | import { OwnerVouchersClientContent } from "@/components/screens/owner/vouchers/OwnerVouchersClientContent"
    | ^^^^^^^^^^^^^^^^^^^^^^^^^^^^^^^^^^^^^^^^^^^^^^^^^^^^^^^^^^^^^^^^^^^^^^^^^^^^^^^^^^^^^^^^^^^^^^^^^^^^^^^^^^^
  3 |
  4 | export type VoucherViewStatus =
  5 |   | "active"

Import map: aliased to relative './components/screens/owner/vouchers/OwnerVouchersClientContent' inside of [project]/

Import trace:
  Server Component:
    ./components/screens/owner/vouchers/OwnerVouchersPage.tsx
    ./app/(main)/vouchers/page.tsx

https://nextjs.org/docs/messages/module-not-found @ :0
[   54146ms] [ERROR] ./components/screens/owner/vouchers/OwnerVouchersPage.tsx:2:1
Module not found: Can't resolve '@/components/screens/owner/vouchers/OwnerVouchersClientContent'
  1 | import { getVouchersPageData } from "@/app/(main)/vouchers/data"
> 2 | import { OwnerVouchersClientContent } from "@/components/screens/owner/vouchers/OwnerVouchersClientContent"
    | ^^^^^^^^^^^^^^^^^^^^^^^^^^^^^^^^^^^^^^^^^^^^^^^^^^^^^^^^^^^^^^^^^^^^^^^^^^^^^^^^^^^^^^^^^^^^^^^^^^^^^^^^^^^
  3 |
  4 | export type VoucherViewStatus =
  5 |   | "active"

Import map: aliased to relative './components/screens/owner/vouchers/OwnerVouchersClientContent' inside of [project]/

Import trace:
  Server Component:
    ./components/screens/owner/vouchers/OwnerVouchersPage.tsx
    ./app/(main)/vouchers/page.tsx

https://nextjs.org/docs/messages/module-not-found @ :0
[   54205ms] [ERROR] ./components/screens/owner/vouchers/OwnerVouchersPage.tsx:2:1
Module not found: Can't resolve '@/components/screens/owner/vouchers/OwnerVouchersClientContent'
  1 | import { getVouchersPageData } from "@/app/(main)/vouchers/data"
> 2 | import { OwnerVouchersClientContent } from "@/components/screens/owner/vouchers/OwnerVouchersClientContent"
    | ^^^^^^^^^^^^^^^^^^^^^^^^^^^^^^^^^^^^^^^^^^^^^^^^^^^^^^^^^^^^^^^^^^^^^^^^^^^^^^^^^^^^^^^^^^^^^^^^^^^^^^^^^^^
  3 |
  4 | export type VoucherViewStatus =
  5 |   | "active"

Import map: aliased to relative './components/screens/owner/vouchers/OwnerVouchersClientContent' inside of [project]/

Import trace:
  Server Component:
    ./components/screens/owner/vouchers/OwnerVouchersPage.tsx
    ./app/(main)/vouchers/page.tsx

https://nextjs.org/docs/messages/module-not-found @ :0
[   54264ms] [ERROR] ./components/screens/owner/vouchers/OwnerVouchersPage.tsx:2:1
Module not found: Can't resolve '@/components/screens/owner/vouchers/OwnerVouchersClientContent'
  1 | import { getVouchersPageData } from "@/app/(main)/vouchers/data"
> 2 | import { OwnerVouchersClientContent } from "@/components/screens/owner/vouchers/OwnerVouchersClientContent"
    | ^^^^^^^^^^^^^^^^^^^^^^^^^^^^^^^^^^^^^^^^^^^^^^^^^^^^^^^^^^^^^^^^^^^^^^^^^^^^^^^^^^^^^^^^^^^^^^^^^^^^^^^^^^^
  3 |
  4 | export type VoucherViewStatus =
  5 |   | "active"

Import map: aliased to relative './components/screens/owner/vouchers/OwnerVouchersClientContent' inside of [project]/

Import trace:
  Server Component:
    ./components/screens/owner/vouchers/OwnerVouchersPage.tsx
    ./app/(main)/vouchers/page.tsx

https://nextjs.org/docs/messages/module-not-found @ :0
[   54328ms] [ERROR] ./components/screens/owner/vouchers/OwnerVouchersPage.tsx:2:1
Module not found: Can't resolve '@/components/screens/owner/vouchers/OwnerVouchersClientContent'
  1 | import { getVouchersPageData } from "@/app/(main)/vouchers/data"
> 2 | import { OwnerVouchersClientContent } from "@/components/screens/owner/vouchers/OwnerVouchersClientContent"
    | ^^^^^^^^^^^^^^^^^^^^^^^^^^^^^^^^^^^^^^^^^^^^^^^^^^^^^^^^^^^^^^^^^^^^^^^^^^^^^^^^^^^^^^^^^^^^^^^^^^^^^^^^^^^
  3 |
  4 | export type VoucherViewStatus =
  5 |   | "active"

Import map: aliased to relative './components/screens/owner/vouchers/OwnerVouchersClientContent' inside of [project]/

Import trace:
  Server Component:
    ./components/screens/owner/vouchers/OwnerVouchersPage.tsx
    ./app/(main)/vouchers/page.tsx

https://nextjs.org/docs/messages/module-not-found @ :0
[   54389ms] [ERROR] ./components/screens/owner/vouchers/OwnerVouchersPage.tsx:2:1
Module not found: Can't resolve '@/components/screens/owner/vouchers/OwnerVouchersClientContent'
  1 | import { getVouchersPageData } from "@/app/(main)/vouchers/data"
> 2 | import { OwnerVouchersClientContent } from "@/components/screens/owner/vouchers/OwnerVouchersClientContent"
    | ^^^^^^^^^^^^^^^^^^^^^^^^^^^^^^^^^^^^^^^^^^^^^^^^^^^^^^^^^^^^^^^^^^^^^^^^^^^^^^^^^^^^^^^^^^^^^^^^^^^^^^^^^^^
  3 |
  4 | export type VoucherViewStatus =
  5 |   | "active"

Import map: aliased to relative './components/screens/owner/vouchers/OwnerVouchersClientContent' inside of [project]/

Import trace:
  Server Component:
    ./components/screens/owner/vouchers/OwnerVouchersPage.tsx
    ./app/(main)/vouchers/page.tsx

https://nextjs.org/docs/messages/module-not-found @ :0
[   54447ms] [ERROR] ./components/screens/owner/vouchers/OwnerVouchersPage.tsx:2:1
Module not found: Can't resolve '@/components/screens/owner/vouchers/OwnerVouchersClientContent'
  1 | import { getVouchersPageData } from "@/app/(main)/vouchers/data"
> 2 | import { OwnerVouchersClientContent } from "@/components/screens/owner/vouchers/OwnerVouchersClientContent"
    | ^^^^^^^^^^^^^^^^^^^^^^^^^^^^^^^^^^^^^^^^^^^^^^^^^^^^^^^^^^^^^^^^^^^^^^^^^^^^^^^^^^^^^^^^^^^^^^^^^^^^^^^^^^^
  3 |
  4 | export type VoucherViewStatus =
  5 |   | "active"

Import map: aliased to relative './components/screens/owner/vouchers/OwnerVouchersClientContent' inside of [project]/

Import trace:
  Server Component:
    ./components/screens/owner/vouchers/OwnerVouchersPage.tsx
    ./app/(main)/vouchers/page.tsx

https://nextjs.org/docs/messages/module-not-found @ :0
[   54504ms] [ERROR] ./components/screens/owner/vouchers/OwnerVouchersPage.tsx:2:1
Module not found: Can't resolve '@/components/screens/owner/vouchers/OwnerVouchersClientContent'
  1 | import { getVouchersPageData } from "@/app/(main)/vouchers/data"
> 2 | import { OwnerVouchersClientContent } from "@/components/screens/owner/vouchers/OwnerVouchersClientContent"
    | ^^^^^^^^^^^^^^^^^^^^^^^^^^^^^^^^^^^^^^^^^^^^^^^^^^^^^^^^^^^^^^^^^^^^^^^^^^^^^^^^^^^^^^^^^^^^^^^^^^^^^^^^^^^
  3 |
  4 | export type VoucherViewStatus =
  5 |   | "active"

Import map: aliased to relative './components/screens/owner/vouchers/OwnerVouchersClientContent' inside of [project]/

Import trace:
  Server Component:
    ./components/screens/owner/vouchers/OwnerVouchersPage.tsx
    ./app/(main)/vouchers/page.tsx

https://nextjs.org/docs/messages/module-not-found @ :0
[   54562ms] [ERROR] ./components/screens/owner/vouchers/OwnerVouchersPage.tsx:2:1
Module not found: Can't resolve '@/components/screens/owner/vouchers/OwnerVouchersClientContent'
  1 | import { getVouchersPageData } from "@/app/(main)/vouchers/data"
> 2 | import { OwnerVouchersClientContent } from "@/components/screens/owner/vouchers/OwnerVouchersClientContent"
    | ^^^^^^^^^^^^^^^^^^^^^^^^^^^^^^^^^^^^^^^^^^^^^^^^^^^^^^^^^^^^^^^^^^^^^^^^^^^^^^^^^^^^^^^^^^^^^^^^^^^^^^^^^^^
  3 |
  4 | export type VoucherViewStatus =
  5 |   | "active"

Import map: aliased to relative './components/screens/owner/vouchers/OwnerVouchersClientContent' inside of [project]/

Import trace:
  Server Component:
    ./components/screens/owner/vouchers/OwnerVouchersPage.tsx
    ./app/(main)/vouchers/page.tsx

https://nextjs.org/docs/messages/module-not-found @ :0
[   54622ms] [ERROR] ./components/screens/owner/vouchers/OwnerVouchersPage.tsx:2:1
Module not found: Can't resolve '@/components/screens/owner/vouchers/OwnerVouchersClientContent'
  1 | import { getVouchersPageData } from "@/app/(main)/vouchers/data"
> 2 | import { OwnerVouchersClientContent } from "@/components/screens/owner/vouchers/OwnerVouchersClientContent"
    | ^^^^^^^^^^^^^^^^^^^^^^^^^^^^^^^^^^^^^^^^^^^^^^^^^^^^^^^^^^^^^^^^^^^^^^^^^^^^^^^^^^^^^^^^^^^^^^^^^^^^^^^^^^^
  3 |
  4 | export type VoucherViewStatus =
  5 |   | "active"

Import map: aliased to relative './components/screens/owner/vouchers/OwnerVouchersClientContent' inside of [project]/

Import trace:
  Server Component:
    ./components/screens/owner/vouchers/OwnerVouchersPage.tsx
    ./app/(main)/vouchers/page.tsx

https://nextjs.org/docs/messages/module-not-found @ :0
[   54682ms] [ERROR] ./components/screens/owner/vouchers/OwnerVouchersPage.tsx:2:1
Module not found: Can't resolve '@/components/screens/owner/vouchers/OwnerVouchersClientContent'
  1 | import { getVouchersPageData } from "@/app/(main)/vouchers/data"
> 2 | import { OwnerVouchersClientContent } from "@/components/screens/owner/vouchers/OwnerVouchersClientContent"
    | ^^^^^^^^^^^^^^^^^^^^^^^^^^^^^^^^^^^^^^^^^^^^^^^^^^^^^^^^^^^^^^^^^^^^^^^^^^^^^^^^^^^^^^^^^^^^^^^^^^^^^^^^^^^
  3 |
  4 | export type VoucherViewStatus =
  5 |   | "active"

Import map: aliased to relative './components/screens/owner/vouchers/OwnerVouchersClientContent' inside of [project]/

Import trace:
  Server Component:
    ./components/screens/owner/vouchers/OwnerVouchersPage.tsx
    ./app/(main)/vouchers/page.tsx

https://nextjs.org/docs/messages/module-not-found @ :0
[   54744ms] [ERROR] ./components/screens/owner/vouchers/OwnerVouchersPage.tsx:2:1
Module not found: Can't resolve '@/components/screens/owner/vouchers/OwnerVouchersClientContent'
  1 | import { getVouchersPageData } from "@/app/(main)/vouchers/data"
> 2 | import { OwnerVouchersClientContent } from "@/components/screens/owner/vouchers/OwnerVouchersClientContent"
    | ^^^^^^^^^^^^^^^^^^^^^^^^^^^^^^^^^^^^^^^^^^^^^^^^^^^^^^^^^^^^^^^^^^^^^^^^^^^^^^^^^^^^^^^^^^^^^^^^^^^^^^^^^^^
  3 |
  4 | export type VoucherViewStatus =
  5 |   | "active"

Import map: aliased to relative './components/screens/owner/vouchers/OwnerVouchersClientContent' inside of [project]/

Import trace:
  Server Component:
    ./components/screens/owner/vouchers/OwnerVouchersPage.tsx
    ./app/(main)/vouchers/page.tsx

https://nextjs.org/docs/messages/module-not-found @ :0
[   54804ms] [ERROR] ./components/screens/owner/vouchers/OwnerVouchersPage.tsx:2:1
Module not found: Can't resolve '@/components/screens/owner/vouchers/OwnerVouchersClientContent'
  1 | import { getVouchersPageData } from "@/app/(main)/vouchers/data"
> 2 | import { OwnerVouchersClientContent } from "@/components/screens/owner/vouchers/OwnerVouchersClientContent"
    | ^^^^^^^^^^^^^^^^^^^^^^^^^^^^^^^^^^^^^^^^^^^^^^^^^^^^^^^^^^^^^^^^^^^^^^^^^^^^^^^^^^^^^^^^^^^^^^^^^^^^^^^^^^^
  3 |
  4 | export type VoucherViewStatus =
  5 |   | "active"

Import map: aliased to relative './components/screens/owner/vouchers/OwnerVouchersClientContent' inside of [project]/

Import trace:
  Server Component:
    ./components/screens/owner/vouchers/OwnerVouchersPage.tsx
    ./app/(main)/vouchers/page.tsx

https://nextjs.org/docs/messages/module-not-found @ :0
[   54862ms] [ERROR] ./components/screens/owner/vouchers/OwnerVouchersPage.tsx:2:1
Module not found: Can't resolve '@/components/screens/owner/vouchers/OwnerVouchersClientContent'
  1 | import { getVouchersPageData } from "@/app/(main)/vouchers/data"
> 2 | import { OwnerVouchersClientContent } from "@/components/screens/owner/vouchers/OwnerVouchersClientContent"
    | ^^^^^^^^^^^^^^^^^^^^^^^^^^^^^^^^^^^^^^^^^^^^^^^^^^^^^^^^^^^^^^^^^^^^^^^^^^^^^^^^^^^^^^^^^^^^^^^^^^^^^^^^^^^
  3 |
  4 | export type VoucherViewStatus =
  5 |   | "active"

Import map: aliased to relative './components/screens/owner/vouchers/OwnerVouchersClientContent' inside of [project]/

Import trace:
  Server Component:
    ./components/screens/owner/vouchers/OwnerVouchersPage.tsx
    ./app/(main)/vouchers/page.tsx

https://nextjs.org/docs/messages/module-not-found @ :0
[   54920ms] [ERROR] ./components/screens/owner/vouchers/OwnerVouchersPage.tsx:2:1
Module not found: Can't resolve '@/components/screens/owner/vouchers/OwnerVouchersClientContent'
  1 | import { getVouchersPageData } from "@/app/(main)/vouchers/data"
> 2 | import { OwnerVouchersClientContent } from "@/components/screens/owner/vouchers/OwnerVouchersClientContent"
    | ^^^^^^^^^^^^^^^^^^^^^^^^^^^^^^^^^^^^^^^^^^^^^^^^^^^^^^^^^^^^^^^^^^^^^^^^^^^^^^^^^^^^^^^^^^^^^^^^^^^^^^^^^^^
  3 |
  4 | export type VoucherViewStatus =
  5 |   | "active"

Import map: aliased to relative './components/screens/owner/vouchers/OwnerVouchersClientContent' inside of [project]/

Import trace:
  Server Component:
    ./components/screens/owner/vouchers/OwnerVouchersPage.tsx
    ./app/(main)/vouchers/page.tsx

https://nextjs.org/docs/messages/module-not-found @ :0
[   54979ms] [ERROR] ./components/screens/owner/vouchers/OwnerVouchersPage.tsx:2:1
Module not found: Can't resolve '@/components/screens/owner/vouchers/OwnerVouchersClientContent'
  1 | import { getVouchersPageData } from "@/app/(main)/vouchers/data"
> 2 | import { OwnerVouchersClientContent } from "@/components/screens/owner/vouchers/OwnerVouchersClientContent"
    | ^^^^^^^^^^^^^^^^^^^^^^^^^^^^^^^^^^^^^^^^^^^^^^^^^^^^^^^^^^^^^^^^^^^^^^^^^^^^^^^^^^^^^^^^^^^^^^^^^^^^^^^^^^^
  3 |
  4 | export type VoucherViewStatus =
  5 |   | "active"

Import map: aliased to relative './components/screens/owner/vouchers/OwnerVouchersClientContent' inside of [project]/

Import trace:
  Server Component:
    ./components/screens/owner/vouchers/OwnerVouchersPage.tsx
    ./app/(main)/vouchers/page.tsx

https://nextjs.org/docs/messages/module-not-found @ :0
[   55038ms] [ERROR] ./components/screens/owner/vouchers/OwnerVouchersPage.tsx:2:1
Module not found: Can't resolve '@/components/screens/owner/vouchers/OwnerVouchersClientContent'
  1 | import { getVouchersPageData } from "@/app/(main)/vouchers/data"
> 2 | import { OwnerVouchersClientContent } from "@/components/screens/owner/vouchers/OwnerVouchersClientContent"
    | ^^^^^^^^^^^^^^^^^^^^^^^^^^^^^^^^^^^^^^^^^^^^^^^^^^^^^^^^^^^^^^^^^^^^^^^^^^^^^^^^^^^^^^^^^^^^^^^^^^^^^^^^^^^
  3 |
  4 | export type VoucherViewStatus =
  5 |   | "active"

Import map: aliased to relative './components/screens/owner/vouchers/OwnerVouchersClientContent' inside of [project]/

Import trace:
  Server Component:
    ./components/screens/owner/vouchers/OwnerVouchersPage.tsx
    ./app/(main)/vouchers/page.tsx

https://nextjs.org/docs/messages/module-not-found @ :0
[   55097ms] [ERROR] ./components/screens/owner/vouchers/OwnerVouchersPage.tsx:2:1
Module not found: Can't resolve '@/components/screens/owner/vouchers/OwnerVouchersClientContent'
  1 | import { getVouchersPageData } from "@/app/(main)/vouchers/data"
> 2 | import { OwnerVouchersClientContent } from "@/components/screens/owner/vouchers/OwnerVouchersClientContent"
    | ^^^^^^^^^^^^^^^^^^^^^^^^^^^^^^^^^^^^^^^^^^^^^^^^^^^^^^^^^^^^^^^^^^^^^^^^^^^^^^^^^^^^^^^^^^^^^^^^^^^^^^^^^^^
  3 |
  4 | export type VoucherViewStatus =
  5 |   | "active"

Import map: aliased to relative './components/screens/owner/vouchers/OwnerVouchersClientContent' inside of [project]/

Import trace:
  Server Component:
    ./components/screens/owner/vouchers/OwnerVouchersPage.tsx
    ./app/(main)/vouchers/page.tsx

https://nextjs.org/docs/messages/module-not-found @ :0
[   55156ms] [ERROR] ./components/screens/owner/vouchers/OwnerVouchersPage.tsx:2:1
Module not found: Can't resolve '@/components/screens/owner/vouchers/OwnerVouchersClientContent'
  1 | import { getVouchersPageData } from "@/app/(main)/vouchers/data"
> 2 | import { OwnerVouchersClientContent } from "@/components/screens/owner/vouchers/OwnerVouchersClientContent"
    | ^^^^^^^^^^^^^^^^^^^^^^^^^^^^^^^^^^^^^^^^^^^^^^^^^^^^^^^^^^^^^^^^^^^^^^^^^^^^^^^^^^^^^^^^^^^^^^^^^^^^^^^^^^^
  3 |
  4 | export type VoucherViewStatus =
  5 |   | "active"

Import map: aliased to relative './components/screens/owner/vouchers/OwnerVouchersClientContent' inside of [project]/

Import trace:
  Server Component:
    ./components/screens/owner/vouchers/OwnerVouchersPage.tsx
    ./app/(main)/vouchers/page.tsx

https://nextjs.org/docs/messages/module-not-found @ :0
[   55215ms] [ERROR] ./components/screens/owner/vouchers/OwnerVouchersPage.tsx:2:1
Module not found: Can't resolve '@/components/screens/owner/vouchers/OwnerVouchersClientContent'
  1 | import { getVouchersPageData } from "@/app/(main)/vouchers/data"
> 2 | import { OwnerVouchersClientContent } from "@/components/screens/owner/vouchers/OwnerVouchersClientContent"
    | ^^^^^^^^^^^^^^^^^^^^^^^^^^^^^^^^^^^^^^^^^^^^^^^^^^^^^^^^^^^^^^^^^^^^^^^^^^^^^^^^^^^^^^^^^^^^^^^^^^^^^^^^^^^
  3 |
  4 | export type VoucherViewStatus =
  5 |   | "active"

Import map: aliased to relative './components/screens/owner/vouchers/OwnerVouchersClientContent' inside of [project]/

Import trace:
  Server Component:
    ./components/screens/owner/vouchers/OwnerVouchersPage.tsx
    ./app/(main)/vouchers/page.tsx

https://nextjs.org/docs/messages/module-not-found @ :0
[   55275ms] [ERROR] ./components/screens/owner/vouchers/OwnerVouchersPage.tsx:2:1
Module not found: Can't resolve '@/components/screens/owner/vouchers/OwnerVouchersClientContent'
  1 | import { getVouchersPageData } from "@/app/(main)/vouchers/data"
> 2 | import { OwnerVouchersClientContent } from "@/components/screens/owner/vouchers/OwnerVouchersClientContent"
    | ^^^^^^^^^^^^^^^^^^^^^^^^^^^^^^^^^^^^^^^^^^^^^^^^^^^^^^^^^^^^^^^^^^^^^^^^^^^^^^^^^^^^^^^^^^^^^^^^^^^^^^^^^^^
  3 |
  4 | export type VoucherViewStatus =
  5 |   | "active"

Import map: aliased to relative './components/screens/owner/vouchers/OwnerVouchersClientContent' inside of [project]/

Import trace:
  Server Component:
    ./components/screens/owner/vouchers/OwnerVouchersPage.tsx
    ./app/(main)/vouchers/page.tsx

https://nextjs.org/docs/messages/module-not-found @ :0
[   55335ms] [ERROR] ./components/screens/owner/vouchers/OwnerVouchersPage.tsx:2:1
Module not found: Can't resolve '@/components/screens/owner/vouchers/OwnerVouchersClientContent'
  1 | import { getVouchersPageData } from "@/app/(main)/vouchers/data"
> 2 | import { OwnerVouchersClientContent } from "@/components/screens/owner/vouchers/OwnerVouchersClientContent"
    | ^^^^^^^^^^^^^^^^^^^^^^^^^^^^^^^^^^^^^^^^^^^^^^^^^^^^^^^^^^^^^^^^^^^^^^^^^^^^^^^^^^^^^^^^^^^^^^^^^^^^^^^^^^^
  3 |
  4 | export type VoucherViewStatus =
  5 |   | "active"

Import map: aliased to relative './components/screens/owner/vouchers/OwnerVouchersClientContent' inside of [project]/

Import trace:
  Server Component:
    ./components/screens/owner/vouchers/OwnerVouchersPage.tsx
    ./app/(main)/vouchers/page.tsx

https://nextjs.org/docs/messages/module-not-found @ :0
[   55395ms] [ERROR] ./components/screens/owner/vouchers/OwnerVouchersPage.tsx:2:1
Module not found: Can't resolve '@/components/screens/owner/vouchers/OwnerVouchersClientContent'
  1 | import { getVouchersPageData } from "@/app/(main)/vouchers/data"
> 2 | import { OwnerVouchersClientContent } from "@/components/screens/owner/vouchers/OwnerVouchersClientContent"
    | ^^^^^^^^^^^^^^^^^^^^^^^^^^^^^^^^^^^^^^^^^^^^^^^^^^^^^^^^^^^^^^^^^^^^^^^^^^^^^^^^^^^^^^^^^^^^^^^^^^^^^^^^^^^
  3 |
  4 | export type VoucherViewStatus =
  5 |   | "active"

Import map: aliased to relative './components/screens/owner/vouchers/OwnerVouchersClientContent' inside of [project]/

Import trace:
  Server Component:
    ./components/screens/owner/vouchers/OwnerVouchersPage.tsx
    ./app/(main)/vouchers/page.tsx

https://nextjs.org/docs/messages/module-not-found @ :0
[   55454ms] [ERROR] ./components/screens/owner/vouchers/OwnerVouchersPage.tsx:2:1
Module not found: Can't resolve '@/components/screens/owner/vouchers/OwnerVouchersClientContent'
  1 | import { getVouchersPageData } from "@/app/(main)/vouchers/data"
> 2 | import { OwnerVouchersClientContent } from "@/components/screens/owner/vouchers/OwnerVouchersClientContent"
    | ^^^^^^^^^^^^^^^^^^^^^^^^^^^^^^^^^^^^^^^^^^^^^^^^^^^^^^^^^^^^^^^^^^^^^^^^^^^^^^^^^^^^^^^^^^^^^^^^^^^^^^^^^^^
  3 |
  4 | export type VoucherViewStatus =
  5 |   | "active"

Import map: aliased to relative './components/screens/owner/vouchers/OwnerVouchersClientContent' inside of [project]/

Import trace:
  Server Component:
    ./components/screens/owner/vouchers/OwnerVouchersPage.tsx
    ./app/(main)/vouchers/page.tsx

https://nextjs.org/docs/messages/module-not-found @ :0
[   55513ms] [ERROR] ./components/screens/owner/vouchers/OwnerVouchersPage.tsx:2:1
Module not found: Can't resolve '@/components/screens/owner/vouchers/OwnerVouchersClientContent'
  1 | import { getVouchersPageData } from "@/app/(main)/vouchers/data"
> 2 | import { OwnerVouchersClientContent } from "@/components/screens/owner/vouchers/OwnerVouchersClientContent"
    | ^^^^^^^^^^^^^^^^^^^^^^^^^^^^^^^^^^^^^^^^^^^^^^^^^^^^^^^^^^^^^^^^^^^^^^^^^^^^^^^^^^^^^^^^^^^^^^^^^^^^^^^^^^^
  3 |
  4 | export type VoucherViewStatus =
  5 |   | "active"

Import map: aliased to relative './components/screens/owner/vouchers/OwnerVouchersClientContent' inside of [project]/

Import trace:
  Server Component:
    ./components/screens/owner/vouchers/OwnerVouchersPage.tsx
    ./app/(main)/vouchers/page.tsx

https://nextjs.org/docs/messages/module-not-found @ :0
[   55574ms] [ERROR] ./components/screens/owner/vouchers/OwnerVouchersPage.tsx:2:1
Module not found: Can't resolve '@/components/screens/owner/vouchers/OwnerVouchersClientContent'
  1 | import { getVouchersPageData } from "@/app/(main)/vouchers/data"
> 2 | import { OwnerVouchersClientContent } from "@/components/screens/owner/vouchers/OwnerVouchersClientContent"
    | ^^^^^^^^^^^^^^^^^^^^^^^^^^^^^^^^^^^^^^^^^^^^^^^^^^^^^^^^^^^^^^^^^^^^^^^^^^^^^^^^^^^^^^^^^^^^^^^^^^^^^^^^^^^
  3 |
  4 | export type VoucherViewStatus =
  5 |   | "active"

Import map: aliased to relative './components/screens/owner/vouchers/OwnerVouchersClientContent' inside of [project]/

Import trace:
  Server Component:
    ./components/screens/owner/vouchers/OwnerVouchersPage.tsx
    ./app/(main)/vouchers/page.tsx

https://nextjs.org/docs/messages/module-not-found @ :0
[   55633ms] [ERROR] ./components/screens/owner/vouchers/OwnerVouchersPage.tsx:2:1
Module not found: Can't resolve '@/components/screens/owner/vouchers/OwnerVouchersClientContent'
  1 | import { getVouchersPageData } from "@/app/(main)/vouchers/data"
> 2 | import { OwnerVouchersClientContent } from "@/components/screens/owner/vouchers/OwnerVouchersClientContent"
    | ^^^^^^^^^^^^^^^^^^^^^^^^^^^^^^^^^^^^^^^^^^^^^^^^^^^^^^^^^^^^^^^^^^^^^^^^^^^^^^^^^^^^^^^^^^^^^^^^^^^^^^^^^^^
  3 |
  4 | export type VoucherViewStatus =
  5 |   | "active"

Import map: aliased to relative './components/screens/owner/vouchers/OwnerVouchersClientContent' inside of [project]/

Import trace:
  Server Component:
    ./components/screens/owner/vouchers/OwnerVouchersPage.tsx
    ./app/(main)/vouchers/page.tsx

https://nextjs.org/docs/messages/module-not-found @ :0
[   55693ms] [ERROR] ./components/screens/owner/vouchers/OwnerVouchersPage.tsx:2:1
Module not found: Can't resolve '@/components/screens/owner/vouchers/OwnerVouchersClientContent'
  1 | import { getVouchersPageData } from "@/app/(main)/vouchers/data"
> 2 | import { OwnerVouchersClientContent } from "@/components/screens/owner/vouchers/OwnerVouchersClientContent"
    | ^^^^^^^^^^^^^^^^^^^^^^^^^^^^^^^^^^^^^^^^^^^^^^^^^^^^^^^^^^^^^^^^^^^^^^^^^^^^^^^^^^^^^^^^^^^^^^^^^^^^^^^^^^^
  3 |
  4 | export type VoucherViewStatus =
  5 |   | "active"

Import map: aliased to relative './components/screens/owner/vouchers/OwnerVouchersClientContent' inside of [project]/

Import trace:
  Server Component:
    ./components/screens/owner/vouchers/OwnerVouchersPage.tsx
    ./app/(main)/vouchers/page.tsx

https://nextjs.org/docs/messages/module-not-found @ :0
[   55754ms] [ERROR] ./components/screens/owner/vouchers/OwnerVouchersPage.tsx:2:1
Module not found: Can't resolve '@/components/screens/owner/vouchers/OwnerVouchersClientContent'
  1 | import { getVouchersPageData } from "@/app/(main)/vouchers/data"
> 2 | import { OwnerVouchersClientContent } from "@/components/screens/owner/vouchers/OwnerVouchersClientContent"
    | ^^^^^^^^^^^^^^^^^^^^^^^^^^^^^^^^^^^^^^^^^^^^^^^^^^^^^^^^^^^^^^^^^^^^^^^^^^^^^^^^^^^^^^^^^^^^^^^^^^^^^^^^^^^
  3 |
  4 | export type VoucherViewStatus =
  5 |   | "active"

Import map: aliased to relative './components/screens/owner/vouchers/OwnerVouchersClientContent' inside of [project]/

Import trace:
  Server Component:
    ./components/screens/owner/vouchers/OwnerVouchersPage.tsx
    ./app/(main)/vouchers/page.tsx

https://nextjs.org/docs/messages/module-not-found @ :0
[   55813ms] [ERROR] ./components/screens/owner/vouchers/OwnerVouchersPage.tsx:2:1
Module not found: Can't resolve '@/components/screens/owner/vouchers/OwnerVouchersClientContent'
  1 | import { getVouchersPageData } from "@/app/(main)/vouchers/data"
> 2 | import { OwnerVouchersClientContent } from "@/components/screens/owner/vouchers/OwnerVouchersClientContent"
    | ^^^^^^^^^^^^^^^^^^^^^^^^^^^^^^^^^^^^^^^^^^^^^^^^^^^^^^^^^^^^^^^^^^^^^^^^^^^^^^^^^^^^^^^^^^^^^^^^^^^^^^^^^^^
  3 |
  4 | export type VoucherViewStatus =
  5 |   | "active"

Import map: aliased to relative './components/screens/owner/vouchers/OwnerVouchersClientContent' inside of [project]/

Import trace:
  Server Component:
    ./components/screens/owner/vouchers/OwnerVouchersPage.tsx
    ./app/(main)/vouchers/page.tsx

https://nextjs.org/docs/messages/module-not-found @ :0
[   55872ms] [ERROR] ./components/screens/owner/vouchers/OwnerVouchersPage.tsx:2:1
Module not found: Can't resolve '@/components/screens/owner/vouchers/OwnerVouchersClientContent'
  1 | import { getVouchersPageData } from "@/app/(main)/vouchers/data"
> 2 | import { OwnerVouchersClientContent } from "@/components/screens/owner/vouchers/OwnerVouchersClientContent"
    | ^^^^^^^^^^^^^^^^^^^^^^^^^^^^^^^^^^^^^^^^^^^^^^^^^^^^^^^^^^^^^^^^^^^^^^^^^^^^^^^^^^^^^^^^^^^^^^^^^^^^^^^^^^^
  3 |
  4 | export type VoucherViewStatus =
  5 |   | "active"

Import map: aliased to relative './components/screens/owner/vouchers/OwnerVouchersClientContent' inside of [project]/

Import trace:
  Server Component:
    ./components/screens/owner/vouchers/OwnerVouchersPage.tsx
    ./app/(main)/vouchers/page.tsx

https://nextjs.org/docs/messages/module-not-found @ :0
[   55930ms] [ERROR] ./components/screens/owner/vouchers/OwnerVouchersPage.tsx:2:1
Module not found: Can't resolve '@/components/screens/owner/vouchers/OwnerVouchersClientContent'
  1 | import { getVouchersPageData } from "@/app/(main)/vouchers/data"
> 2 | import { OwnerVouchersClientContent } from "@/components/screens/owner/vouchers/OwnerVouchersClientContent"
    | ^^^^^^^^^^^^^^^^^^^^^^^^^^^^^^^^^^^^^^^^^^^^^^^^^^^^^^^^^^^^^^^^^^^^^^^^^^^^^^^^^^^^^^^^^^^^^^^^^^^^^^^^^^^
  3 |
  4 | export type VoucherViewStatus =
  5 |   | "active"

Import map: aliased to relative './components/screens/owner/vouchers/OwnerVouchersClientContent' inside of [project]/

Import trace:
  Server Component:
    ./components/screens/owner/vouchers/OwnerVouchersPage.tsx
    ./app/(main)/vouchers/page.tsx

https://nextjs.org/docs/messages/module-not-found @ :0
[   55991ms] [ERROR] ./components/screens/owner/vouchers/OwnerVouchersPage.tsx:2:1
Module not found: Can't resolve '@/components/screens/owner/vouchers/OwnerVouchersClientContent'
  1 | import { getVouchersPageData } from "@/app/(main)/vouchers/data"
> 2 | import { OwnerVouchersClientContent } from "@/components/screens/owner/vouchers/OwnerVouchersClientContent"
    | ^^^^^^^^^^^^^^^^^^^^^^^^^^^^^^^^^^^^^^^^^^^^^^^^^^^^^^^^^^^^^^^^^^^^^^^^^^^^^^^^^^^^^^^^^^^^^^^^^^^^^^^^^^^
  3 |
  4 | export type VoucherViewStatus =
  5 |   | "active"

Import map: aliased to relative './components/screens/owner/vouchers/OwnerVouchersClientContent' inside of [project]/

Import trace:
  Server Component:
    ./components/screens/owner/vouchers/OwnerVouchersPage.tsx
    ./app/(main)/vouchers/page.tsx

https://nextjs.org/docs/messages/module-not-found @ :0
[   56051ms] [ERROR] ./components/screens/owner/vouchers/OwnerVouchersPage.tsx:2:1
Module not found: Can't resolve '@/components/screens/owner/vouchers/OwnerVouchersClientContent'
  1 | import { getVouchersPageData } from "@/app/(main)/vouchers/data"
> 2 | import { OwnerVouchersClientContent } from "@/components/screens/owner/vouchers/OwnerVouchersClientContent"
    | ^^^^^^^^^^^^^^^^^^^^^^^^^^^^^^^^^^^^^^^^^^^^^^^^^^^^^^^^^^^^^^^^^^^^^^^^^^^^^^^^^^^^^^^^^^^^^^^^^^^^^^^^^^^
  3 |
  4 | export type VoucherViewStatus =
  5 |   | "active"

Import map: aliased to relative './components/screens/owner/vouchers/OwnerVouchersClientContent' inside of [project]/

Import trace:
  Server Component:
    ./components/screens/owner/vouchers/OwnerVouchersPage.tsx
    ./app/(main)/vouchers/page.tsx

https://nextjs.org/docs/messages/module-not-found @ :0
[   56109ms] [ERROR] ./components/screens/owner/vouchers/OwnerVouchersPage.tsx:2:1
Module not found: Can't resolve '@/components/screens/owner/vouchers/OwnerVouchersClientContent'
  1 | import { getVouchersPageData } from "@/app/(main)/vouchers/data"
> 2 | import { OwnerVouchersClientContent } from "@/components/screens/owner/vouchers/OwnerVouchersClientContent"
    | ^^^^^^^^^^^^^^^^^^^^^^^^^^^^^^^^^^^^^^^^^^^^^^^^^^^^^^^^^^^^^^^^^^^^^^^^^^^^^^^^^^^^^^^^^^^^^^^^^^^^^^^^^^^
  3 |
  4 | export type VoucherViewStatus =
  5 |   | "active"

Import map: aliased to relative './components/screens/owner/vouchers/OwnerVouchersClientContent' inside of [project]/

Import trace:
  Server Component:
    ./components/screens/owner/vouchers/OwnerVouchersPage.tsx
    ./app/(main)/vouchers/page.tsx

https://nextjs.org/docs/messages/module-not-found @ :0
[   56169ms] [ERROR] ./components/screens/owner/vouchers/OwnerVouchersPage.tsx:2:1
Module not found: Can't resolve '@/components/screens/owner/vouchers/OwnerVouchersClientContent'
  1 | import { getVouchersPageData } from "@/app/(main)/vouchers/data"
> 2 | import { OwnerVouchersClientContent } from "@/components/screens/owner/vouchers/OwnerVouchersClientContent"
    | ^^^^^^^^^^^^^^^^^^^^^^^^^^^^^^^^^^^^^^^^^^^^^^^^^^^^^^^^^^^^^^^^^^^^^^^^^^^^^^^^^^^^^^^^^^^^^^^^^^^^^^^^^^^
  3 |
  4 | export type VoucherViewStatus =
  5 |   | "active"

Import map: aliased to relative './components/screens/owner/vouchers/OwnerVouchersClientContent' inside of [project]/

Import trace:
  Server Component:
    ./components/screens/owner/vouchers/OwnerVouchersPage.tsx
    ./app/(main)/vouchers/page.tsx

https://nextjs.org/docs/messages/module-not-found @ :0
[   56229ms] [ERROR] ./components/screens/owner/vouchers/OwnerVouchersPage.tsx:2:1
Module not found: Can't resolve '@/components/screens/owner/vouchers/OwnerVouchersClientContent'
  1 | import { getVouchersPageData } from "@/app/(main)/vouchers/data"
> 2 | import { OwnerVouchersClientContent } from "@/components/screens/owner/vouchers/OwnerVouchersClientContent"
    | ^^^^^^^^^^^^^^^^^^^^^^^^^^^^^^^^^^^^^^^^^^^^^^^^^^^^^^^^^^^^^^^^^^^^^^^^^^^^^^^^^^^^^^^^^^^^^^^^^^^^^^^^^^^
  3 |
  4 | export type VoucherViewStatus =
  5 |   | "active"

Import map: aliased to relative './components/screens/owner/vouchers/OwnerVouchersClientContent' inside of [project]/

Import trace:
  Server Component:
    ./components/screens/owner/vouchers/OwnerVouchersPage.tsx
    ./app/(main)/vouchers/page.tsx

https://nextjs.org/docs/messages/module-not-found @ :0
[   56291ms] [ERROR] ./components/screens/owner/vouchers/OwnerVouchersPage.tsx:2:1
Module not found: Can't resolve '@/components/screens/owner/vouchers/OwnerVouchersClientContent'
  1 | import { getVouchersPageData } from "@/app/(main)/vouchers/data"
> 2 | import { OwnerVouchersClientContent } from "@/components/screens/owner/vouchers/OwnerVouchersClientContent"
    | ^^^^^^^^^^^^^^^^^^^^^^^^^^^^^^^^^^^^^^^^^^^^^^^^^^^^^^^^^^^^^^^^^^^^^^^^^^^^^^^^^^^^^^^^^^^^^^^^^^^^^^^^^^^
  3 |
  4 | export type VoucherViewStatus =
  5 |   | "active"

Import map: aliased to relative './components/screens/owner/vouchers/OwnerVouchersClientContent' inside of [project]/

Import trace:
  Server Component:
    ./components/screens/owner/vouchers/OwnerVouchersPage.tsx
    ./app/(main)/vouchers/page.tsx

https://nextjs.org/docs/messages/module-not-found @ :0
[   56350ms] [ERROR] ./components/screens/owner/vouchers/OwnerVouchersPage.tsx:2:1
Module not found: Can't resolve '@/components/screens/owner/vouchers/OwnerVouchersClientContent'
  1 | import { getVouchersPageData } from "@/app/(main)/vouchers/data"
> 2 | import { OwnerVouchersClientContent } from "@/components/screens/owner/vouchers/OwnerVouchersClientContent"
    | ^^^^^^^^^^^^^^^^^^^^^^^^^^^^^^^^^^^^^^^^^^^^^^^^^^^^^^^^^^^^^^^^^^^^^^^^^^^^^^^^^^^^^^^^^^^^^^^^^^^^^^^^^^^
  3 |
  4 | export type VoucherViewStatus =
  5 |   | "active"

Import map: aliased to relative './components/screens/owner/vouchers/OwnerVouchersClientContent' inside of [project]/

Import trace:
  Server Component:
    ./components/screens/owner/vouchers/OwnerVouchersPage.tsx
    ./app/(main)/vouchers/page.tsx

https://nextjs.org/docs/messages/module-not-found @ :0
[   56409ms] [ERROR] ./components/screens/owner/vouchers/OwnerVouchersPage.tsx:2:1
Module not found: Can't resolve '@/components/screens/owner/vouchers/OwnerVouchersClientContent'
  1 | import { getVouchersPageData } from "@/app/(main)/vouchers/data"
> 2 | import { OwnerVouchersClientContent } from "@/components/screens/owner/vouchers/OwnerVouchersClientContent"
    | ^^^^^^^^^^^^^^^^^^^^^^^^^^^^^^^^^^^^^^^^^^^^^^^^^^^^^^^^^^^^^^^^^^^^^^^^^^^^^^^^^^^^^^^^^^^^^^^^^^^^^^^^^^^
  3 |
  4 | export type VoucherViewStatus =
  5 |   | "active"

Import map: aliased to relative './components/screens/owner/vouchers/OwnerVouchersClientContent' inside of [project]/

Import trace:
  Server Component:
    ./components/screens/owner/vouchers/OwnerVouchersPage.tsx
    ./app/(main)/vouchers/page.tsx

https://nextjs.org/docs/messages/module-not-found @ :0
[   56469ms] [ERROR] ./components/screens/owner/vouchers/OwnerVouchersPage.tsx:2:1
Module not found: Can't resolve '@/components/screens/owner/vouchers/OwnerVouchersClientContent'
  1 | import { getVouchersPageData } from "@/app/(main)/vouchers/data"
> 2 | import { OwnerVouchersClientContent } from "@/components/screens/owner/vouchers/OwnerVouchersClientContent"
    | ^^^^^^^^^^^^^^^^^^^^^^^^^^^^^^^^^^^^^^^^^^^^^^^^^^^^^^^^^^^^^^^^^^^^^^^^^^^^^^^^^^^^^^^^^^^^^^^^^^^^^^^^^^^
  3 |
  4 | export type VoucherViewStatus =
  5 |   | "active"

Import map: aliased to relative './components/screens/owner/vouchers/OwnerVouchersClientContent' inside of [project]/

Import trace:
  Server Component:
    ./components/screens/owner/vouchers/OwnerVouchersPage.tsx
    ./app/(main)/vouchers/page.tsx

https://nextjs.org/docs/messages/module-not-found @ :0
[   56528ms] [ERROR] ./components/screens/owner/vouchers/OwnerVouchersPage.tsx:2:1
Module not found: Can't resolve '@/components/screens/owner/vouchers/OwnerVouchersClientContent'
  1 | import { getVouchersPageData } from "@/app/(main)/vouchers/data"
> 2 | import { OwnerVouchersClientContent } from "@/components/screens/owner/vouchers/OwnerVouchersClientContent"
    | ^^^^^^^^^^^^^^^^^^^^^^^^^^^^^^^^^^^^^^^^^^^^^^^^^^^^^^^^^^^^^^^^^^^^^^^^^^^^^^^^^^^^^^^^^^^^^^^^^^^^^^^^^^^
  3 |
  4 | export type VoucherViewStatus =
  5 |   | "active"

Import map: aliased to relative './components/screens/owner/vouchers/OwnerVouchersClientContent' inside of [project]/

Import trace:
  Server Component:
    ./components/screens/owner/vouchers/OwnerVouchersPage.tsx
    ./app/(main)/vouchers/page.tsx

https://nextjs.org/docs/messages/module-not-found @ :0
[   56587ms] [ERROR] ./components/screens/owner/vouchers/OwnerVouchersPage.tsx:2:1
Module not found: Can't resolve '@/components/screens/owner/vouchers/OwnerVouchersClientContent'
  1 | import { getVouchersPageData } from "@/app/(main)/vouchers/data"
> 2 | import { OwnerVouchersClientContent } from "@/components/screens/owner/vouchers/OwnerVouchersClientContent"
    | ^^^^^^^^^^^^^^^^^^^^^^^^^^^^^^^^^^^^^^^^^^^^^^^^^^^^^^^^^^^^^^^^^^^^^^^^^^^^^^^^^^^^^^^^^^^^^^^^^^^^^^^^^^^
  3 |
  4 | export type VoucherViewStatus =
  5 |   | "active"

Import map: aliased to relative './components/screens/owner/vouchers/OwnerVouchersClientContent' inside of [project]/

Import trace:
  Server Component:
    ./components/screens/owner/vouchers/OwnerVouchersPage.tsx
    ./app/(main)/vouchers/page.tsx

https://nextjs.org/docs/messages/module-not-found @ :0
[   56646ms] [ERROR] ./components/screens/owner/vouchers/OwnerVouchersPage.tsx:2:1
Module not found: Can't resolve '@/components/screens/owner/vouchers/OwnerVouchersClientContent'
  1 | import { getVouchersPageData } from "@/app/(main)/vouchers/data"
> 2 | import { OwnerVouchersClientContent } from "@/components/screens/owner/vouchers/OwnerVouchersClientContent"
    | ^^^^^^^^^^^^^^^^^^^^^^^^^^^^^^^^^^^^^^^^^^^^^^^^^^^^^^^^^^^^^^^^^^^^^^^^^^^^^^^^^^^^^^^^^^^^^^^^^^^^^^^^^^^
  3 |
  4 | export type VoucherViewStatus =
  5 |   | "active"

Import map: aliased to relative './components/screens/owner/vouchers/OwnerVouchersClientContent' inside of [project]/

Import trace:
  Server Component:
    ./components/screens/owner/vouchers/OwnerVouchersPage.tsx
    ./app/(main)/vouchers/page.tsx

https://nextjs.org/docs/messages/module-not-found @ :0
[   56707ms] [ERROR] ./components/screens/owner/vouchers/OwnerVouchersPage.tsx:2:1
Module not found: Can't resolve '@/components/screens/owner/vouchers/OwnerVouchersClientContent'
  1 | import { getVouchersPageData } from "@/app/(main)/vouchers/data"
> 2 | import { OwnerVouchersClientContent } from "@/components/screens/owner/vouchers/OwnerVouchersClientContent"
    | ^^^^^^^^^^^^^^^^^^^^^^^^^^^^^^^^^^^^^^^^^^^^^^^^^^^^^^^^^^^^^^^^^^^^^^^^^^^^^^^^^^^^^^^^^^^^^^^^^^^^^^^^^^^
  3 |
  4 | export type VoucherViewStatus =
  5 |   | "active"

Import map: aliased to relative './components/screens/owner/vouchers/OwnerVouchersClientContent' inside of [project]/

Import trace:
  Server Component:
    ./components/screens/owner/vouchers/OwnerVouchersPage.tsx
    ./app/(main)/vouchers/page.tsx

https://nextjs.org/docs/messages/module-not-found @ :0
[   56767ms] [ERROR] ./components/screens/owner/vouchers/OwnerVouchersPage.tsx:2:1
Module not found: Can't resolve '@/components/screens/owner/vouchers/OwnerVouchersClientContent'
  1 | import { getVouchersPageData } from "@/app/(main)/vouchers/data"
> 2 | import { OwnerVouchersClientContent } from "@/components/screens/owner/vouchers/OwnerVouchersClientContent"
    | ^^^^^^^^^^^^^^^^^^^^^^^^^^^^^^^^^^^^^^^^^^^^^^^^^^^^^^^^^^^^^^^^^^^^^^^^^^^^^^^^^^^^^^^^^^^^^^^^^^^^^^^^^^^
  3 |
  4 | export type VoucherViewStatus =
  5 |   | "active"

Import map: aliased to relative './components/screens/owner/vouchers/OwnerVouchersClientContent' inside of [project]/

Import trace:
  Server Component:
    ./components/screens/owner/vouchers/OwnerVouchersPage.tsx
    ./app/(main)/vouchers/page.tsx

https://nextjs.org/docs/messages/module-not-found @ :0
[   56826ms] [ERROR] ./components/screens/owner/vouchers/OwnerVouchersPage.tsx:2:1
Module not found: Can't resolve '@/components/screens/owner/vouchers/OwnerVouchersClientContent'
  1 | import { getVouchersPageData } from "@/app/(main)/vouchers/data"
> 2 | import { OwnerVouchersClientContent } from "@/components/screens/owner/vouchers/OwnerVouchersClientContent"
    | ^^^^^^^^^^^^^^^^^^^^^^^^^^^^^^^^^^^^^^^^^^^^^^^^^^^^^^^^^^^^^^^^^^^^^^^^^^^^^^^^^^^^^^^^^^^^^^^^^^^^^^^^^^^
  3 |
  4 | export type VoucherViewStatus =
  5 |   | "active"

Import map: aliased to relative './components/screens/owner/vouchers/OwnerVouchersClientContent' inside of [project]/

Import trace:
  Server Component:
    ./components/screens/owner/vouchers/OwnerVouchersPage.tsx
    ./app/(main)/vouchers/page.tsx

https://nextjs.org/docs/messages/module-not-found @ :0
[   56883ms] [ERROR] ./components/screens/owner/vouchers/OwnerVouchersPage.tsx:2:1
Module not found: Can't resolve '@/components/screens/owner/vouchers/OwnerVouchersClientContent'
  1 | import { getVouchersPageData } from "@/app/(main)/vouchers/data"
> 2 | import { OwnerVouchersClientContent } from "@/components/screens/owner/vouchers/OwnerVouchersClientContent"
    | ^^^^^^^^^^^^^^^^^^^^^^^^^^^^^^^^^^^^^^^^^^^^^^^^^^^^^^^^^^^^^^^^^^^^^^^^^^^^^^^^^^^^^^^^^^^^^^^^^^^^^^^^^^^
  3 |
  4 | export type VoucherViewStatus =
  5 |   | "active"

Import map: aliased to relative './components/screens/owner/vouchers/OwnerVouchersClientContent' inside of [project]/

Import trace:
  Server Component:
    ./components/screens/owner/vouchers/OwnerVouchersPage.tsx
    ./app/(main)/vouchers/page.tsx

https://nextjs.org/docs/messages/module-not-found @ :0
[   56940ms] [ERROR] ./components/screens/owner/vouchers/OwnerVouchersPage.tsx:2:1
Module not found: Can't resolve '@/components/screens/owner/vouchers/OwnerVouchersClientContent'
  1 | import { getVouchersPageData } from "@/app/(main)/vouchers/data"
> 2 | import { OwnerVouchersClientContent } from "@/components/screens/owner/vouchers/OwnerVouchersClientContent"
    | ^^^^^^^^^^^^^^^^^^^^^^^^^^^^^^^^^^^^^^^^^^^^^^^^^^^^^^^^^^^^^^^^^^^^^^^^^^^^^^^^^^^^^^^^^^^^^^^^^^^^^^^^^^^
  3 |
  4 | export type VoucherViewStatus =
  5 |   | "active"

Import map: aliased to relative './components/screens/owner/vouchers/OwnerVouchersClientContent' inside of [project]/

Import trace:
  Server Component:
    ./components/screens/owner/vouchers/OwnerVouchersPage.tsx
    ./app/(main)/vouchers/page.tsx

https://nextjs.org/docs/messages/module-not-found @ :0
[   57024ms] [ERROR] ./components/screens/owner/vouchers/OwnerVouchersPage.tsx:2:1
Module not found: Can't resolve '@/components/screens/owner/vouchers/OwnerVouchersClientContent'
  1 | import { getVouchersPageData } from "@/app/(main)/vouchers/data"
> 2 | import { OwnerVouchersClientContent } from "@/components/screens/owner/vouchers/OwnerVouchersClientContent"
    | ^^^^^^^^^^^^^^^^^^^^^^^^^^^^^^^^^^^^^^^^^^^^^^^^^^^^^^^^^^^^^^^^^^^^^^^^^^^^^^^^^^^^^^^^^^^^^^^^^^^^^^^^^^^
  3 |
  4 | export type VoucherViewStatus =
  5 |   | "active"

Import map: aliased to relative './components/screens/owner/vouchers/OwnerVouchersClientContent' inside of [project]/

Import trace:
  Server Component:
    ./components/screens/owner/vouchers/OwnerVouchersPage.tsx
    ./app/(main)/vouchers/page.tsx

https://nextjs.org/docs/messages/module-not-found @ :0
[   57048ms] [LOG] [Fast Refresh] rebuilding @ http://localhost:3000/_next/static/chunks/node_modules_next_dist_f3530cac._.js:2307
[   57081ms] [ERROR] ./components/screens/owner/vouchers/OwnerVouchersPage.tsx:2:1
Module not found: Can't resolve '@/components/screens/owner/vouchers/OwnerVouchersClientContent'
  1 | import { getVouchersPageData } from "@/app/(main)/vouchers/data"
> 2 | import { OwnerVouchersClientContent } from "@/components/screens/owner/vouchers/OwnerVouchersClientContent"
    | ^^^^^^^^^^^^^^^^^^^^^^^^^^^^^^^^^^^^^^^^^^^^^^^^^^^^^^^^^^^^^^^^^^^^^^^^^^^^^^^^^^^^^^^^^^^^^^^^^^^^^^^^^^^
  3 |
  4 | export type VoucherViewStatus =
  5 |   | "active"

Import map: aliased to relative './components/screens/owner/vouchers/OwnerVouchersClientContent' inside of [project]/

Import trace:
  Server Component:
    ./components/screens/owner/vouchers/OwnerVouchersPage.tsx
    ./app/(main)/vouchers/page.tsx

https://nextjs.org/docs/messages/module-not-found @ :0
[   57173ms] [ERROR] ./components/screens/owner/vouchers/OwnerVouchersPage.tsx:2:1
Module not found: Can't resolve '@/components/screens/owner/vouchers/OwnerVouchersClientContent'
  1 | import { getVouchersPageData } from "@/app/(main)/vouchers/data"
> 2 | import { OwnerVouchersClientContent } from "@/components/screens/owner/vouchers/OwnerVouchersClientContent"
    | ^^^^^^^^^^^^^^^^^^^^^^^^^^^^^^^^^^^^^^^^^^^^^^^^^^^^^^^^^^^^^^^^^^^^^^^^^^^^^^^^^^^^^^^^^^^^^^^^^^^^^^^^^^^
  3 |
  4 | export type VoucherViewStatus =
  5 |   | "active"

Import map: aliased to relative './components/screens/owner/vouchers/OwnerVouchersClientContent' inside of [project]/

Import trace:
  Server Component:
    ./components/screens/owner/vouchers/OwnerVouchersPage.tsx
    ./app/(main)/vouchers/page.tsx

https://nextjs.org/docs/messages/module-not-found @ :0
[   57230ms] [ERROR] ./components/screens/owner/vouchers/OwnerVouchersPage.tsx:2:1
Module not found: Can't resolve '@/components/screens/owner/vouchers/OwnerVouchersClientContent'
  1 | import { getVouchersPageData } from "@/app/(main)/vouchers/data"
> 2 | import { OwnerVouchersClientContent } from "@/components/screens/owner/vouchers/OwnerVouchersClientContent"
    | ^^^^^^^^^^^^^^^^^^^^^^^^^^^^^^^^^^^^^^^^^^^^^^^^^^^^^^^^^^^^^^^^^^^^^^^^^^^^^^^^^^^^^^^^^^^^^^^^^^^^^^^^^^^
  3 |
  4 | export type VoucherViewStatus =
  5 |   | "active"

Import map: aliased to relative './components/screens/owner/vouchers/OwnerVouchersClientContent' inside of [project]/

Import trace:
  Server Component:
    ./components/screens/owner/vouchers/OwnerVouchersPage.tsx
    ./app/(main)/vouchers/page.tsx

https://nextjs.org/docs/messages/module-not-found @ :0
[   57290ms] [ERROR] ./components/screens/owner/vouchers/OwnerVouchersPage.tsx:2:1
Module not found: Can't resolve '@/components/screens/owner/vouchers/OwnerVouchersClientContent'
  1 | import { getVouchersPageData } from "@/app/(main)/vouchers/data"
> 2 | import { OwnerVouchersClientContent } from "@/components/screens/owner/vouchers/OwnerVouchersClientContent"
    | ^^^^^^^^^^^^^^^^^^^^^^^^^^^^^^^^^^^^^^^^^^^^^^^^^^^^^^^^^^^^^^^^^^^^^^^^^^^^^^^^^^^^^^^^^^^^^^^^^^^^^^^^^^^
  3 |
  4 | export type VoucherViewStatus =
  5 |   | "active"

Import map: aliased to relative './components/screens/owner/vouchers/OwnerVouchersClientContent' inside of [project]/

Import trace:
  Server Component:
    ./components/screens/owner/vouchers/OwnerVouchersPage.tsx
    ./app/(main)/vouchers/page.tsx

https://nextjs.org/docs/messages/module-not-found @ :0
[   57348ms] [ERROR] ./components/screens/owner/vouchers/OwnerVouchersPage.tsx:2:1
Module not found: Can't resolve '@/components/screens/owner/vouchers/OwnerVouchersClientContent'
  1 | import { getVouchersPageData } from "@/app/(main)/vouchers/data"
> 2 | import { OwnerVouchersClientContent } from "@/components/screens/owner/vouchers/OwnerVouchersClientContent"
    | ^^^^^^^^^^^^^^^^^^^^^^^^^^^^^^^^^^^^^^^^^^^^^^^^^^^^^^^^^^^^^^^^^^^^^^^^^^^^^^^^^^^^^^^^^^^^^^^^^^^^^^^^^^^
  3 |
  4 | export type VoucherViewStatus =
  5 |   | "active"

Import map: aliased to relative './components/screens/owner/vouchers/OwnerVouchersClientContent' inside of [project]/

Import trace:
  Server Component:
    ./components/screens/owner/vouchers/OwnerVouchersPage.tsx
    ./app/(main)/vouchers/page.tsx

https://nextjs.org/docs/messages/module-not-found @ :0
[   57409ms] [ERROR] ./components/screens/owner/vouchers/OwnerVouchersPage.tsx:2:1
Module not found: Can't resolve '@/components/screens/owner/vouchers/OwnerVouchersClientContent'
  1 | import { getVouchersPageData } from "@/app/(main)/vouchers/data"
> 2 | import { OwnerVouchersClientContent } from "@/components/screens/owner/vouchers/OwnerVouchersClientContent"
    | ^^^^^^^^^^^^^^^^^^^^^^^^^^^^^^^^^^^^^^^^^^^^^^^^^^^^^^^^^^^^^^^^^^^^^^^^^^^^^^^^^^^^^^^^^^^^^^^^^^^^^^^^^^^
  3 |
  4 | export type VoucherViewStatus =
  5 |   | "active"

Import map: aliased to relative './components/screens/owner/vouchers/OwnerVouchersClientContent' inside of [project]/

Import trace:
  Server Component:
    ./components/screens/owner/vouchers/OwnerVouchersPage.tsx
    ./app/(main)/vouchers/page.tsx

https://nextjs.org/docs/messages/module-not-found @ :0
[   57472ms] [ERROR] ./components/screens/owner/vouchers/OwnerVouchersPage.tsx:2:1
Module not found: Can't resolve '@/components/screens/owner/vouchers/OwnerVouchersClientContent'
  1 | import { getVouchersPageData } from "@/app/(main)/vouchers/data"
> 2 | import { OwnerVouchersClientContent } from "@/components/screens/owner/vouchers/OwnerVouchersClientContent"
    | ^^^^^^^^^^^^^^^^^^^^^^^^^^^^^^^^^^^^^^^^^^^^^^^^^^^^^^^^^^^^^^^^^^^^^^^^^^^^^^^^^^^^^^^^^^^^^^^^^^^^^^^^^^^
  3 |
  4 | export type VoucherViewStatus =
  5 |   | "active"

Import map: aliased to relative './components/screens/owner/vouchers/OwnerVouchersClientContent' inside of [project]/

Import trace:
  Server Component:
    ./components/screens/owner/vouchers/OwnerVouchersPage.tsx
    ./app/(main)/vouchers/page.tsx

https://nextjs.org/docs/messages/module-not-found @ :0
[   57531ms] [ERROR] ./components/screens/owner/vouchers/OwnerVouchersPage.tsx:2:1
Module not found: Can't resolve '@/components/screens/owner/vouchers/OwnerVouchersClientContent'
  1 | import { getVouchersPageData } from "@/app/(main)/vouchers/data"
> 2 | import { OwnerVouchersClientContent } from "@/components/screens/owner/vouchers/OwnerVouchersClientContent"
    | ^^^^^^^^^^^^^^^^^^^^^^^^^^^^^^^^^^^^^^^^^^^^^^^^^^^^^^^^^^^^^^^^^^^^^^^^^^^^^^^^^^^^^^^^^^^^^^^^^^^^^^^^^^^
  3 |
  4 | export type VoucherViewStatus =
  5 |   | "active"

Import map: aliased to relative './components/screens/owner/vouchers/OwnerVouchersClientContent' inside of [project]/

Import trace:
  Server Component:
    ./components/screens/owner/vouchers/OwnerVouchersPage.tsx
    ./app/(main)/vouchers/page.tsx

https://nextjs.org/docs/messages/module-not-found @ :0
[   57590ms] [ERROR] ./components/screens/owner/vouchers/OwnerVouchersPage.tsx:2:1
Module not found: Can't resolve '@/components/screens/owner/vouchers/OwnerVouchersClientContent'
  1 | import { getVouchersPageData } from "@/app/(main)/vouchers/data"
> 2 | import { OwnerVouchersClientContent } from "@/components/screens/owner/vouchers/OwnerVouchersClientContent"
    | ^^^^^^^^^^^^^^^^^^^^^^^^^^^^^^^^^^^^^^^^^^^^^^^^^^^^^^^^^^^^^^^^^^^^^^^^^^^^^^^^^^^^^^^^^^^^^^^^^^^^^^^^^^^
  3 |
  4 | export type VoucherViewStatus =
  5 |   | "active"

Import map: aliased to relative './components/screens/owner/vouchers/OwnerVouchersClientContent' inside of [project]/

Import trace:
  Server Component:
    ./components/screens/owner/vouchers/OwnerVouchersPage.tsx
    ./app/(main)/vouchers/page.tsx

https://nextjs.org/docs/messages/module-not-found @ :0
[   57650ms] [ERROR] ./components/screens/owner/vouchers/OwnerVouchersPage.tsx:2:1
Module not found: Can't resolve '@/components/screens/owner/vouchers/OwnerVouchersClientContent'
  1 | import { getVouchersPageData } from "@/app/(main)/vouchers/data"
> 2 | import { OwnerVouchersClientContent } from "@/components/screens/owner/vouchers/OwnerVouchersClientContent"
    | ^^^^^^^^^^^^^^^^^^^^^^^^^^^^^^^^^^^^^^^^^^^^^^^^^^^^^^^^^^^^^^^^^^^^^^^^^^^^^^^^^^^^^^^^^^^^^^^^^^^^^^^^^^^
  3 |
  4 | export type VoucherViewStatus =
  5 |   | "active"

Import map: aliased to relative './components/screens/owner/vouchers/OwnerVouchersClientContent' inside of [project]/

Import trace:
  Server Component:
    ./components/screens/owner/vouchers/OwnerVouchersPage.tsx
    ./app/(main)/vouchers/page.tsx

https://nextjs.org/docs/messages/module-not-found @ :0
[   57709ms] [ERROR] ./components/screens/owner/vouchers/OwnerVouchersPage.tsx:2:1
Module not found: Can't resolve '@/components/screens/owner/vouchers/OwnerVouchersClientContent'
  1 | import { getVouchersPageData } from "@/app/(main)/vouchers/data"
> 2 | import { OwnerVouchersClientContent } from "@/components/screens/owner/vouchers/OwnerVouchersClientContent"
    | ^^^^^^^^^^^^^^^^^^^^^^^^^^^^^^^^^^^^^^^^^^^^^^^^^^^^^^^^^^^^^^^^^^^^^^^^^^^^^^^^^^^^^^^^^^^^^^^^^^^^^^^^^^^
  3 |
  4 | export type VoucherViewStatus =
  5 |   | "active"

Import map: aliased to relative './components/screens/owner/vouchers/OwnerVouchersClientContent' inside of [project]/

Import trace:
  Server Component:
    ./components/screens/owner/vouchers/OwnerVouchersPage.tsx
    ./app/(main)/vouchers/page.tsx

https://nextjs.org/docs/messages/module-not-found @ :0
[   57770ms] [ERROR] ./components/screens/owner/vouchers/OwnerVouchersPage.tsx:2:1
Module not found: Can't resolve '@/components/screens/owner/vouchers/OwnerVouchersClientContent'
  1 | import { getVouchersPageData } from "@/app/(main)/vouchers/data"
> 2 | import { OwnerVouchersClientContent } from "@/components/screens/owner/vouchers/OwnerVouchersClientContent"
    | ^^^^^^^^^^^^^^^^^^^^^^^^^^^^^^^^^^^^^^^^^^^^^^^^^^^^^^^^^^^^^^^^^^^^^^^^^^^^^^^^^^^^^^^^^^^^^^^^^^^^^^^^^^^
  3 |
  4 | export type VoucherViewStatus =
  5 |   | "active"

Import map: aliased to relative './components/screens/owner/vouchers/OwnerVouchersClientContent' inside of [project]/

Import trace:
  Server Component:
    ./components/screens/owner/vouchers/OwnerVouchersPage.tsx
    ./app/(main)/vouchers/page.tsx

https://nextjs.org/docs/messages/module-not-found @ :0
[   57830ms] [ERROR] ./components/screens/owner/vouchers/OwnerVouchersPage.tsx:2:1
Module not found: Can't resolve '@/components/screens/owner/vouchers/OwnerVouchersClientContent'
  1 | import { getVouchersPageData } from "@/app/(main)/vouchers/data"
> 2 | import { OwnerVouchersClientContent } from "@/components/screens/owner/vouchers/OwnerVouchersClientContent"
    | ^^^^^^^^^^^^^^^^^^^^^^^^^^^^^^^^^^^^^^^^^^^^^^^^^^^^^^^^^^^^^^^^^^^^^^^^^^^^^^^^^^^^^^^^^^^^^^^^^^^^^^^^^^^
  3 |
  4 | export type VoucherViewStatus =
  5 |   | "active"

Import map: aliased to relative './components/screens/owner/vouchers/OwnerVouchersClientContent' inside of [project]/

Import trace:
  Server Component:
    ./components/screens/owner/vouchers/OwnerVouchersPage.tsx
    ./app/(main)/vouchers/page.tsx

https://nextjs.org/docs/messages/module-not-found @ :0
[   57891ms] [ERROR] ./components/screens/owner/vouchers/OwnerVouchersPage.tsx:2:1
Module not found: Can't resolve '@/components/screens/owner/vouchers/OwnerVouchersClientContent'
  1 | import { getVouchersPageData } from "@/app/(main)/vouchers/data"
> 2 | import { OwnerVouchersClientContent } from "@/components/screens/owner/vouchers/OwnerVouchersClientContent"
    | ^^^^^^^^^^^^^^^^^^^^^^^^^^^^^^^^^^^^^^^^^^^^^^^^^^^^^^^^^^^^^^^^^^^^^^^^^^^^^^^^^^^^^^^^^^^^^^^^^^^^^^^^^^^
  3 |
  4 | export type VoucherViewStatus =
  5 |   | "active"

Import map: aliased to relative './components/screens/owner/vouchers/OwnerVouchersClientContent' inside of [project]/

Import trace:
  Server Component:
    ./components/screens/owner/vouchers/OwnerVouchersPage.tsx
    ./app/(main)/vouchers/page.tsx

https://nextjs.org/docs/messages/module-not-found @ :0
[   57952ms] [ERROR] ./components/screens/owner/vouchers/OwnerVouchersPage.tsx:2:1
Module not found: Can't resolve '@/components/screens/owner/vouchers/OwnerVouchersClientContent'
  1 | import { getVouchersPageData } from "@/app/(main)/vouchers/data"
> 2 | import { OwnerVouchersClientContent } from "@/components/screens/owner/vouchers/OwnerVouchersClientContent"
    | ^^^^^^^^^^^^^^^^^^^^^^^^^^^^^^^^^^^^^^^^^^^^^^^^^^^^^^^^^^^^^^^^^^^^^^^^^^^^^^^^^^^^^^^^^^^^^^^^^^^^^^^^^^^
  3 |
  4 | export type VoucherViewStatus =
  5 |   | "active"

Import map: aliased to relative './components/screens/owner/vouchers/OwnerVouchersClientContent' inside of [project]/

Import trace:
  Server Component:
    ./components/screens/owner/vouchers/OwnerVouchersPage.tsx
    ./app/(main)/vouchers/page.tsx

https://nextjs.org/docs/messages/module-not-found @ :0
[   58012ms] [ERROR] ./components/screens/owner/vouchers/OwnerVouchersPage.tsx:2:1
Module not found: Can't resolve '@/components/screens/owner/vouchers/OwnerVouchersClientContent'
  1 | import { getVouchersPageData } from "@/app/(main)/vouchers/data"
> 2 | import { OwnerVouchersClientContent } from "@/components/screens/owner/vouchers/OwnerVouchersClientContent"
    | ^^^^^^^^^^^^^^^^^^^^^^^^^^^^^^^^^^^^^^^^^^^^^^^^^^^^^^^^^^^^^^^^^^^^^^^^^^^^^^^^^^^^^^^^^^^^^^^^^^^^^^^^^^^
  3 |
  4 | export type VoucherViewStatus =
  5 |   | "active"

Import map: aliased to relative './components/screens/owner/vouchers/OwnerVouchersClientContent' inside of [project]/

Import trace:
  Server Component:
    ./components/screens/owner/vouchers/OwnerVouchersPage.tsx
    ./app/(main)/vouchers/page.tsx

https://nextjs.org/docs/messages/module-not-found @ :0
[   58075ms] [ERROR] ./components/screens/owner/vouchers/OwnerVouchersPage.tsx:2:1
Module not found: Can't resolve '@/components/screens/owner/vouchers/OwnerVouchersClientContent'
  1 | import { getVouchersPageData } from "@/app/(main)/vouchers/data"
> 2 | import { OwnerVouchersClientContent } from "@/components/screens/owner/vouchers/OwnerVouchersClientContent"
    | ^^^^^^^^^^^^^^^^^^^^^^^^^^^^^^^^^^^^^^^^^^^^^^^^^^^^^^^^^^^^^^^^^^^^^^^^^^^^^^^^^^^^^^^^^^^^^^^^^^^^^^^^^^^
  3 |
  4 | export type VoucherViewStatus =
  5 |   | "active"

Import map: aliased to relative './components/screens/owner/vouchers/OwnerVouchersClientContent' inside of [project]/

Import trace:
  Server Component:
    ./components/screens/owner/vouchers/OwnerVouchersPage.tsx
    ./app/(main)/vouchers/page.tsx

https://nextjs.org/docs/messages/module-not-found @ :0
[   58137ms] [ERROR] ./components/screens/owner/vouchers/OwnerVouchersPage.tsx:2:1
Module not found: Can't resolve '@/components/screens/owner/vouchers/OwnerVouchersClientContent'
  1 | import { getVouchersPageData } from "@/app/(main)/vouchers/data"
> 2 | import { OwnerVouchersClientContent } from "@/components/screens/owner/vouchers/OwnerVouchersClientContent"
    | ^^^^^^^^^^^^^^^^^^^^^^^^^^^^^^^^^^^^^^^^^^^^^^^^^^^^^^^^^^^^^^^^^^^^^^^^^^^^^^^^^^^^^^^^^^^^^^^^^^^^^^^^^^^
  3 |
  4 | export type VoucherViewStatus =
  5 |   | "active"

Import map: aliased to relative './components/screens/owner/vouchers/OwnerVouchersClientContent' inside of [project]/

Import trace:
  Server Component:
    ./components/screens/owner/vouchers/OwnerVouchersPage.tsx
    ./app/(main)/vouchers/page.tsx

https://nextjs.org/docs/messages/module-not-found @ :0
[   58200ms] [ERROR] ./components/screens/owner/vouchers/OwnerVouchersPage.tsx:2:1
Module not found: Can't resolve '@/components/screens/owner/vouchers/OwnerVouchersClientContent'
  1 | import { getVouchersPageData } from "@/app/(main)/vouchers/data"
> 2 | import { OwnerVouchersClientContent } from "@/components/screens/owner/vouchers/OwnerVouchersClientContent"
    | ^^^^^^^^^^^^^^^^^^^^^^^^^^^^^^^^^^^^^^^^^^^^^^^^^^^^^^^^^^^^^^^^^^^^^^^^^^^^^^^^^^^^^^^^^^^^^^^^^^^^^^^^^^^
  3 |
  4 | export type VoucherViewStatus =
  5 |   | "active"

Import map: aliased to relative './components/screens/owner/vouchers/OwnerVouchersClientContent' inside of [project]/

Import trace:
  Server Component:
    ./components/screens/owner/vouchers/OwnerVouchersPage.tsx
    ./app/(main)/vouchers/page.tsx

https://nextjs.org/docs/messages/module-not-found @ :0
[   58261ms] [ERROR] ./components/screens/owner/vouchers/OwnerVouchersPage.tsx:2:1
Module not found: Can't resolve '@/components/screens/owner/vouchers/OwnerVouchersClientContent'
  1 | import { getVouchersPageData } from "@/app/(main)/vouchers/data"
> 2 | import { OwnerVouchersClientContent } from "@/components/screens/owner/vouchers/OwnerVouchersClientContent"
    | ^^^^^^^^^^^^^^^^^^^^^^^^^^^^^^^^^^^^^^^^^^^^^^^^^^^^^^^^^^^^^^^^^^^^^^^^^^^^^^^^^^^^^^^^^^^^^^^^^^^^^^^^^^^
  3 |
  4 | export type VoucherViewStatus =
  5 |   | "active"

Import map: aliased to relative './components/screens/owner/vouchers/OwnerVouchersClientContent' inside of [project]/

Import trace:
  Server Component:
    ./components/screens/owner/vouchers/OwnerVouchersPage.tsx
    ./app/(main)/vouchers/page.tsx

https://nextjs.org/docs/messages/module-not-found @ :0
[   58322ms] [ERROR] ./components/screens/owner/vouchers/OwnerVouchersPage.tsx:2:1
Module not found: Can't resolve '@/components/screens/owner/vouchers/OwnerVouchersClientContent'
  1 | import { getVouchersPageData } from "@/app/(main)/vouchers/data"
> 2 | import { OwnerVouchersClientContent } from "@/components/screens/owner/vouchers/OwnerVouchersClientContent"
    | ^^^^^^^^^^^^^^^^^^^^^^^^^^^^^^^^^^^^^^^^^^^^^^^^^^^^^^^^^^^^^^^^^^^^^^^^^^^^^^^^^^^^^^^^^^^^^^^^^^^^^^^^^^^
  3 |
  4 | export type VoucherViewStatus =
  5 |   | "active"

Import map: aliased to relative './components/screens/owner/vouchers/OwnerVouchersClientContent' inside of [project]/

Import trace:
  Server Component:
    ./components/screens/owner/vouchers/OwnerVouchersPage.tsx
    ./app/(main)/vouchers/page.tsx

https://nextjs.org/docs/messages/module-not-found @ :0
[   58382ms] [ERROR] ./components/screens/owner/vouchers/OwnerVouchersPage.tsx:2:1
Module not found: Can't resolve '@/components/screens/owner/vouchers/OwnerVouchersClientContent'
  1 | import { getVouchersPageData } from "@/app/(main)/vouchers/data"
> 2 | import { OwnerVouchersClientContent } from "@/components/screens/owner/vouchers/OwnerVouchersClientContent"
    | ^^^^^^^^^^^^^^^^^^^^^^^^^^^^^^^^^^^^^^^^^^^^^^^^^^^^^^^^^^^^^^^^^^^^^^^^^^^^^^^^^^^^^^^^^^^^^^^^^^^^^^^^^^^
  3 |
  4 | export type VoucherViewStatus =
  5 |   | "active"

Import map: aliased to relative './components/screens/owner/vouchers/OwnerVouchersClientContent' inside of [project]/

Import trace:
  Server Component:
    ./components/screens/owner/vouchers/OwnerVouchersPage.tsx
    ./app/(main)/vouchers/page.tsx

https://nextjs.org/docs/messages/module-not-found @ :0
[   58451ms] [ERROR] ./components/screens/owner/vouchers/OwnerVouchersPage.tsx:2:1
Module not found: Can't resolve '@/components/screens/owner/vouchers/OwnerVouchersClientContent'
  1 | import { getVouchersPageData } from "@/app/(main)/vouchers/data"
> 2 | import { OwnerVouchersClientContent } from "@/components/screens/owner/vouchers/OwnerVouchersClientContent"
    | ^^^^^^^^^^^^^^^^^^^^^^^^^^^^^^^^^^^^^^^^^^^^^^^^^^^^^^^^^^^^^^^^^^^^^^^^^^^^^^^^^^^^^^^^^^^^^^^^^^^^^^^^^^^
  3 |
  4 | export type VoucherViewStatus =
  5 |   | "active"

Import map: aliased to relative './components/screens/owner/vouchers/OwnerVouchersClientContent' inside of [project]/

Import trace:
  Server Component:
    ./components/screens/owner/vouchers/OwnerVouchersPage.tsx
    ./app/(main)/vouchers/page.tsx

https://nextjs.org/docs/messages/module-not-found @ :0
[   58516ms] [ERROR] ./components/screens/owner/vouchers/OwnerVouchersPage.tsx:2:1
Module not found: Can't resolve '@/components/screens/owner/vouchers/OwnerVouchersClientContent'
  1 | import { getVouchersPageData } from "@/app/(main)/vouchers/data"
> 2 | import { OwnerVouchersClientContent } from "@/components/screens/owner/vouchers/OwnerVouchersClientContent"
    | ^^^^^^^^^^^^^^^^^^^^^^^^^^^^^^^^^^^^^^^^^^^^^^^^^^^^^^^^^^^^^^^^^^^^^^^^^^^^^^^^^^^^^^^^^^^^^^^^^^^^^^^^^^^
  3 |
  4 | export type VoucherViewStatus =
  5 |   | "active"

Import map: aliased to relative './components/screens/owner/vouchers/OwnerVouchersClientContent' inside of [project]/

Import trace:
  Server Component:
    ./components/screens/owner/vouchers/OwnerVouchersPage.tsx
    ./app/(main)/vouchers/page.tsx

https://nextjs.org/docs/messages/module-not-found @ :0
[   58580ms] [ERROR] ./components/screens/owner/vouchers/OwnerVouchersPage.tsx:2:1
Module not found: Can't resolve '@/components/screens/owner/vouchers/OwnerVouchersClientContent'
  1 | import { getVouchersPageData } from "@/app/(main)/vouchers/data"
> 2 | import { OwnerVouchersClientContent } from "@/components/screens/owner/vouchers/OwnerVouchersClientContent"
    | ^^^^^^^^^^^^^^^^^^^^^^^^^^^^^^^^^^^^^^^^^^^^^^^^^^^^^^^^^^^^^^^^^^^^^^^^^^^^^^^^^^^^^^^^^^^^^^^^^^^^^^^^^^^
  3 |
  4 | export type VoucherViewStatus =
  5 |   | "active"

Import map: aliased to relative './components/screens/owner/vouchers/OwnerVouchersClientContent' inside of [project]/

Import trace:
  Server Component:
    ./components/screens/owner/vouchers/OwnerVouchersPage.tsx
    ./app/(main)/vouchers/page.tsx

https://nextjs.org/docs/messages/module-not-found @ :0
[   58645ms] [ERROR] ./components/screens/owner/vouchers/OwnerVouchersPage.tsx:2:1
Module not found: Can't resolve '@/components/screens/owner/vouchers/OwnerVouchersClientContent'
  1 | import { getVouchersPageData } from "@/app/(main)/vouchers/data"
> 2 | import { OwnerVouchersClientContent } from "@/components/screens/owner/vouchers/OwnerVouchersClientContent"
    | ^^^^^^^^^^^^^^^^^^^^^^^^^^^^^^^^^^^^^^^^^^^^^^^^^^^^^^^^^^^^^^^^^^^^^^^^^^^^^^^^^^^^^^^^^^^^^^^^^^^^^^^^^^^
  3 |
  4 | export type VoucherViewStatus =
  5 |   | "active"

Import map: aliased to relative './components/screens/owner/vouchers/OwnerVouchersClientContent' inside of [project]/

Import trace:
  Server Component:
    ./components/screens/owner/vouchers/OwnerVouchersPage.tsx
    ./app/(main)/vouchers/page.tsx

https://nextjs.org/docs/messages/module-not-found @ :0
[   58702ms] [ERROR] ./components/screens/owner/vouchers/OwnerVouchersPage.tsx:2:1
Module not found: Can't resolve '@/components/screens/owner/vouchers/OwnerVouchersClientContent'
  1 | import { getVouchersPageData } from "@/app/(main)/vouchers/data"
> 2 | import { OwnerVouchersClientContent } from "@/components/screens/owner/vouchers/OwnerVouchersClientContent"
    | ^^^^^^^^^^^^^^^^^^^^^^^^^^^^^^^^^^^^^^^^^^^^^^^^^^^^^^^^^^^^^^^^^^^^^^^^^^^^^^^^^^^^^^^^^^^^^^^^^^^^^^^^^^^
  3 |
  4 | export type VoucherViewStatus =
  5 |   | "active"

Import map: aliased to relative './components/screens/owner/vouchers/OwnerVouchersClientContent' inside of [project]/

Import trace:
  Server Component:
    ./components/screens/owner/vouchers/OwnerVouchersPage.tsx
    ./app/(main)/vouchers/page.tsx

https://nextjs.org/docs/messages/module-not-found @ :0
[   58761ms] [ERROR] ./components/screens/owner/vouchers/OwnerVouchersPage.tsx:2:1
Module not found: Can't resolve '@/components/screens/owner/vouchers/OwnerVouchersClientContent'
  1 | import { getVouchersPageData } from "@/app/(main)/vouchers/data"
> 2 | import { OwnerVouchersClientContent } from "@/components/screens/owner/vouchers/OwnerVouchersClientContent"
    | ^^^^^^^^^^^^^^^^^^^^^^^^^^^^^^^^^^^^^^^^^^^^^^^^^^^^^^^^^^^^^^^^^^^^^^^^^^^^^^^^^^^^^^^^^^^^^^^^^^^^^^^^^^^
  3 |
  4 | export type VoucherViewStatus =
  5 |   | "active"

Import map: aliased to relative './components/screens/owner/vouchers/OwnerVouchersClientContent' inside of [project]/

Import trace:
  Server Component:
    ./components/screens/owner/vouchers/OwnerVouchersPage.tsx
    ./app/(main)/vouchers/page.tsx

https://nextjs.org/docs/messages/module-not-found @ :0
[   58820ms] [ERROR] ./components/screens/owner/vouchers/OwnerVouchersPage.tsx:2:1
Module not found: Can't resolve '@/components/screens/owner/vouchers/OwnerVouchersClientContent'
  1 | import { getVouchersPageData } from "@/app/(main)/vouchers/data"
> 2 | import { OwnerVouchersClientContent } from "@/components/screens/owner/vouchers/OwnerVouchersClientContent"
    | ^^^^^^^^^^^^^^^^^^^^^^^^^^^^^^^^^^^^^^^^^^^^^^^^^^^^^^^^^^^^^^^^^^^^^^^^^^^^^^^^^^^^^^^^^^^^^^^^^^^^^^^^^^^
  3 |
  4 | export type VoucherViewStatus =
  5 |   | "active"

Import map: aliased to relative './components/screens/owner/vouchers/OwnerVouchersClientContent' inside of [project]/

Import trace:
  Server Component:
    ./components/screens/owner/vouchers/OwnerVouchersPage.tsx
    ./app/(main)/vouchers/page.tsx

https://nextjs.org/docs/messages/module-not-found @ :0
[   58879ms] [ERROR] ./components/screens/owner/vouchers/OwnerVouchersPage.tsx:2:1
Module not found: Can't resolve '@/components/screens/owner/vouchers/OwnerVouchersClientContent'
  1 | import { getVouchersPageData } from "@/app/(main)/vouchers/data"
> 2 | import { OwnerVouchersClientContent } from "@/components/screens/owner/vouchers/OwnerVouchersClientContent"
    | ^^^^^^^^^^^^^^^^^^^^^^^^^^^^^^^^^^^^^^^^^^^^^^^^^^^^^^^^^^^^^^^^^^^^^^^^^^^^^^^^^^^^^^^^^^^^^^^^^^^^^^^^^^^
  3 |
  4 | export type VoucherViewStatus =
  5 |   | "active"

Import map: aliased to relative './components/screens/owner/vouchers/OwnerVouchersClientContent' inside of [project]/

Import trace:
  Server Component:
    ./components/screens/owner/vouchers/OwnerVouchersPage.tsx
    ./app/(main)/vouchers/page.tsx

https://nextjs.org/docs/messages/module-not-found @ :0
[   58939ms] [ERROR] ./components/screens/owner/vouchers/OwnerVouchersPage.tsx:2:1
Module not found: Can't resolve '@/components/screens/owner/vouchers/OwnerVouchersClientContent'
  1 | import { getVouchersPageData } from "@/app/(main)/vouchers/data"
> 2 | import { OwnerVouchersClientContent } from "@/components/screens/owner/vouchers/OwnerVouchersClientContent"
    | ^^^^^^^^^^^^^^^^^^^^^^^^^^^^^^^^^^^^^^^^^^^^^^^^^^^^^^^^^^^^^^^^^^^^^^^^^^^^^^^^^^^^^^^^^^^^^^^^^^^^^^^^^^^
  3 |
  4 | export type VoucherViewStatus =
  5 |   | "active"

Import map: aliased to relative './components/screens/owner/vouchers/OwnerVouchersClientContent' inside of [project]/

Import trace:
  Server Component:
    ./components/screens/owner/vouchers/OwnerVouchersPage.tsx
    ./app/(main)/vouchers/page.tsx

https://nextjs.org/docs/messages/module-not-found @ :0
[   59000ms] [ERROR] ./components/screens/owner/vouchers/OwnerVouchersPage.tsx:2:1
Module not found: Can't resolve '@/components/screens/owner/vouchers/OwnerVouchersClientContent'
  1 | import { getVouchersPageData } from "@/app/(main)/vouchers/data"
> 2 | import { OwnerVouchersClientContent } from "@/components/screens/owner/vouchers/OwnerVouchersClientContent"
    | ^^^^^^^^^^^^^^^^^^^^^^^^^^^^^^^^^^^^^^^^^^^^^^^^^^^^^^^^^^^^^^^^^^^^^^^^^^^^^^^^^^^^^^^^^^^^^^^^^^^^^^^^^^^
  3 |
  4 | export type VoucherViewStatus =
  5 |   | "active"

Import map: aliased to relative './components/screens/owner/vouchers/OwnerVouchersClientContent' inside of [project]/

Import trace:
  Server Component:
    ./components/screens/owner/vouchers/OwnerVouchersPage.tsx
    ./app/(main)/vouchers/page.tsx

https://nextjs.org/docs/messages/module-not-found @ :0
[   59061ms] [ERROR] ./components/screens/owner/vouchers/OwnerVouchersPage.tsx:2:1
Module not found: Can't resolve '@/components/screens/owner/vouchers/OwnerVouchersClientContent'
  1 | import { getVouchersPageData } from "@/app/(main)/vouchers/data"
> 2 | import { OwnerVouchersClientContent } from "@/components/screens/owner/vouchers/OwnerVouchersClientContent"
    | ^^^^^^^^^^^^^^^^^^^^^^^^^^^^^^^^^^^^^^^^^^^^^^^^^^^^^^^^^^^^^^^^^^^^^^^^^^^^^^^^^^^^^^^^^^^^^^^^^^^^^^^^^^^
  3 |
  4 | export type VoucherViewStatus =
  5 |   | "active"

Import map: aliased to relative './components/screens/owner/vouchers/OwnerVouchersClientContent' inside of [project]/

Import trace:
  Server Component:
    ./components/screens/owner/vouchers/OwnerVouchersPage.tsx
    ./app/(main)/vouchers/page.tsx

https://nextjs.org/docs/messages/module-not-found @ :0
[   59123ms] [ERROR] ./components/screens/owner/vouchers/OwnerVouchersPage.tsx:2:1
Module not found: Can't resolve '@/components/screens/owner/vouchers/OwnerVouchersClientContent'
  1 | import { getVouchersPageData } from "@/app/(main)/vouchers/data"
> 2 | import { OwnerVouchersClientContent } from "@/components/screens/owner/vouchers/OwnerVouchersClientContent"
    | ^^^^^^^^^^^^^^^^^^^^^^^^^^^^^^^^^^^^^^^^^^^^^^^^^^^^^^^^^^^^^^^^^^^^^^^^^^^^^^^^^^^^^^^^^^^^^^^^^^^^^^^^^^^
  3 |
  4 | export type VoucherViewStatus =
  5 |   | "active"

Import map: aliased to relative './components/screens/owner/vouchers/OwnerVouchersClientContent' inside of [project]/

Import trace:
  Server Component:
    ./components/screens/owner/vouchers/OwnerVouchersPage.tsx
    ./app/(main)/vouchers/page.tsx

https://nextjs.org/docs/messages/module-not-found @ :0
[   59186ms] [ERROR] ./components/screens/owner/vouchers/OwnerVouchersPage.tsx:2:1
Module not found: Can't resolve '@/components/screens/owner/vouchers/OwnerVouchersClientContent'
  1 | import { getVouchersPageData } from "@/app/(main)/vouchers/data"
> 2 | import { OwnerVouchersClientContent } from "@/components/screens/owner/vouchers/OwnerVouchersClientContent"
    | ^^^^^^^^^^^^^^^^^^^^^^^^^^^^^^^^^^^^^^^^^^^^^^^^^^^^^^^^^^^^^^^^^^^^^^^^^^^^^^^^^^^^^^^^^^^^^^^^^^^^^^^^^^^
  3 |
  4 | export type VoucherViewStatus =
  5 |   | "active"

Import map: aliased to relative './components/screens/owner/vouchers/OwnerVouchersClientContent' inside of [project]/

Import trace:
  Server Component:
    ./components/screens/owner/vouchers/OwnerVouchersPage.tsx
    ./app/(main)/vouchers/page.tsx

https://nextjs.org/docs/messages/module-not-found @ :0
[   59249ms] [ERROR] ./components/screens/owner/vouchers/OwnerVouchersPage.tsx:2:1
Module not found: Can't resolve '@/components/screens/owner/vouchers/OwnerVouchersClientContent'
  1 | import { getVouchersPageData } from "@/app/(main)/vouchers/data"
> 2 | import { OwnerVouchersClientContent } from "@/components/screens/owner/vouchers/OwnerVouchersClientContent"
    | ^^^^^^^^^^^^^^^^^^^^^^^^^^^^^^^^^^^^^^^^^^^^^^^^^^^^^^^^^^^^^^^^^^^^^^^^^^^^^^^^^^^^^^^^^^^^^^^^^^^^^^^^^^^
  3 |
  4 | export type VoucherViewStatus =
  5 |   | "active"

Import map: aliased to relative './components/screens/owner/vouchers/OwnerVouchersClientContent' inside of [project]/

Import trace:
  Server Component:
    ./components/screens/owner/vouchers/OwnerVouchersPage.tsx
    ./app/(main)/vouchers/page.tsx

https://nextjs.org/docs/messages/module-not-found @ :0
[   59314ms] [ERROR] ./components/screens/owner/vouchers/OwnerVouchersPage.tsx:2:1
Module not found: Can't resolve '@/components/screens/owner/vouchers/OwnerVouchersClientContent'
  1 | import { getVouchersPageData } from "@/app/(main)/vouchers/data"
> 2 | import { OwnerVouchersClientContent } from "@/components/screens/owner/vouchers/OwnerVouchersClientContent"
    | ^^^^^^^^^^^^^^^^^^^^^^^^^^^^^^^^^^^^^^^^^^^^^^^^^^^^^^^^^^^^^^^^^^^^^^^^^^^^^^^^^^^^^^^^^^^^^^^^^^^^^^^^^^^
  3 |
  4 | export type VoucherViewStatus =
  5 |   | "active"

Import map: aliased to relative './components/screens/owner/vouchers/OwnerVouchersClientContent' inside of [project]/

Import trace:
  Server Component:
    ./components/screens/owner/vouchers/OwnerVouchersPage.tsx
    ./app/(main)/vouchers/page.tsx

https://nextjs.org/docs/messages/module-not-found @ :0
[   59375ms] [ERROR] ./components/screens/owner/vouchers/OwnerVouchersPage.tsx:2:1
Module not found: Can't resolve '@/components/screens/owner/vouchers/OwnerVouchersClientContent'
  1 | import { getVouchersPageData } from "@/app/(main)/vouchers/data"
> 2 | import { OwnerVouchersClientContent } from "@/components/screens/owner/vouchers/OwnerVouchersClientContent"
    | ^^^^^^^^^^^^^^^^^^^^^^^^^^^^^^^^^^^^^^^^^^^^^^^^^^^^^^^^^^^^^^^^^^^^^^^^^^^^^^^^^^^^^^^^^^^^^^^^^^^^^^^^^^^
  3 |
  4 | export type VoucherViewStatus =
  5 |   | "active"

Import map: aliased to relative './components/screens/owner/vouchers/OwnerVouchersClientContent' inside of [project]/

Import trace:
  Server Component:
    ./components/screens/owner/vouchers/OwnerVouchersPage.tsx
    ./app/(main)/vouchers/page.tsx

https://nextjs.org/docs/messages/module-not-found @ :0
[   59435ms] [ERROR] ./components/screens/owner/vouchers/OwnerVouchersPage.tsx:2:1
Module not found: Can't resolve '@/components/screens/owner/vouchers/OwnerVouchersClientContent'
  1 | import { getVouchersPageData } from "@/app/(main)/vouchers/data"
> 2 | import { OwnerVouchersClientContent } from "@/components/screens/owner/vouchers/OwnerVouchersClientContent"
    | ^^^^^^^^^^^^^^^^^^^^^^^^^^^^^^^^^^^^^^^^^^^^^^^^^^^^^^^^^^^^^^^^^^^^^^^^^^^^^^^^^^^^^^^^^^^^^^^^^^^^^^^^^^^
  3 |
  4 | export type VoucherViewStatus =
  5 |   | "active"

Import map: aliased to relative './components/screens/owner/vouchers/OwnerVouchersClientContent' inside of [project]/

Import trace:
  Server Component:
    ./components/screens/owner/vouchers/OwnerVouchersPage.tsx
    ./app/(main)/vouchers/page.tsx

https://nextjs.org/docs/messages/module-not-found @ :0
[   59495ms] [ERROR] ./components/screens/owner/vouchers/OwnerVouchersPage.tsx:2:1
Module not found: Can't resolve '@/components/screens/owner/vouchers/OwnerVouchersClientContent'
  1 | import { getVouchersPageData } from "@/app/(main)/vouchers/data"
> 2 | import { OwnerVouchersClientContent } from "@/components/screens/owner/vouchers/OwnerVouchersClientContent"
    | ^^^^^^^^^^^^^^^^^^^^^^^^^^^^^^^^^^^^^^^^^^^^^^^^^^^^^^^^^^^^^^^^^^^^^^^^^^^^^^^^^^^^^^^^^^^^^^^^^^^^^^^^^^^
  3 |
  4 | export type VoucherViewStatus =
  5 |   | "active"

Import map: aliased to relative './components/screens/owner/vouchers/OwnerVouchersClientContent' inside of [project]/

Import trace:
  Server Component:
    ./components/screens/owner/vouchers/OwnerVouchersPage.tsx
    ./app/(main)/vouchers/page.tsx

https://nextjs.org/docs/messages/module-not-found @ :0
[   59555ms] [ERROR] ./components/screens/owner/vouchers/OwnerVouchersPage.tsx:2:1
Module not found: Can't resolve '@/components/screens/owner/vouchers/OwnerVouchersClientContent'
  1 | import { getVouchersPageData } from "@/app/(main)/vouchers/data"
> 2 | import { OwnerVouchersClientContent } from "@/components/screens/owner/vouchers/OwnerVouchersClientContent"
    | ^^^^^^^^^^^^^^^^^^^^^^^^^^^^^^^^^^^^^^^^^^^^^^^^^^^^^^^^^^^^^^^^^^^^^^^^^^^^^^^^^^^^^^^^^^^^^^^^^^^^^^^^^^^
  3 |
  4 | export type VoucherViewStatus =
  5 |   | "active"

Import map: aliased to relative './components/screens/owner/vouchers/OwnerVouchersClientContent' inside of [project]/

Import trace:
  Server Component:
    ./components/screens/owner/vouchers/OwnerVouchersPage.tsx
    ./app/(main)/vouchers/page.tsx

https://nextjs.org/docs/messages/module-not-found @ :0
[   59621ms] [ERROR] ./components/screens/owner/vouchers/OwnerVouchersPage.tsx:2:1
Module not found: Can't resolve '@/components/screens/owner/vouchers/OwnerVouchersClientContent'
  1 | import { getVouchersPageData } from "@/app/(main)/vouchers/data"
> 2 | import { OwnerVouchersClientContent } from "@/components/screens/owner/vouchers/OwnerVouchersClientContent"
    | ^^^^^^^^^^^^^^^^^^^^^^^^^^^^^^^^^^^^^^^^^^^^^^^^^^^^^^^^^^^^^^^^^^^^^^^^^^^^^^^^^^^^^^^^^^^^^^^^^^^^^^^^^^^
  3 |
  4 | export type VoucherViewStatus =
  5 |   | "active"

Import map: aliased to relative './components/screens/owner/vouchers/OwnerVouchersClientContent' inside of [project]/

Import trace:
  Server Component:
    ./components/screens/owner/vouchers/OwnerVouchersPage.tsx
    ./app/(main)/vouchers/page.tsx

https://nextjs.org/docs/messages/module-not-found @ :0
[   59681ms] [ERROR] ./components/screens/owner/vouchers/OwnerVouchersPage.tsx:2:1
Module not found: Can't resolve '@/components/screens/owner/vouchers/OwnerVouchersClientContent'
  1 | import { getVouchersPageData } from "@/app/(main)/vouchers/data"
> 2 | import { OwnerVouchersClientContent } from "@/components/screens/owner/vouchers/OwnerVouchersClientContent"
    | ^^^^^^^^^^^^^^^^^^^^^^^^^^^^^^^^^^^^^^^^^^^^^^^^^^^^^^^^^^^^^^^^^^^^^^^^^^^^^^^^^^^^^^^^^^^^^^^^^^^^^^^^^^^
  3 |
  4 | export type VoucherViewStatus =
  5 |   | "active"

Import map: aliased to relative './components/screens/owner/vouchers/OwnerVouchersClientContent' inside of [project]/

Import trace:
  Server Component:
    ./components/screens/owner/vouchers/OwnerVouchersPage.tsx
    ./app/(main)/vouchers/page.tsx

https://nextjs.org/docs/messages/module-not-found @ :0
[   59742ms] [ERROR] ./components/screens/owner/vouchers/OwnerVouchersPage.tsx:2:1
Module not found: Can't resolve '@/components/screens/owner/vouchers/OwnerVouchersClientContent'
  1 | import { getVouchersPageData } from "@/app/(main)/vouchers/data"
> 2 | import { OwnerVouchersClientContent } from "@/components/screens/owner/vouchers/OwnerVouchersClientContent"
    | ^^^^^^^^^^^^^^^^^^^^^^^^^^^^^^^^^^^^^^^^^^^^^^^^^^^^^^^^^^^^^^^^^^^^^^^^^^^^^^^^^^^^^^^^^^^^^^^^^^^^^^^^^^^
  3 |
  4 | export type VoucherViewStatus =
  5 |   | "active"

Import map: aliased to relative './components/screens/owner/vouchers/OwnerVouchersClientContent' inside of [project]/

Import trace:
  Server Component:
    ./components/screens/owner/vouchers/OwnerVouchersPage.tsx
    ./app/(main)/vouchers/page.tsx

https://nextjs.org/docs/messages/module-not-found @ :0
[   59803ms] [ERROR] ./components/screens/owner/vouchers/OwnerVouchersPage.tsx:2:1
Module not found: Can't resolve '@/components/screens/owner/vouchers/OwnerVouchersClientContent'
  1 | import { getVouchersPageData } from "@/app/(main)/vouchers/data"
> 2 | import { OwnerVouchersClientContent } from "@/components/screens/owner/vouchers/OwnerVouchersClientContent"
    | ^^^^^^^^^^^^^^^^^^^^^^^^^^^^^^^^^^^^^^^^^^^^^^^^^^^^^^^^^^^^^^^^^^^^^^^^^^^^^^^^^^^^^^^^^^^^^^^^^^^^^^^^^^^
  3 |
  4 | export type VoucherViewStatus =
  5 |   | "active"

Import map: aliased to relative './components/screens/owner/vouchers/OwnerVouchersClientContent' inside of [project]/

Import trace:
  Server Component:
    ./components/screens/owner/vouchers/OwnerVouchersPage.tsx
    ./app/(main)/vouchers/page.tsx

https://nextjs.org/docs/messages/module-not-found @ :0
[   59868ms] [ERROR] ./components/screens/owner/vouchers/OwnerVouchersPage.tsx:2:1
Module not found: Can't resolve '@/components/screens/owner/vouchers/OwnerVouchersClientContent'
  1 | import { getVouchersPageData } from "@/app/(main)/vouchers/data"
> 2 | import { OwnerVouchersClientContent } from "@/components/screens/owner/vouchers/OwnerVouchersClientContent"
    | ^^^^^^^^^^^^^^^^^^^^^^^^^^^^^^^^^^^^^^^^^^^^^^^^^^^^^^^^^^^^^^^^^^^^^^^^^^^^^^^^^^^^^^^^^^^^^^^^^^^^^^^^^^^
  3 |
  4 | export type VoucherViewStatus =
  5 |   | "active"

Import map: aliased to relative './components/screens/owner/vouchers/OwnerVouchersClientContent' inside of [project]/

Import trace:
  Server Component:
    ./components/screens/owner/vouchers/OwnerVouchersPage.tsx
    ./app/(main)/vouchers/page.tsx

https://nextjs.org/docs/messages/module-not-found @ :0
[   59929ms] [ERROR] ./components/screens/owner/vouchers/OwnerVouchersPage.tsx:2:1
Module not found: Can't resolve '@/components/screens/owner/vouchers/OwnerVouchersClientContent'
  1 | import { getVouchersPageData } from "@/app/(main)/vouchers/data"
> 2 | import { OwnerVouchersClientContent } from "@/components/screens/owner/vouchers/OwnerVouchersClientContent"
    | ^^^^^^^^^^^^^^^^^^^^^^^^^^^^^^^^^^^^^^^^^^^^^^^^^^^^^^^^^^^^^^^^^^^^^^^^^^^^^^^^^^^^^^^^^^^^^^^^^^^^^^^^^^^
  3 |
  4 | export type VoucherViewStatus =
  5 |   | "active"

Import map: aliased to relative './components/screens/owner/vouchers/OwnerVouchersClientContent' inside of [project]/

Import trace:
  Server Component:
    ./components/screens/owner/vouchers/OwnerVouchersPage.tsx
    ./app/(main)/vouchers/page.tsx

https://nextjs.org/docs/messages/module-not-found @ :0
[   59987ms] [ERROR] ./components/screens/owner/vouchers/OwnerVouchersPage.tsx:2:1
Module not found: Can't resolve '@/components/screens/owner/vouchers/OwnerVouchersClientContent'
  1 | import { getVouchersPageData } from "@/app/(main)/vouchers/data"
> 2 | import { OwnerVouchersClientContent } from "@/components/screens/owner/vouchers/OwnerVouchersClientContent"
    | ^^^^^^^^^^^^^^^^^^^^^^^^^^^^^^^^^^^^^^^^^^^^^^^^^^^^^^^^^^^^^^^^^^^^^^^^^^^^^^^^^^^^^^^^^^^^^^^^^^^^^^^^^^^
  3 |
  4 | export type VoucherViewStatus =
  5 |   | "active"

Import map: aliased to relative './components/screens/owner/vouchers/OwnerVouchersClientContent' inside of [project]/

Import trace:
  Server Component:
    ./components/screens/owner/vouchers/OwnerVouchersPage.tsx
    ./app/(main)/vouchers/page.tsx

https://nextjs.org/docs/messages/module-not-found @ :0
[   60047ms] [ERROR] ./components/screens/owner/vouchers/OwnerVouchersPage.tsx:2:1
Module not found: Can't resolve '@/components/screens/owner/vouchers/OwnerVouchersClientContent'
  1 | import { getVouchersPageData } from "@/app/(main)/vouchers/data"
> 2 | import { OwnerVouchersClientContent } from "@/components/screens/owner/vouchers/OwnerVouchersClientContent"
    | ^^^^^^^^^^^^^^^^^^^^^^^^^^^^^^^^^^^^^^^^^^^^^^^^^^^^^^^^^^^^^^^^^^^^^^^^^^^^^^^^^^^^^^^^^^^^^^^^^^^^^^^^^^^
  3 |
  4 | export type VoucherViewStatus =
  5 |   | "active"

Import map: aliased to relative './components/screens/owner/vouchers/OwnerVouchersClientContent' inside of [project]/

Import trace:
  Server Component:
    ./components/screens/owner/vouchers/OwnerVouchersPage.tsx
    ./app/(main)/vouchers/page.tsx

https://nextjs.org/docs/messages/module-not-found @ :0
[   60103ms] [ERROR] ./components/screens/owner/vouchers/OwnerVouchersPage.tsx:2:1
Module not found: Can't resolve '@/components/screens/owner/vouchers/OwnerVouchersClientContent'
  1 | import { getVouchersPageData } from "@/app/(main)/vouchers/data"
> 2 | import { OwnerVouchersClientContent } from "@/components/screens/owner/vouchers/OwnerVouchersClientContent"
    | ^^^^^^^^^^^^^^^^^^^^^^^^^^^^^^^^^^^^^^^^^^^^^^^^^^^^^^^^^^^^^^^^^^^^^^^^^^^^^^^^^^^^^^^^^^^^^^^^^^^^^^^^^^^
  3 |
  4 | export type VoucherViewStatus =
  5 |   | "active"

Import map: aliased to relative './components/screens/owner/vouchers/OwnerVouchersClientContent' inside of [project]/

Import trace:
  Server Component:
    ./components/screens/owner/vouchers/OwnerVouchersPage.tsx
    ./app/(main)/vouchers/page.tsx

https://nextjs.org/docs/messages/module-not-found @ :0
[   60160ms] [ERROR] ./components/screens/owner/vouchers/OwnerVouchersPage.tsx:2:1
Module not found: Can't resolve '@/components/screens/owner/vouchers/OwnerVouchersClientContent'
  1 | import { getVouchersPageData } from "@/app/(main)/vouchers/data"
> 2 | import { OwnerVouchersClientContent } from "@/components/screens/owner/vouchers/OwnerVouchersClientContent"
    | ^^^^^^^^^^^^^^^^^^^^^^^^^^^^^^^^^^^^^^^^^^^^^^^^^^^^^^^^^^^^^^^^^^^^^^^^^^^^^^^^^^^^^^^^^^^^^^^^^^^^^^^^^^^
  3 |
  4 | export type VoucherViewStatus =
  5 |   | "active"

Import map: aliased to relative './components/screens/owner/vouchers/OwnerVouchersClientContent' inside of [project]/

Import trace:
  Server Component:
    ./components/screens/owner/vouchers/OwnerVouchersPage.tsx
    ./app/(main)/vouchers/page.tsx

https://nextjs.org/docs/messages/module-not-found @ :0
[   60218ms] [ERROR] ./components/screens/owner/vouchers/OwnerVouchersPage.tsx:2:1
Module not found: Can't resolve '@/components/screens/owner/vouchers/OwnerVouchersClientContent'
  1 | import { getVouchersPageData } from "@/app/(main)/vouchers/data"
> 2 | import { OwnerVouchersClientContent } from "@/components/screens/owner/vouchers/OwnerVouchersClientContent"
    | ^^^^^^^^^^^^^^^^^^^^^^^^^^^^^^^^^^^^^^^^^^^^^^^^^^^^^^^^^^^^^^^^^^^^^^^^^^^^^^^^^^^^^^^^^^^^^^^^^^^^^^^^^^^
  3 |
  4 | export type VoucherViewStatus =
  5 |   | "active"

Import map: aliased to relative './components/screens/owner/vouchers/OwnerVouchersClientContent' inside of [project]/

Import trace:
  Server Component:
    ./components/screens/owner/vouchers/OwnerVouchersPage.tsx
    ./app/(main)/vouchers/page.tsx

https://nextjs.org/docs/messages/module-not-found @ :0
[   60276ms] [ERROR] ./components/screens/owner/vouchers/OwnerVouchersPage.tsx:2:1
Module not found: Can't resolve '@/components/screens/owner/vouchers/OwnerVouchersClientContent'
  1 | import { getVouchersPageData } from "@/app/(main)/vouchers/data"
> 2 | import { OwnerVouchersClientContent } from "@/components/screens/owner/vouchers/OwnerVouchersClientContent"
    | ^^^^^^^^^^^^^^^^^^^^^^^^^^^^^^^^^^^^^^^^^^^^^^^^^^^^^^^^^^^^^^^^^^^^^^^^^^^^^^^^^^^^^^^^^^^^^^^^^^^^^^^^^^^
  3 |
  4 | export type VoucherViewStatus =
  5 |   | "active"

Import map: aliased to relative './components/screens/owner/vouchers/OwnerVouchersClientContent' inside of [project]/

Import trace:
  Server Component:
    ./components/screens/owner/vouchers/OwnerVouchersPage.tsx
    ./app/(main)/vouchers/page.tsx

https://nextjs.org/docs/messages/module-not-found @ :0
[   60335ms] [ERROR] ./components/screens/owner/vouchers/OwnerVouchersPage.tsx:2:1
Module not found: Can't resolve '@/components/screens/owner/vouchers/OwnerVouchersClientContent'
  1 | import { getVouchersPageData } from "@/app/(main)/vouchers/data"
> 2 | import { OwnerVouchersClientContent } from "@/components/screens/owner/vouchers/OwnerVouchersClientContent"
    | ^^^^^^^^^^^^^^^^^^^^^^^^^^^^^^^^^^^^^^^^^^^^^^^^^^^^^^^^^^^^^^^^^^^^^^^^^^^^^^^^^^^^^^^^^^^^^^^^^^^^^^^^^^^
  3 |
  4 | export type VoucherViewStatus =
  5 |   | "active"

Import map: aliased to relative './components/screens/owner/vouchers/OwnerVouchersClientContent' inside of [project]/

Import trace:
  Server Component:
    ./components/screens/owner/vouchers/OwnerVouchersPage.tsx
    ./app/(main)/vouchers/page.tsx

https://nextjs.org/docs/messages/module-not-found @ :0
[   60397ms] [ERROR] ./components/screens/owner/vouchers/OwnerVouchersPage.tsx:2:1
Module not found: Can't resolve '@/components/screens/owner/vouchers/OwnerVouchersClientContent'
  1 | import { getVouchersPageData } from "@/app/(main)/vouchers/data"
> 2 | import { OwnerVouchersClientContent } from "@/components/screens/owner/vouchers/OwnerVouchersClientContent"
    | ^^^^^^^^^^^^^^^^^^^^^^^^^^^^^^^^^^^^^^^^^^^^^^^^^^^^^^^^^^^^^^^^^^^^^^^^^^^^^^^^^^^^^^^^^^^^^^^^^^^^^^^^^^^
  3 |
  4 | export type VoucherViewStatus =
  5 |   | "active"

Import map: aliased to relative './components/screens/owner/vouchers/OwnerVouchersClientContent' inside of [project]/

Import trace:
  Server Component:
    ./components/screens/owner/vouchers/OwnerVouchersPage.tsx
    ./app/(main)/vouchers/page.tsx

https://nextjs.org/docs/messages/module-not-found @ :0
[   60459ms] [ERROR] ./components/screens/owner/vouchers/OwnerVouchersPage.tsx:2:1
Module not found: Can't resolve '@/components/screens/owner/vouchers/OwnerVouchersClientContent'
  1 | import { getVouchersPageData } from "@/app/(main)/vouchers/data"
> 2 | import { OwnerVouchersClientContent } from "@/components/screens/owner/vouchers/OwnerVouchersClientContent"
    | ^^^^^^^^^^^^^^^^^^^^^^^^^^^^^^^^^^^^^^^^^^^^^^^^^^^^^^^^^^^^^^^^^^^^^^^^^^^^^^^^^^^^^^^^^^^^^^^^^^^^^^^^^^^
  3 |
  4 | export type VoucherViewStatus =
  5 |   | "active"

Import map: aliased to relative './components/screens/owner/vouchers/OwnerVouchersClientContent' inside of [project]/

Import trace:
  Server Component:
    ./components/screens/owner/vouchers/OwnerVouchersPage.tsx
    ./app/(main)/vouchers/page.tsx

https://nextjs.org/docs/messages/module-not-found @ :0
[   60522ms] [ERROR] ./components/screens/owner/vouchers/OwnerVouchersPage.tsx:2:1
Module not found: Can't resolve '@/components/screens/owner/vouchers/OwnerVouchersClientContent'
  1 | import { getVouchersPageData } from "@/app/(main)/vouchers/data"
> 2 | import { OwnerVouchersClientContent } from "@/components/screens/owner/vouchers/OwnerVouchersClientContent"
    | ^^^^^^^^^^^^^^^^^^^^^^^^^^^^^^^^^^^^^^^^^^^^^^^^^^^^^^^^^^^^^^^^^^^^^^^^^^^^^^^^^^^^^^^^^^^^^^^^^^^^^^^^^^^
  3 |
  4 | export type VoucherViewStatus =
  5 |   | "active"

Import map: aliased to relative './components/screens/owner/vouchers/OwnerVouchersClientContent' inside of [project]/

Import trace:
  Server Component:
    ./components/screens/owner/vouchers/OwnerVouchersPage.tsx
    ./app/(main)/vouchers/page.tsx

https://nextjs.org/docs/messages/module-not-found @ :0
[   60584ms] [ERROR] ./components/screens/owner/vouchers/OwnerVouchersPage.tsx:2:1
Module not found: Can't resolve '@/components/screens/owner/vouchers/OwnerVouchersClientContent'
  1 | import { getVouchersPageData } from "@/app/(main)/vouchers/data"
> 2 | import { OwnerVouchersClientContent } from "@/components/screens/owner/vouchers/OwnerVouchersClientContent"
    | ^^^^^^^^^^^^^^^^^^^^^^^^^^^^^^^^^^^^^^^^^^^^^^^^^^^^^^^^^^^^^^^^^^^^^^^^^^^^^^^^^^^^^^^^^^^^^^^^^^^^^^^^^^^
  3 |
  4 | export type VoucherViewStatus =
  5 |   | "active"

Import map: aliased to relative './components/screens/owner/vouchers/OwnerVouchersClientContent' inside of [project]/

Import trace:
  Server Component:
    ./components/screens/owner/vouchers/OwnerVouchersPage.tsx
    ./app/(main)/vouchers/page.tsx

https://nextjs.org/docs/messages/module-not-found @ :0
[   60646ms] [ERROR] ./components/screens/owner/vouchers/OwnerVouchersPage.tsx:2:1
Module not found: Can't resolve '@/components/screens/owner/vouchers/OwnerVouchersClientContent'
  1 | import { getVouchersPageData } from "@/app/(main)/vouchers/data"
> 2 | import { OwnerVouchersClientContent } from "@/components/screens/owner/vouchers/OwnerVouchersClientContent"
    | ^^^^^^^^^^^^^^^^^^^^^^^^^^^^^^^^^^^^^^^^^^^^^^^^^^^^^^^^^^^^^^^^^^^^^^^^^^^^^^^^^^^^^^^^^^^^^^^^^^^^^^^^^^^
  3 |
  4 | export type VoucherViewStatus =
  5 |   | "active"

Import map: aliased to relative './components/screens/owner/vouchers/OwnerVouchersClientContent' inside of [project]/

Import trace:
  Server Component:
    ./components/screens/owner/vouchers/OwnerVouchersPage.tsx
    ./app/(main)/vouchers/page.tsx

https://nextjs.org/docs/messages/module-not-found @ :0
[   60708ms] [ERROR] ./components/screens/owner/vouchers/OwnerVouchersPage.tsx:2:1
Module not found: Can't resolve '@/components/screens/owner/vouchers/OwnerVouchersClientContent'
  1 | import { getVouchersPageData } from "@/app/(main)/vouchers/data"
> 2 | import { OwnerVouchersClientContent } from "@/components/screens/owner/vouchers/OwnerVouchersClientContent"
    | ^^^^^^^^^^^^^^^^^^^^^^^^^^^^^^^^^^^^^^^^^^^^^^^^^^^^^^^^^^^^^^^^^^^^^^^^^^^^^^^^^^^^^^^^^^^^^^^^^^^^^^^^^^^
  3 |
  4 | export type VoucherViewStatus =
  5 |   | "active"

Import map: aliased to relative './components/screens/owner/vouchers/OwnerVouchersClientContent' inside of [project]/

Import trace:
  Server Component:
    ./components/screens/owner/vouchers/OwnerVouchersPage.tsx
    ./app/(main)/vouchers/page.tsx

https://nextjs.org/docs/messages/module-not-found @ :0
[   60769ms] [ERROR] ./components/screens/owner/vouchers/OwnerVouchersPage.tsx:2:1
Module not found: Can't resolve '@/components/screens/owner/vouchers/OwnerVouchersClientContent'
  1 | import { getVouchersPageData } from "@/app/(main)/vouchers/data"
> 2 | import { OwnerVouchersClientContent } from "@/components/screens/owner/vouchers/OwnerVouchersClientContent"
    | ^^^^^^^^^^^^^^^^^^^^^^^^^^^^^^^^^^^^^^^^^^^^^^^^^^^^^^^^^^^^^^^^^^^^^^^^^^^^^^^^^^^^^^^^^^^^^^^^^^^^^^^^^^^
  3 |
  4 | export type VoucherViewStatus =
  5 |   | "active"

Import map: aliased to relative './components/screens/owner/vouchers/OwnerVouchersClientContent' inside of [project]/

Import trace:
  Server Component:
    ./components/screens/owner/vouchers/OwnerVouchersPage.tsx
    ./app/(main)/vouchers/page.tsx

https://nextjs.org/docs/messages/module-not-found @ :0
[   60828ms] [ERROR] ./components/screens/owner/vouchers/OwnerVouchersPage.tsx:2:1
Module not found: Can't resolve '@/components/screens/owner/vouchers/OwnerVouchersClientContent'
  1 | import { getVouchersPageData } from "@/app/(main)/vouchers/data"
> 2 | import { OwnerVouchersClientContent } from "@/components/screens/owner/vouchers/OwnerVouchersClientContent"
    | ^^^^^^^^^^^^^^^^^^^^^^^^^^^^^^^^^^^^^^^^^^^^^^^^^^^^^^^^^^^^^^^^^^^^^^^^^^^^^^^^^^^^^^^^^^^^^^^^^^^^^^^^^^^
  3 |
  4 | export type VoucherViewStatus =
  5 |   | "active"

Import map: aliased to relative './components/screens/owner/vouchers/OwnerVouchersClientContent' inside of [project]/

Import trace:
  Server Component:
    ./components/screens/owner/vouchers/OwnerVouchersPage.tsx
    ./app/(main)/vouchers/page.tsx

https://nextjs.org/docs/messages/module-not-found @ :0
[   60893ms] [ERROR] ./components/screens/owner/vouchers/OwnerVouchersPage.tsx:2:1
Module not found: Can't resolve '@/components/screens/owner/vouchers/OwnerVouchersClientContent'
  1 | import { getVouchersPageData } from "@/app/(main)/vouchers/data"
> 2 | import { OwnerVouchersClientContent } from "@/components/screens/owner/vouchers/OwnerVouchersClientContent"
    | ^^^^^^^^^^^^^^^^^^^^^^^^^^^^^^^^^^^^^^^^^^^^^^^^^^^^^^^^^^^^^^^^^^^^^^^^^^^^^^^^^^^^^^^^^^^^^^^^^^^^^^^^^^^
  3 |
  4 | export type VoucherViewStatus =
  5 |   | "active"

Import map: aliased to relative './components/screens/owner/vouchers/OwnerVouchersClientContent' inside of [project]/

Import trace:
  Server Component:
    ./components/screens/owner/vouchers/OwnerVouchersPage.tsx
    ./app/(main)/vouchers/page.tsx

https://nextjs.org/docs/messages/module-not-found @ :0
[   60958ms] [ERROR] ./components/screens/owner/vouchers/OwnerVouchersPage.tsx:2:1
Module not found: Can't resolve '@/components/screens/owner/vouchers/OwnerVouchersClientContent'
  1 | import { getVouchersPageData } from "@/app/(main)/vouchers/data"
> 2 | import { OwnerVouchersClientContent } from "@/components/screens/owner/vouchers/OwnerVouchersClientContent"
    | ^^^^^^^^^^^^^^^^^^^^^^^^^^^^^^^^^^^^^^^^^^^^^^^^^^^^^^^^^^^^^^^^^^^^^^^^^^^^^^^^^^^^^^^^^^^^^^^^^^^^^^^^^^^
  3 |
  4 | export type VoucherViewStatus =
  5 |   | "active"

Import map: aliased to relative './components/screens/owner/vouchers/OwnerVouchersClientContent' inside of [project]/

Import trace:
  Server Component:
    ./components/screens/owner/vouchers/OwnerVouchersPage.tsx
    ./app/(main)/vouchers/page.tsx

https://nextjs.org/docs/messages/module-not-found @ :0
[   61021ms] [ERROR] ./components/screens/owner/vouchers/OwnerVouchersPage.tsx:2:1
Module not found: Can't resolve '@/components/screens/owner/vouchers/OwnerVouchersClientContent'
  1 | import { getVouchersPageData } from "@/app/(main)/vouchers/data"
> 2 | import { OwnerVouchersClientContent } from "@/components/screens/owner/vouchers/OwnerVouchersClientContent"
    | ^^^^^^^^^^^^^^^^^^^^^^^^^^^^^^^^^^^^^^^^^^^^^^^^^^^^^^^^^^^^^^^^^^^^^^^^^^^^^^^^^^^^^^^^^^^^^^^^^^^^^^^^^^^
  3 |
  4 | export type VoucherViewStatus =
  5 |   | "active"

Import map: aliased to relative './components/screens/owner/vouchers/OwnerVouchersClientContent' inside of [project]/

Import trace:
  Server Component:
    ./components/screens/owner/vouchers/OwnerVouchersPage.tsx
    ./app/(main)/vouchers/page.tsx

https://nextjs.org/docs/messages/module-not-found @ :0
[   61082ms] [ERROR] ./components/screens/owner/vouchers/OwnerVouchersPage.tsx:2:1
Module not found: Can't resolve '@/components/screens/owner/vouchers/OwnerVouchersClientContent'
  1 | import { getVouchersPageData } from "@/app/(main)/vouchers/data"
> 2 | import { OwnerVouchersClientContent } from "@/components/screens/owner/vouchers/OwnerVouchersClientContent"
    | ^^^^^^^^^^^^^^^^^^^^^^^^^^^^^^^^^^^^^^^^^^^^^^^^^^^^^^^^^^^^^^^^^^^^^^^^^^^^^^^^^^^^^^^^^^^^^^^^^^^^^^^^^^^
  3 |
  4 | export type VoucherViewStatus =
  5 |   | "active"

Import map: aliased to relative './components/screens/owner/vouchers/OwnerVouchersClientContent' inside of [project]/

Import trace:
  Server Component:
    ./components/screens/owner/vouchers/OwnerVouchersPage.tsx
    ./app/(main)/vouchers/page.tsx

https://nextjs.org/docs/messages/module-not-found @ :0
[   61144ms] [ERROR] ./components/screens/owner/vouchers/OwnerVouchersPage.tsx:2:1
Module not found: Can't resolve '@/components/screens/owner/vouchers/OwnerVouchersClientContent'
  1 | import { getVouchersPageData } from "@/app/(main)/vouchers/data"
> 2 | import { OwnerVouchersClientContent } from "@/components/screens/owner/vouchers/OwnerVouchersClientContent"
    | ^^^^^^^^^^^^^^^^^^^^^^^^^^^^^^^^^^^^^^^^^^^^^^^^^^^^^^^^^^^^^^^^^^^^^^^^^^^^^^^^^^^^^^^^^^^^^^^^^^^^^^^^^^^
  3 |
  4 | export type VoucherViewStatus =
  5 |   | "active"

Import map: aliased to relative './components/screens/owner/vouchers/OwnerVouchersClientContent' inside of [project]/

Import trace:
  Server Component:
    ./components/screens/owner/vouchers/OwnerVouchersPage.tsx
    ./app/(main)/vouchers/page.tsx

https://nextjs.org/docs/messages/module-not-found @ :0
[   61209ms] [ERROR] ./components/screens/owner/vouchers/OwnerVouchersPage.tsx:2:1
Module not found: Can't resolve '@/components/screens/owner/vouchers/OwnerVouchersClientContent'
  1 | import { getVouchersPageData } from "@/app/(main)/vouchers/data"
> 2 | import { OwnerVouchersClientContent } from "@/components/screens/owner/vouchers/OwnerVouchersClientContent"
    | ^^^^^^^^^^^^^^^^^^^^^^^^^^^^^^^^^^^^^^^^^^^^^^^^^^^^^^^^^^^^^^^^^^^^^^^^^^^^^^^^^^^^^^^^^^^^^^^^^^^^^^^^^^^
  3 |
  4 | export type VoucherViewStatus =
  5 |   | "active"

Import map: aliased to relative './components/screens/owner/vouchers/OwnerVouchersClientContent' inside of [project]/

Import trace:
  Server Component:
    ./components/screens/owner/vouchers/OwnerVouchersPage.tsx
    ./app/(main)/vouchers/page.tsx

https://nextjs.org/docs/messages/module-not-found @ :0
[   61269ms] [ERROR] ./components/screens/owner/vouchers/OwnerVouchersPage.tsx:2:1
Module not found: Can't resolve '@/components/screens/owner/vouchers/OwnerVouchersClientContent'
  1 | import { getVouchersPageData } from "@/app/(main)/vouchers/data"
> 2 | import { OwnerVouchersClientContent } from "@/components/screens/owner/vouchers/OwnerVouchersClientContent"
    | ^^^^^^^^^^^^^^^^^^^^^^^^^^^^^^^^^^^^^^^^^^^^^^^^^^^^^^^^^^^^^^^^^^^^^^^^^^^^^^^^^^^^^^^^^^^^^^^^^^^^^^^^^^^
  3 |
  4 | export type VoucherViewStatus =
  5 |   | "active"

Import map: aliased to relative './components/screens/owner/vouchers/OwnerVouchersClientContent' inside of [project]/

Import trace:
  Server Component:
    ./components/screens/owner/vouchers/OwnerVouchersPage.tsx
    ./app/(main)/vouchers/page.tsx

https://nextjs.org/docs/messages/module-not-found @ :0
[   61327ms] [ERROR] ./components/screens/owner/vouchers/OwnerVouchersPage.tsx:2:1
Module not found: Can't resolve '@/components/screens/owner/vouchers/OwnerVouchersClientContent'
  1 | import { getVouchersPageData } from "@/app/(main)/vouchers/data"
> 2 | import { OwnerVouchersClientContent } from "@/components/screens/owner/vouchers/OwnerVouchersClientContent"
    | ^^^^^^^^^^^^^^^^^^^^^^^^^^^^^^^^^^^^^^^^^^^^^^^^^^^^^^^^^^^^^^^^^^^^^^^^^^^^^^^^^^^^^^^^^^^^^^^^^^^^^^^^^^^
  3 |
  4 | export type VoucherViewStatus =
  5 |   | "active"

Import map: aliased to relative './components/screens/owner/vouchers/OwnerVouchersClientContent' inside of [project]/

Import trace:
  Server Component:
    ./components/screens/owner/vouchers/OwnerVouchersPage.tsx
    ./app/(main)/vouchers/page.tsx

https://nextjs.org/docs/messages/module-not-found @ :0
[   61386ms] [ERROR] ./components/screens/owner/vouchers/OwnerVouchersPage.tsx:2:1
Module not found: Can't resolve '@/components/screens/owner/vouchers/OwnerVouchersClientContent'
  1 | import { getVouchersPageData } from "@/app/(main)/vouchers/data"
> 2 | import { OwnerVouchersClientContent } from "@/components/screens/owner/vouchers/OwnerVouchersClientContent"
    | ^^^^^^^^^^^^^^^^^^^^^^^^^^^^^^^^^^^^^^^^^^^^^^^^^^^^^^^^^^^^^^^^^^^^^^^^^^^^^^^^^^^^^^^^^^^^^^^^^^^^^^^^^^^
  3 |
  4 | export type VoucherViewStatus =
  5 |   | "active"

Import map: aliased to relative './components/screens/owner/vouchers/OwnerVouchersClientContent' inside of [project]/

Import trace:
  Server Component:
    ./components/screens/owner/vouchers/OwnerVouchersPage.tsx
    ./app/(main)/vouchers/page.tsx

https://nextjs.org/docs/messages/module-not-found @ :0
[   61444ms] [ERROR] ./components/screens/owner/vouchers/OwnerVouchersPage.tsx:2:1
Module not found: Can't resolve '@/components/screens/owner/vouchers/OwnerVouchersClientContent'
  1 | import { getVouchersPageData } from "@/app/(main)/vouchers/data"
> 2 | import { OwnerVouchersClientContent } from "@/components/screens/owner/vouchers/OwnerVouchersClientContent"
    | ^^^^^^^^^^^^^^^^^^^^^^^^^^^^^^^^^^^^^^^^^^^^^^^^^^^^^^^^^^^^^^^^^^^^^^^^^^^^^^^^^^^^^^^^^^^^^^^^^^^^^^^^^^^
  3 |
  4 | export type VoucherViewStatus =
  5 |   | "active"

Import map: aliased to relative './components/screens/owner/vouchers/OwnerVouchersClientContent' inside of [project]/

Import trace:
  Server Component:
    ./components/screens/owner/vouchers/OwnerVouchersPage.tsx
    ./app/(main)/vouchers/page.tsx

https://nextjs.org/docs/messages/module-not-found @ :0
[   61502ms] [ERROR] ./components/screens/owner/vouchers/OwnerVouchersPage.tsx:2:1
Module not found: Can't resolve '@/components/screens/owner/vouchers/OwnerVouchersClientContent'
  1 | import { getVouchersPageData } from "@/app/(main)/vouchers/data"
> 2 | import { OwnerVouchersClientContent } from "@/components/screens/owner/vouchers/OwnerVouchersClientContent"
    | ^^^^^^^^^^^^^^^^^^^^^^^^^^^^^^^^^^^^^^^^^^^^^^^^^^^^^^^^^^^^^^^^^^^^^^^^^^^^^^^^^^^^^^^^^^^^^^^^^^^^^^^^^^^
  3 |
  4 | export type VoucherViewStatus =
  5 |   | "active"

Import map: aliased to relative './components/screens/owner/vouchers/OwnerVouchersClientContent' inside of [project]/

Import trace:
  Server Component:
    ./components/screens/owner/vouchers/OwnerVouchersPage.tsx
    ./app/(main)/vouchers/page.tsx

https://nextjs.org/docs/messages/module-not-found @ :0
[   61560ms] [ERROR] ./components/screens/owner/vouchers/OwnerVouchersPage.tsx:2:1
Module not found: Can't resolve '@/components/screens/owner/vouchers/OwnerVouchersClientContent'
  1 | import { getVouchersPageData } from "@/app/(main)/vouchers/data"
> 2 | import { OwnerVouchersClientContent } from "@/components/screens/owner/vouchers/OwnerVouchersClientContent"
    | ^^^^^^^^^^^^^^^^^^^^^^^^^^^^^^^^^^^^^^^^^^^^^^^^^^^^^^^^^^^^^^^^^^^^^^^^^^^^^^^^^^^^^^^^^^^^^^^^^^^^^^^^^^^
  3 |
  4 | export type VoucherViewStatus =
  5 |   | "active"

Import map: aliased to relative './components/screens/owner/vouchers/OwnerVouchersClientContent' inside of [project]/

Import trace:
  Server Component:
    ./components/screens/owner/vouchers/OwnerVouchersPage.tsx
    ./app/(main)/vouchers/page.tsx

https://nextjs.org/docs/messages/module-not-found @ :0
[   61617ms] [ERROR] ./components/screens/owner/vouchers/OwnerVouchersPage.tsx:2:1
Module not found: Can't resolve '@/components/screens/owner/vouchers/OwnerVouchersClientContent'
  1 | import { getVouchersPageData } from "@/app/(main)/vouchers/data"
> 2 | import { OwnerVouchersClientContent } from "@/components/screens/owner/vouchers/OwnerVouchersClientContent"
    | ^^^^^^^^^^^^^^^^^^^^^^^^^^^^^^^^^^^^^^^^^^^^^^^^^^^^^^^^^^^^^^^^^^^^^^^^^^^^^^^^^^^^^^^^^^^^^^^^^^^^^^^^^^^
  3 |
  4 | export type VoucherViewStatus =
  5 |   | "active"

Import map: aliased to relative './components/screens/owner/vouchers/OwnerVouchersClientContent' inside of [project]/

Import trace:
  Server Component:
    ./components/screens/owner/vouchers/OwnerVouchersPage.tsx
    ./app/(main)/vouchers/page.tsx

https://nextjs.org/docs/messages/module-not-found @ :0
[   61676ms] [ERROR] ./components/screens/owner/vouchers/OwnerVouchersPage.tsx:2:1
Module not found: Can't resolve '@/components/screens/owner/vouchers/OwnerVouchersClientContent'
  1 | import { getVouchersPageData } from "@/app/(main)/vouchers/data"
> 2 | import { OwnerVouchersClientContent } from "@/components/screens/owner/vouchers/OwnerVouchersClientContent"
    | ^^^^^^^^^^^^^^^^^^^^^^^^^^^^^^^^^^^^^^^^^^^^^^^^^^^^^^^^^^^^^^^^^^^^^^^^^^^^^^^^^^^^^^^^^^^^^^^^^^^^^^^^^^^
  3 |
  4 | export type VoucherViewStatus =
  5 |   | "active"

Import map: aliased to relative './components/screens/owner/vouchers/OwnerVouchersClientContent' inside of [project]/

Import trace:
  Server Component:
    ./components/screens/owner/vouchers/OwnerVouchersPage.tsx
    ./app/(main)/vouchers/page.tsx

https://nextjs.org/docs/messages/module-not-found @ :0
[   61736ms] [ERROR] ./components/screens/owner/vouchers/OwnerVouchersPage.tsx:2:1
Module not found: Can't resolve '@/components/screens/owner/vouchers/OwnerVouchersClientContent'
  1 | import { getVouchersPageData } from "@/app/(main)/vouchers/data"
> 2 | import { OwnerVouchersClientContent } from "@/components/screens/owner/vouchers/OwnerVouchersClientContent"
    | ^^^^^^^^^^^^^^^^^^^^^^^^^^^^^^^^^^^^^^^^^^^^^^^^^^^^^^^^^^^^^^^^^^^^^^^^^^^^^^^^^^^^^^^^^^^^^^^^^^^^^^^^^^^
  3 |
  4 | export type VoucherViewStatus =
  5 |   | "active"

Import map: aliased to relative './components/screens/owner/vouchers/OwnerVouchersClientContent' inside of [project]/

Import trace:
  Server Component:
    ./components/screens/owner/vouchers/OwnerVouchersPage.tsx
    ./app/(main)/vouchers/page.tsx

https://nextjs.org/docs/messages/module-not-found @ :0
[   61795ms] [ERROR] ./components/screens/owner/vouchers/OwnerVouchersPage.tsx:2:1
Module not found: Can't resolve '@/components/screens/owner/vouchers/OwnerVouchersClientContent'
  1 | import { getVouchersPageData } from "@/app/(main)/vouchers/data"
> 2 | import { OwnerVouchersClientContent } from "@/components/screens/owner/vouchers/OwnerVouchersClientContent"
    | ^^^^^^^^^^^^^^^^^^^^^^^^^^^^^^^^^^^^^^^^^^^^^^^^^^^^^^^^^^^^^^^^^^^^^^^^^^^^^^^^^^^^^^^^^^^^^^^^^^^^^^^^^^^
  3 |
  4 | export type VoucherViewStatus =
  5 |   | "active"

Import map: aliased to relative './components/screens/owner/vouchers/OwnerVouchersClientContent' inside of [project]/

Import trace:
  Server Component:
    ./components/screens/owner/vouchers/OwnerVouchersPage.tsx
    ./app/(main)/vouchers/page.tsx

https://nextjs.org/docs/messages/module-not-found @ :0
[   61856ms] [ERROR] ./components/screens/owner/vouchers/OwnerVouchersPage.tsx:2:1
Module not found: Can't resolve '@/components/screens/owner/vouchers/OwnerVouchersClientContent'
  1 | import { getVouchersPageData } from "@/app/(main)/vouchers/data"
> 2 | import { OwnerVouchersClientContent } from "@/components/screens/owner/vouchers/OwnerVouchersClientContent"
    | ^^^^^^^^^^^^^^^^^^^^^^^^^^^^^^^^^^^^^^^^^^^^^^^^^^^^^^^^^^^^^^^^^^^^^^^^^^^^^^^^^^^^^^^^^^^^^^^^^^^^^^^^^^^
  3 |
  4 | export type VoucherViewStatus =
  5 |   | "active"

Import map: aliased to relative './components/screens/owner/vouchers/OwnerVouchersClientContent' inside of [project]/

Import trace:
  Server Component:
    ./components/screens/owner/vouchers/OwnerVouchersPage.tsx
    ./app/(main)/vouchers/page.tsx

https://nextjs.org/docs/messages/module-not-found @ :0
[   61916ms] [ERROR] ./components/screens/owner/vouchers/OwnerVouchersPage.tsx:2:1
Module not found: Can't resolve '@/components/screens/owner/vouchers/OwnerVouchersClientContent'
  1 | import { getVouchersPageData } from "@/app/(main)/vouchers/data"
> 2 | import { OwnerVouchersClientContent } from "@/components/screens/owner/vouchers/OwnerVouchersClientContent"
    | ^^^^^^^^^^^^^^^^^^^^^^^^^^^^^^^^^^^^^^^^^^^^^^^^^^^^^^^^^^^^^^^^^^^^^^^^^^^^^^^^^^^^^^^^^^^^^^^^^^^^^^^^^^^
  3 |
  4 | export type VoucherViewStatus =
  5 |   | "active"

Import map: aliased to relative './components/screens/owner/vouchers/OwnerVouchersClientContent' inside of [project]/

Import trace:
  Server Component:
    ./components/screens/owner/vouchers/OwnerVouchersPage.tsx
    ./app/(main)/vouchers/page.tsx

https://nextjs.org/docs/messages/module-not-found @ :0
[   61976ms] [ERROR] ./components/screens/owner/vouchers/OwnerVouchersPage.tsx:2:1
Module not found: Can't resolve '@/components/screens/owner/vouchers/OwnerVouchersClientContent'
  1 | import { getVouchersPageData } from "@/app/(main)/vouchers/data"
> 2 | import { OwnerVouchersClientContent } from "@/components/screens/owner/vouchers/OwnerVouchersClientContent"
    | ^^^^^^^^^^^^^^^^^^^^^^^^^^^^^^^^^^^^^^^^^^^^^^^^^^^^^^^^^^^^^^^^^^^^^^^^^^^^^^^^^^^^^^^^^^^^^^^^^^^^^^^^^^^
  3 |
  4 | export type VoucherViewStatus =
  5 |   | "active"

Import map: aliased to relative './components/screens/owner/vouchers/OwnerVouchersClientContent' inside of [project]/

Import trace:
  Server Component:
    ./components/screens/owner/vouchers/OwnerVouchersPage.tsx
    ./app/(main)/vouchers/page.tsx

https://nextjs.org/docs/messages/module-not-found @ :0
[   62035ms] [ERROR] ./components/screens/owner/vouchers/OwnerVouchersPage.tsx:2:1
Module not found: Can't resolve '@/components/screens/owner/vouchers/OwnerVouchersClientContent'
  1 | import { getVouchersPageData } from "@/app/(main)/vouchers/data"
> 2 | import { OwnerVouchersClientContent } from "@/components/screens/owner/vouchers/OwnerVouchersClientContent"
    | ^^^^^^^^^^^^^^^^^^^^^^^^^^^^^^^^^^^^^^^^^^^^^^^^^^^^^^^^^^^^^^^^^^^^^^^^^^^^^^^^^^^^^^^^^^^^^^^^^^^^^^^^^^^
  3 |
  4 | export type VoucherViewStatus =
  5 |   | "active"

Import map: aliased to relative './components/screens/owner/vouchers/OwnerVouchersClientContent' inside of [project]/

Import trace:
  Server Component:
    ./components/screens/owner/vouchers/OwnerVouchersPage.tsx
    ./app/(main)/vouchers/page.tsx

https://nextjs.org/docs/messages/module-not-found @ :0
[   62095ms] [ERROR] ./components/screens/owner/vouchers/OwnerVouchersPage.tsx:2:1
Module not found: Can't resolve '@/components/screens/owner/vouchers/OwnerVouchersClientContent'
  1 | import { getVouchersPageData } from "@/app/(main)/vouchers/data"
> 2 | import { OwnerVouchersClientContent } from "@/components/screens/owner/vouchers/OwnerVouchersClientContent"
    | ^^^^^^^^^^^^^^^^^^^^^^^^^^^^^^^^^^^^^^^^^^^^^^^^^^^^^^^^^^^^^^^^^^^^^^^^^^^^^^^^^^^^^^^^^^^^^^^^^^^^^^^^^^^
  3 |
  4 | export type VoucherViewStatus =
  5 |   | "active"

Import map: aliased to relative './components/screens/owner/vouchers/OwnerVouchersClientContent' inside of [project]/

Import trace:
  Server Component:
    ./components/screens/owner/vouchers/OwnerVouchersPage.tsx
    ./app/(main)/vouchers/page.tsx

https://nextjs.org/docs/messages/module-not-found @ :0
[   62157ms] [ERROR] ./components/screens/owner/vouchers/OwnerVouchersPage.tsx:2:1
Module not found: Can't resolve '@/components/screens/owner/vouchers/OwnerVouchersClientContent'
  1 | import { getVouchersPageData } from "@/app/(main)/vouchers/data"
> 2 | import { OwnerVouchersClientContent } from "@/components/screens/owner/vouchers/OwnerVouchersClientContent"
    | ^^^^^^^^^^^^^^^^^^^^^^^^^^^^^^^^^^^^^^^^^^^^^^^^^^^^^^^^^^^^^^^^^^^^^^^^^^^^^^^^^^^^^^^^^^^^^^^^^^^^^^^^^^^
  3 |
  4 | export type VoucherViewStatus =
  5 |   | "active"

Import map: aliased to relative './components/screens/owner/vouchers/OwnerVouchersClientContent' inside of [project]/

Import trace:
  Server Component:
    ./components/screens/owner/vouchers/OwnerVouchersPage.tsx
    ./app/(main)/vouchers/page.tsx

https://nextjs.org/docs/messages/module-not-found @ :0
[   62221ms] [ERROR] ./components/screens/owner/vouchers/OwnerVouchersPage.tsx:2:1
Module not found: Can't resolve '@/components/screens/owner/vouchers/OwnerVouchersClientContent'
  1 | import { getVouchersPageData } from "@/app/(main)/vouchers/data"
> 2 | import { OwnerVouchersClientContent } from "@/components/screens/owner/vouchers/OwnerVouchersClientContent"
    | ^^^^^^^^^^^^^^^^^^^^^^^^^^^^^^^^^^^^^^^^^^^^^^^^^^^^^^^^^^^^^^^^^^^^^^^^^^^^^^^^^^^^^^^^^^^^^^^^^^^^^^^^^^^
  3 |
  4 | export type VoucherViewStatus =
  5 |   | "active"

Import map: aliased to relative './components/screens/owner/vouchers/OwnerVouchersClientContent' inside of [project]/

Import trace:
  Server Component:
    ./components/screens/owner/vouchers/OwnerVouchersPage.tsx
    ./app/(main)/vouchers/page.tsx

https://nextjs.org/docs/messages/module-not-found @ :0
[   62281ms] [ERROR] ./components/screens/owner/vouchers/OwnerVouchersPage.tsx:2:1
Module not found: Can't resolve '@/components/screens/owner/vouchers/OwnerVouchersClientContent'
  1 | import { getVouchersPageData } from "@/app/(main)/vouchers/data"
> 2 | import { OwnerVouchersClientContent } from "@/components/screens/owner/vouchers/OwnerVouchersClientContent"
    | ^^^^^^^^^^^^^^^^^^^^^^^^^^^^^^^^^^^^^^^^^^^^^^^^^^^^^^^^^^^^^^^^^^^^^^^^^^^^^^^^^^^^^^^^^^^^^^^^^^^^^^^^^^^
  3 |
  4 | export type VoucherViewStatus =
  5 |   | "active"

Import map: aliased to relative './components/screens/owner/vouchers/OwnerVouchersClientContent' inside of [project]/

Import trace:
  Server Component:
    ./components/screens/owner/vouchers/OwnerVouchersPage.tsx
    ./app/(main)/vouchers/page.tsx

https://nextjs.org/docs/messages/module-not-found @ :0
[   62341ms] [ERROR] ./components/screens/owner/vouchers/OwnerVouchersPage.tsx:2:1
Module not found: Can't resolve '@/components/screens/owner/vouchers/OwnerVouchersClientContent'
  1 | import { getVouchersPageData } from "@/app/(main)/vouchers/data"
> 2 | import { OwnerVouchersClientContent } from "@/components/screens/owner/vouchers/OwnerVouchersClientContent"
    | ^^^^^^^^^^^^^^^^^^^^^^^^^^^^^^^^^^^^^^^^^^^^^^^^^^^^^^^^^^^^^^^^^^^^^^^^^^^^^^^^^^^^^^^^^^^^^^^^^^^^^^^^^^^
  3 |
  4 | export type VoucherViewStatus =
  5 |   | "active"

Import map: aliased to relative './components/screens/owner/vouchers/OwnerVouchersClientContent' inside of [project]/

Import trace:
  Server Component:
    ./components/screens/owner/vouchers/OwnerVouchersPage.tsx
    ./app/(main)/vouchers/page.tsx

https://nextjs.org/docs/messages/module-not-found @ :0
[   62401ms] [ERROR] ./components/screens/owner/vouchers/OwnerVouchersPage.tsx:2:1
Module not found: Can't resolve '@/components/screens/owner/vouchers/OwnerVouchersClientContent'
  1 | import { getVouchersPageData } from "@/app/(main)/vouchers/data"
> 2 | import { OwnerVouchersClientContent } from "@/components/screens/owner/vouchers/OwnerVouchersClientContent"
    | ^^^^^^^^^^^^^^^^^^^^^^^^^^^^^^^^^^^^^^^^^^^^^^^^^^^^^^^^^^^^^^^^^^^^^^^^^^^^^^^^^^^^^^^^^^^^^^^^^^^^^^^^^^^
  3 |
  4 | export type VoucherViewStatus =
  5 |   | "active"

Import map: aliased to relative './components/screens/owner/vouchers/OwnerVouchersClientContent' inside of [project]/

Import trace:
  Server Component:
    ./components/screens/owner/vouchers/OwnerVouchersPage.tsx
    ./app/(main)/vouchers/page.tsx

https://nextjs.org/docs/messages/module-not-found @ :0
[   62461ms] [ERROR] ./components/screens/owner/vouchers/OwnerVouchersPage.tsx:2:1
Module not found: Can't resolve '@/components/screens/owner/vouchers/OwnerVouchersClientContent'
  1 | import { getVouchersPageData } from "@/app/(main)/vouchers/data"
> 2 | import { OwnerVouchersClientContent } from "@/components/screens/owner/vouchers/OwnerVouchersClientContent"
    | ^^^^^^^^^^^^^^^^^^^^^^^^^^^^^^^^^^^^^^^^^^^^^^^^^^^^^^^^^^^^^^^^^^^^^^^^^^^^^^^^^^^^^^^^^^^^^^^^^^^^^^^^^^^
  3 |
  4 | export type VoucherViewStatus =
  5 |   | "active"

Import map: aliased to relative './components/screens/owner/vouchers/OwnerVouchersClientContent' inside of [project]/

Import trace:
  Server Component:
    ./components/screens/owner/vouchers/OwnerVouchersPage.tsx
    ./app/(main)/vouchers/page.tsx

https://nextjs.org/docs/messages/module-not-found @ :0
[   62521ms] [ERROR] ./components/screens/owner/vouchers/OwnerVouchersPage.tsx:2:1
Module not found: Can't resolve '@/components/screens/owner/vouchers/OwnerVouchersClientContent'
  1 | import { getVouchersPageData } from "@/app/(main)/vouchers/data"
> 2 | import { OwnerVouchersClientContent } from "@/components/screens/owner/vouchers/OwnerVouchersClientContent"
    | ^^^^^^^^^^^^^^^^^^^^^^^^^^^^^^^^^^^^^^^^^^^^^^^^^^^^^^^^^^^^^^^^^^^^^^^^^^^^^^^^^^^^^^^^^^^^^^^^^^^^^^^^^^^
  3 |
  4 | export type VoucherViewStatus =
  5 |   | "active"

Import map: aliased to relative './components/screens/owner/vouchers/OwnerVouchersClientContent' inside of [project]/

Import trace:
  Server Component:
    ./components/screens/owner/vouchers/OwnerVouchersPage.tsx
    ./app/(main)/vouchers/page.tsx

https://nextjs.org/docs/messages/module-not-found @ :0
[   62583ms] [ERROR] ./components/screens/owner/vouchers/OwnerVouchersPage.tsx:2:1
Module not found: Can't resolve '@/components/screens/owner/vouchers/OwnerVouchersClientContent'
  1 | import { getVouchersPageData } from "@/app/(main)/vouchers/data"
> 2 | import { OwnerVouchersClientContent } from "@/components/screens/owner/vouchers/OwnerVouchersClientContent"
    | ^^^^^^^^^^^^^^^^^^^^^^^^^^^^^^^^^^^^^^^^^^^^^^^^^^^^^^^^^^^^^^^^^^^^^^^^^^^^^^^^^^^^^^^^^^^^^^^^^^^^^^^^^^^
  3 |
  4 | export type VoucherViewStatus =
  5 |   | "active"

Import map: aliased to relative './components/screens/owner/vouchers/OwnerVouchersClientContent' inside of [project]/

Import trace:
  Server Component:
    ./components/screens/owner/vouchers/OwnerVouchersPage.tsx
    ./app/(main)/vouchers/page.tsx

https://nextjs.org/docs/messages/module-not-found @ :0
[   62643ms] [ERROR] ./components/screens/owner/vouchers/OwnerVouchersPage.tsx:2:1
Module not found: Can't resolve '@/components/screens/owner/vouchers/OwnerVouchersClientContent'
  1 | import { getVouchersPageData } from "@/app/(main)/vouchers/data"
> 2 | import { OwnerVouchersClientContent } from "@/components/screens/owner/vouchers/OwnerVouchersClientContent"
    | ^^^^^^^^^^^^^^^^^^^^^^^^^^^^^^^^^^^^^^^^^^^^^^^^^^^^^^^^^^^^^^^^^^^^^^^^^^^^^^^^^^^^^^^^^^^^^^^^^^^^^^^^^^^
  3 |
  4 | export type VoucherViewStatus =
  5 |   | "active"

Import map: aliased to relative './components/screens/owner/vouchers/OwnerVouchersClientContent' inside of [project]/

Import trace:
  Server Component:
    ./components/screens/owner/vouchers/OwnerVouchersPage.tsx
    ./app/(main)/vouchers/page.tsx

https://nextjs.org/docs/messages/module-not-found @ :0
[   62702ms] [ERROR] ./components/screens/owner/vouchers/OwnerVouchersPage.tsx:2:1
Module not found: Can't resolve '@/components/screens/owner/vouchers/OwnerVouchersClientContent'
  1 | import { getVouchersPageData } from "@/app/(main)/vouchers/data"
> 2 | import { OwnerVouchersClientContent } from "@/components/screens/owner/vouchers/OwnerVouchersClientContent"
    | ^^^^^^^^^^^^^^^^^^^^^^^^^^^^^^^^^^^^^^^^^^^^^^^^^^^^^^^^^^^^^^^^^^^^^^^^^^^^^^^^^^^^^^^^^^^^^^^^^^^^^^^^^^^
  3 |
  4 | export type VoucherViewStatus =
  5 |   | "active"

Import map: aliased to relative './components/screens/owner/vouchers/OwnerVouchersClientContent' inside of [project]/

Import trace:
  Server Component:
    ./components/screens/owner/vouchers/OwnerVouchersPage.tsx
    ./app/(main)/vouchers/page.tsx

https://nextjs.org/docs/messages/module-not-found @ :0
[   62760ms] [ERROR] ./components/screens/owner/vouchers/OwnerVouchersPage.tsx:2:1
Module not found: Can't resolve '@/components/screens/owner/vouchers/OwnerVouchersClientContent'
  1 | import { getVouchersPageData } from "@/app/(main)/vouchers/data"
> 2 | import { OwnerVouchersClientContent } from "@/components/screens/owner/vouchers/OwnerVouchersClientContent"
    | ^^^^^^^^^^^^^^^^^^^^^^^^^^^^^^^^^^^^^^^^^^^^^^^^^^^^^^^^^^^^^^^^^^^^^^^^^^^^^^^^^^^^^^^^^^^^^^^^^^^^^^^^^^^
  3 |
  4 | export type VoucherViewStatus =
  5 |   | "active"

Import map: aliased to relative './components/screens/owner/vouchers/OwnerVouchersClientContent' inside of [project]/

Import trace:
  Server Component:
    ./components/screens/owner/vouchers/OwnerVouchersPage.tsx
    ./app/(main)/vouchers/page.tsx

https://nextjs.org/docs/messages/module-not-found @ :0
[   62818ms] [ERROR] ./components/screens/owner/vouchers/OwnerVouchersPage.tsx:2:1
Module not found: Can't resolve '@/components/screens/owner/vouchers/OwnerVouchersClientContent'
  1 | import { getVouchersPageData } from "@/app/(main)/vouchers/data"
> 2 | import { OwnerVouchersClientContent } from "@/components/screens/owner/vouchers/OwnerVouchersClientContent"
    | ^^^^^^^^^^^^^^^^^^^^^^^^^^^^^^^^^^^^^^^^^^^^^^^^^^^^^^^^^^^^^^^^^^^^^^^^^^^^^^^^^^^^^^^^^^^^^^^^^^^^^^^^^^^
  3 |
  4 | export type VoucherViewStatus =
  5 |   | "active"

Import map: aliased to relative './components/screens/owner/vouchers/OwnerVouchersClientContent' inside of [project]/

Import trace:
  Server Component:
    ./components/screens/owner/vouchers/OwnerVouchersPage.tsx
    ./app/(main)/vouchers/page.tsx

https://nextjs.org/docs/messages/module-not-found @ :0
[   62878ms] [ERROR] ./components/screens/owner/vouchers/OwnerVouchersPage.tsx:2:1
Module not found: Can't resolve '@/components/screens/owner/vouchers/OwnerVouchersClientContent'
  1 | import { getVouchersPageData } from "@/app/(main)/vouchers/data"
> 2 | import { OwnerVouchersClientContent } from "@/components/screens/owner/vouchers/OwnerVouchersClientContent"
    | ^^^^^^^^^^^^^^^^^^^^^^^^^^^^^^^^^^^^^^^^^^^^^^^^^^^^^^^^^^^^^^^^^^^^^^^^^^^^^^^^^^^^^^^^^^^^^^^^^^^^^^^^^^^
  3 |
  4 | export type VoucherViewStatus =
  5 |   | "active"

Import map: aliased to relative './components/screens/owner/vouchers/OwnerVouchersClientContent' inside of [project]/

Import trace:
  Server Component:
    ./components/screens/owner/vouchers/OwnerVouchersPage.tsx
    ./app/(main)/vouchers/page.tsx

https://nextjs.org/docs/messages/module-not-found @ :0
[   62937ms] [ERROR] ./components/screens/owner/vouchers/OwnerVouchersPage.tsx:2:1
Module not found: Can't resolve '@/components/screens/owner/vouchers/OwnerVouchersClientContent'
  1 | import { getVouchersPageData } from "@/app/(main)/vouchers/data"
> 2 | import { OwnerVouchersClientContent } from "@/components/screens/owner/vouchers/OwnerVouchersClientContent"
    | ^^^^^^^^^^^^^^^^^^^^^^^^^^^^^^^^^^^^^^^^^^^^^^^^^^^^^^^^^^^^^^^^^^^^^^^^^^^^^^^^^^^^^^^^^^^^^^^^^^^^^^^^^^^
  3 |
  4 | export type VoucherViewStatus =
  5 |   | "active"

Import map: aliased to relative './components/screens/owner/vouchers/OwnerVouchersClientContent' inside of [project]/

Import trace:
  Server Component:
    ./components/screens/owner/vouchers/OwnerVouchersPage.tsx
    ./app/(main)/vouchers/page.tsx

https://nextjs.org/docs/messages/module-not-found @ :0
[   62996ms] [ERROR] ./components/screens/owner/vouchers/OwnerVouchersPage.tsx:2:1
Module not found: Can't resolve '@/components/screens/owner/vouchers/OwnerVouchersClientContent'
  1 | import { getVouchersPageData } from "@/app/(main)/vouchers/data"
> 2 | import { OwnerVouchersClientContent } from "@/components/screens/owner/vouchers/OwnerVouchersClientContent"
    | ^^^^^^^^^^^^^^^^^^^^^^^^^^^^^^^^^^^^^^^^^^^^^^^^^^^^^^^^^^^^^^^^^^^^^^^^^^^^^^^^^^^^^^^^^^^^^^^^^^^^^^^^^^^
  3 |
  4 | export type VoucherViewStatus =
  5 |   | "active"

Import map: aliased to relative './components/screens/owner/vouchers/OwnerVouchersClientContent' inside of [project]/

Import trace:
  Server Component:
    ./components/screens/owner/vouchers/OwnerVouchersPage.tsx
    ./app/(main)/vouchers/page.tsx

https://nextjs.org/docs/messages/module-not-found @ :0
[   63056ms] [ERROR] ./components/screens/owner/vouchers/OwnerVouchersPage.tsx:2:1
Module not found: Can't resolve '@/components/screens/owner/vouchers/OwnerVouchersClientContent'
  1 | import { getVouchersPageData } from "@/app/(main)/vouchers/data"
> 2 | import { OwnerVouchersClientContent } from "@/components/screens/owner/vouchers/OwnerVouchersClientContent"
    | ^^^^^^^^^^^^^^^^^^^^^^^^^^^^^^^^^^^^^^^^^^^^^^^^^^^^^^^^^^^^^^^^^^^^^^^^^^^^^^^^^^^^^^^^^^^^^^^^^^^^^^^^^^^
  3 |
  4 | export type VoucherViewStatus =
  5 |   | "active"

Import map: aliased to relative './components/screens/owner/vouchers/OwnerVouchersClientContent' inside of [project]/

Import trace:
  Server Component:
    ./components/screens/owner/vouchers/OwnerVouchersPage.tsx
    ./app/(main)/vouchers/page.tsx

https://nextjs.org/docs/messages/module-not-found @ :0
[   63116ms] [ERROR] ./components/screens/owner/vouchers/OwnerVouchersPage.tsx:2:1
Module not found: Can't resolve '@/components/screens/owner/vouchers/OwnerVouchersClientContent'
  1 | import { getVouchersPageData } from "@/app/(main)/vouchers/data"
> 2 | import { OwnerVouchersClientContent } from "@/components/screens/owner/vouchers/OwnerVouchersClientContent"
    | ^^^^^^^^^^^^^^^^^^^^^^^^^^^^^^^^^^^^^^^^^^^^^^^^^^^^^^^^^^^^^^^^^^^^^^^^^^^^^^^^^^^^^^^^^^^^^^^^^^^^^^^^^^^
  3 |
  4 | export type VoucherViewStatus =
  5 |   | "active"

Import map: aliased to relative './components/screens/owner/vouchers/OwnerVouchersClientContent' inside of [project]/

Import trace:
  Server Component:
    ./components/screens/owner/vouchers/OwnerVouchersPage.tsx
    ./app/(main)/vouchers/page.tsx

https://nextjs.org/docs/messages/module-not-found @ :0
[   63180ms] [ERROR] ./components/screens/owner/vouchers/OwnerVouchersPage.tsx:2:1
Module not found: Can't resolve '@/components/screens/owner/vouchers/OwnerVouchersClientContent'
  1 | import { getVouchersPageData } from "@/app/(main)/vouchers/data"
> 2 | import { OwnerVouchersClientContent } from "@/components/screens/owner/vouchers/OwnerVouchersClientContent"
    | ^^^^^^^^^^^^^^^^^^^^^^^^^^^^^^^^^^^^^^^^^^^^^^^^^^^^^^^^^^^^^^^^^^^^^^^^^^^^^^^^^^^^^^^^^^^^^^^^^^^^^^^^^^^
  3 |
  4 | export type VoucherViewStatus =
  5 |   | "active"

Import map: aliased to relative './components/screens/owner/vouchers/OwnerVouchersClientContent' inside of [project]/

Import trace:
  Server Component:
    ./components/screens/owner/vouchers/OwnerVouchersPage.tsx
    ./app/(main)/vouchers/page.tsx

https://nextjs.org/docs/messages/module-not-found @ :0
[   63240ms] [ERROR] ./components/screens/owner/vouchers/OwnerVouchersPage.tsx:2:1
Module not found: Can't resolve '@/components/screens/owner/vouchers/OwnerVouchersClientContent'
  1 | import { getVouchersPageData } from "@/app/(main)/vouchers/data"
> 2 | import { OwnerVouchersClientContent } from "@/components/screens/owner/vouchers/OwnerVouchersClientContent"
    | ^^^^^^^^^^^^^^^^^^^^^^^^^^^^^^^^^^^^^^^^^^^^^^^^^^^^^^^^^^^^^^^^^^^^^^^^^^^^^^^^^^^^^^^^^^^^^^^^^^^^^^^^^^^
  3 |
  4 | export type VoucherViewStatus =
  5 |   | "active"

Import map: aliased to relative './components/screens/owner/vouchers/OwnerVouchersClientContent' inside of [project]/

Import trace:
  Server Component:
    ./components/screens/owner/vouchers/OwnerVouchersPage.tsx
    ./app/(main)/vouchers/page.tsx

https://nextjs.org/docs/messages/module-not-found @ :0
[   63298ms] [ERROR] ./components/screens/owner/vouchers/OwnerVouchersPage.tsx:2:1
Module not found: Can't resolve '@/components/screens/owner/vouchers/OwnerVouchersClientContent'
  1 | import { getVouchersPageData } from "@/app/(main)/vouchers/data"
> 2 | import { OwnerVouchersClientContent } from "@/components/screens/owner/vouchers/OwnerVouchersClientContent"
    | ^^^^^^^^^^^^^^^^^^^^^^^^^^^^^^^^^^^^^^^^^^^^^^^^^^^^^^^^^^^^^^^^^^^^^^^^^^^^^^^^^^^^^^^^^^^^^^^^^^^^^^^^^^^
  3 |
  4 | export type VoucherViewStatus =
  5 |   | "active"

Import map: aliased to relative './components/screens/owner/vouchers/OwnerVouchersClientContent' inside of [project]/

Import trace:
  Server Component:
    ./components/screens/owner/vouchers/OwnerVouchersPage.tsx
    ./app/(main)/vouchers/page.tsx

https://nextjs.org/docs/messages/module-not-found @ :0
[   63359ms] [ERROR] ./components/screens/owner/vouchers/OwnerVouchersPage.tsx:2:1
Module not found: Can't resolve '@/components/screens/owner/vouchers/OwnerVouchersClientContent'
  1 | import { getVouchersPageData } from "@/app/(main)/vouchers/data"
> 2 | import { OwnerVouchersClientContent } from "@/components/screens/owner/vouchers/OwnerVouchersClientContent"
    | ^^^^^^^^^^^^^^^^^^^^^^^^^^^^^^^^^^^^^^^^^^^^^^^^^^^^^^^^^^^^^^^^^^^^^^^^^^^^^^^^^^^^^^^^^^^^^^^^^^^^^^^^^^^
  3 |
  4 | export type VoucherViewStatus =
  5 |   | "active"

Import map: aliased to relative './components/screens/owner/vouchers/OwnerVouchersClientContent' inside of [project]/

Import trace:
  Server Component:
    ./components/screens/owner/vouchers/OwnerVouchersPage.tsx
    ./app/(main)/vouchers/page.tsx

https://nextjs.org/docs/messages/module-not-found @ :0
[   63419ms] [ERROR] ./components/screens/owner/vouchers/OwnerVouchersPage.tsx:2:1
Module not found: Can't resolve '@/components/screens/owner/vouchers/OwnerVouchersClientContent'
  1 | import { getVouchersPageData } from "@/app/(main)/vouchers/data"
> 2 | import { OwnerVouchersClientContent } from "@/components/screens/owner/vouchers/OwnerVouchersClientContent"
    | ^^^^^^^^^^^^^^^^^^^^^^^^^^^^^^^^^^^^^^^^^^^^^^^^^^^^^^^^^^^^^^^^^^^^^^^^^^^^^^^^^^^^^^^^^^^^^^^^^^^^^^^^^^^
  3 |
  4 | export type VoucherViewStatus =
  5 |   | "active"

Import map: aliased to relative './components/screens/owner/vouchers/OwnerVouchersClientContent' inside of [project]/

Import trace:
  Server Component:
    ./components/screens/owner/vouchers/OwnerVouchersPage.tsx
    ./app/(main)/vouchers/page.tsx

https://nextjs.org/docs/messages/module-not-found @ :0
[   63476ms] [ERROR] ./components/screens/owner/vouchers/OwnerVouchersPage.tsx:2:1
Module not found: Can't resolve '@/components/screens/owner/vouchers/OwnerVouchersClientContent'
  1 | import { getVouchersPageData } from "@/app/(main)/vouchers/data"
> 2 | import { OwnerVouchersClientContent } from "@/components/screens/owner/vouchers/OwnerVouchersClientContent"
    | ^^^^^^^^^^^^^^^^^^^^^^^^^^^^^^^^^^^^^^^^^^^^^^^^^^^^^^^^^^^^^^^^^^^^^^^^^^^^^^^^^^^^^^^^^^^^^^^^^^^^^^^^^^^
  3 |
  4 | export type VoucherViewStatus =
  5 |   | "active"

Import map: aliased to relative './components/screens/owner/vouchers/OwnerVouchersClientContent' inside of [project]/

Import trace:
  Server Component:
    ./components/screens/owner/vouchers/OwnerVouchersPage.tsx
    ./app/(main)/vouchers/page.tsx

https://nextjs.org/docs/messages/module-not-found @ :0
[   63534ms] [ERROR] ./components/screens/owner/vouchers/OwnerVouchersPage.tsx:2:1
Module not found: Can't resolve '@/components/screens/owner/vouchers/OwnerVouchersClientContent'
  1 | import { getVouchersPageData } from "@/app/(main)/vouchers/data"
> 2 | import { OwnerVouchersClientContent } from "@/components/screens/owner/vouchers/OwnerVouchersClientContent"
    | ^^^^^^^^^^^^^^^^^^^^^^^^^^^^^^^^^^^^^^^^^^^^^^^^^^^^^^^^^^^^^^^^^^^^^^^^^^^^^^^^^^^^^^^^^^^^^^^^^^^^^^^^^^^
  3 |
  4 | export type VoucherViewStatus =
  5 |   | "active"

Import map: aliased to relative './components/screens/owner/vouchers/OwnerVouchersClientContent' inside of [project]/

Import trace:
  Server Component:
    ./components/screens/owner/vouchers/OwnerVouchersPage.tsx
    ./app/(main)/vouchers/page.tsx

https://nextjs.org/docs/messages/module-not-found @ :0
[   63593ms] [ERROR] ./components/screens/owner/vouchers/OwnerVouchersPage.tsx:2:1
Module not found: Can't resolve '@/components/screens/owner/vouchers/OwnerVouchersClientContent'
  1 | import { getVouchersPageData } from "@/app/(main)/vouchers/data"
> 2 | import { OwnerVouchersClientContent } from "@/components/screens/owner/vouchers/OwnerVouchersClientContent"
    | ^^^^^^^^^^^^^^^^^^^^^^^^^^^^^^^^^^^^^^^^^^^^^^^^^^^^^^^^^^^^^^^^^^^^^^^^^^^^^^^^^^^^^^^^^^^^^^^^^^^^^^^^^^^
  3 |
  4 | export type VoucherViewStatus =
  5 |   | "active"

Import map: aliased to relative './components/screens/owner/vouchers/OwnerVouchersClientContent' inside of [project]/

Import trace:
  Server Component:
    ./components/screens/owner/vouchers/OwnerVouchersPage.tsx
    ./app/(main)/vouchers/page.tsx

https://nextjs.org/docs/messages/module-not-found @ :0
[   63655ms] [ERROR] ./components/screens/owner/vouchers/OwnerVouchersPage.tsx:2:1
Module not found: Can't resolve '@/components/screens/owner/vouchers/OwnerVouchersClientContent'
  1 | import { getVouchersPageData } from "@/app/(main)/vouchers/data"
> 2 | import { OwnerVouchersClientContent } from "@/components/screens/owner/vouchers/OwnerVouchersClientContent"
    | ^^^^^^^^^^^^^^^^^^^^^^^^^^^^^^^^^^^^^^^^^^^^^^^^^^^^^^^^^^^^^^^^^^^^^^^^^^^^^^^^^^^^^^^^^^^^^^^^^^^^^^^^^^^
  3 |
  4 | export type VoucherViewStatus =
  5 |   | "active"

Import map: aliased to relative './components/screens/owner/vouchers/OwnerVouchersClientContent' inside of [project]/

Import trace:
  Server Component:
    ./components/screens/owner/vouchers/OwnerVouchersPage.tsx
    ./app/(main)/vouchers/page.tsx

https://nextjs.org/docs/messages/module-not-found @ :0
[   63714ms] [ERROR] ./components/screens/owner/vouchers/OwnerVouchersPage.tsx:2:1
Module not found: Can't resolve '@/components/screens/owner/vouchers/OwnerVouchersClientContent'
  1 | import { getVouchersPageData } from "@/app/(main)/vouchers/data"
> 2 | import { OwnerVouchersClientContent } from "@/components/screens/owner/vouchers/OwnerVouchersClientContent"
    | ^^^^^^^^^^^^^^^^^^^^^^^^^^^^^^^^^^^^^^^^^^^^^^^^^^^^^^^^^^^^^^^^^^^^^^^^^^^^^^^^^^^^^^^^^^^^^^^^^^^^^^^^^^^
  3 |
  4 | export type VoucherViewStatus =
  5 |   | "active"

Import map: aliased to relative './components/screens/owner/vouchers/OwnerVouchersClientContent' inside of [project]/

Import trace:
  Server Component:
    ./components/screens/owner/vouchers/OwnerVouchersPage.tsx
    ./app/(main)/vouchers/page.tsx

https://nextjs.org/docs/messages/module-not-found @ :0
[   63773ms] [ERROR] ./components/screens/owner/vouchers/OwnerVouchersPage.tsx:2:1
Module not found: Can't resolve '@/components/screens/owner/vouchers/OwnerVouchersClientContent'
  1 | import { getVouchersPageData } from "@/app/(main)/vouchers/data"
> 2 | import { OwnerVouchersClientContent } from "@/components/screens/owner/vouchers/OwnerVouchersClientContent"
    | ^^^^^^^^^^^^^^^^^^^^^^^^^^^^^^^^^^^^^^^^^^^^^^^^^^^^^^^^^^^^^^^^^^^^^^^^^^^^^^^^^^^^^^^^^^^^^^^^^^^^^^^^^^^
  3 |
  4 | export type VoucherViewStatus =
  5 |   | "active"

Import map: aliased to relative './components/screens/owner/vouchers/OwnerVouchersClientContent' inside of [project]/

Import trace:
  Server Component:
    ./components/screens/owner/vouchers/OwnerVouchersPage.tsx
    ./app/(main)/vouchers/page.tsx

https://nextjs.org/docs/messages/module-not-found @ :0
[   63832ms] [ERROR] ./components/screens/owner/vouchers/OwnerVouchersPage.tsx:2:1
Module not found: Can't resolve '@/components/screens/owner/vouchers/OwnerVouchersClientContent'
  1 | import { getVouchersPageData } from "@/app/(main)/vouchers/data"
> 2 | import { OwnerVouchersClientContent } from "@/components/screens/owner/vouchers/OwnerVouchersClientContent"
    | ^^^^^^^^^^^^^^^^^^^^^^^^^^^^^^^^^^^^^^^^^^^^^^^^^^^^^^^^^^^^^^^^^^^^^^^^^^^^^^^^^^^^^^^^^^^^^^^^^^^^^^^^^^^
  3 |
  4 | export type VoucherViewStatus =
  5 |   | "active"

Import map: aliased to relative './components/screens/owner/vouchers/OwnerVouchersClientContent' inside of [project]/

Import trace:
  Server Component:
    ./components/screens/owner/vouchers/OwnerVouchersPage.tsx
    ./app/(main)/vouchers/page.tsx

https://nextjs.org/docs/messages/module-not-found @ :0
[   63891ms] [ERROR] ./components/screens/owner/vouchers/OwnerVouchersPage.tsx:2:1
Module not found: Can't resolve '@/components/screens/owner/vouchers/OwnerVouchersClientContent'
  1 | import { getVouchersPageData } from "@/app/(main)/vouchers/data"
> 2 | import { OwnerVouchersClientContent } from "@/components/screens/owner/vouchers/OwnerVouchersClientContent"
    | ^^^^^^^^^^^^^^^^^^^^^^^^^^^^^^^^^^^^^^^^^^^^^^^^^^^^^^^^^^^^^^^^^^^^^^^^^^^^^^^^^^^^^^^^^^^^^^^^^^^^^^^^^^^
  3 |
  4 | export type VoucherViewStatus =
  5 |   | "active"

Import map: aliased to relative './components/screens/owner/vouchers/OwnerVouchersClientContent' inside of [project]/

Import trace:
  Server Component:
    ./components/screens/owner/vouchers/OwnerVouchersPage.tsx
    ./app/(main)/vouchers/page.tsx

https://nextjs.org/docs/messages/module-not-found @ :0
[   63948ms] [ERROR] ./components/screens/owner/vouchers/OwnerVouchersPage.tsx:2:1
Module not found: Can't resolve '@/components/screens/owner/vouchers/OwnerVouchersClientContent'
  1 | import { getVouchersPageData } from "@/app/(main)/vouchers/data"
> 2 | import { OwnerVouchersClientContent } from "@/components/screens/owner/vouchers/OwnerVouchersClientContent"
    | ^^^^^^^^^^^^^^^^^^^^^^^^^^^^^^^^^^^^^^^^^^^^^^^^^^^^^^^^^^^^^^^^^^^^^^^^^^^^^^^^^^^^^^^^^^^^^^^^^^^^^^^^^^^
  3 |
  4 | export type VoucherViewStatus =
  5 |   | "active"

Import map: aliased to relative './components/screens/owner/vouchers/OwnerVouchersClientContent' inside of [project]/

Import trace:
  Server Component:
    ./components/screens/owner/vouchers/OwnerVouchersPage.tsx
    ./app/(main)/vouchers/page.tsx

https://nextjs.org/docs/messages/module-not-found @ :0
[   64007ms] [ERROR] ./components/screens/owner/vouchers/OwnerVouchersPage.tsx:2:1
Module not found: Can't resolve '@/components/screens/owner/vouchers/OwnerVouchersClientContent'
  1 | import { getVouchersPageData } from "@/app/(main)/vouchers/data"
> 2 | import { OwnerVouchersClientContent } from "@/components/screens/owner/vouchers/OwnerVouchersClientContent"
    | ^^^^^^^^^^^^^^^^^^^^^^^^^^^^^^^^^^^^^^^^^^^^^^^^^^^^^^^^^^^^^^^^^^^^^^^^^^^^^^^^^^^^^^^^^^^^^^^^^^^^^^^^^^^
  3 |
  4 | export type VoucherViewStatus =
  5 |   | "active"

Import map: aliased to relative './components/screens/owner/vouchers/OwnerVouchersClientContent' inside of [project]/

Import trace:
  Server Component:
    ./components/screens/owner/vouchers/OwnerVouchersPage.tsx
    ./app/(main)/vouchers/page.tsx

https://nextjs.org/docs/messages/module-not-found @ :0
[   64066ms] [ERROR] ./components/screens/owner/vouchers/OwnerVouchersPage.tsx:2:1
Module not found: Can't resolve '@/components/screens/owner/vouchers/OwnerVouchersClientContent'
  1 | import { getVouchersPageData } from "@/app/(main)/vouchers/data"
> 2 | import { OwnerVouchersClientContent } from "@/components/screens/owner/vouchers/OwnerVouchersClientContent"
    | ^^^^^^^^^^^^^^^^^^^^^^^^^^^^^^^^^^^^^^^^^^^^^^^^^^^^^^^^^^^^^^^^^^^^^^^^^^^^^^^^^^^^^^^^^^^^^^^^^^^^^^^^^^^
  3 |
  4 | export type VoucherViewStatus =
  5 |   | "active"

Import map: aliased to relative './components/screens/owner/vouchers/OwnerVouchersClientContent' inside of [project]/

Import trace:
  Server Component:
    ./components/screens/owner/vouchers/OwnerVouchersPage.tsx
    ./app/(main)/vouchers/page.tsx

https://nextjs.org/docs/messages/module-not-found @ :0
[   64124ms] [ERROR] ./components/screens/owner/vouchers/OwnerVouchersPage.tsx:2:1
Module not found: Can't resolve '@/components/screens/owner/vouchers/OwnerVouchersClientContent'
  1 | import { getVouchersPageData } from "@/app/(main)/vouchers/data"
> 2 | import { OwnerVouchersClientContent } from "@/components/screens/owner/vouchers/OwnerVouchersClientContent"
    | ^^^^^^^^^^^^^^^^^^^^^^^^^^^^^^^^^^^^^^^^^^^^^^^^^^^^^^^^^^^^^^^^^^^^^^^^^^^^^^^^^^^^^^^^^^^^^^^^^^^^^^^^^^^
  3 |
  4 | export type VoucherViewStatus =
  5 |   | "active"

Import map: aliased to relative './components/screens/owner/vouchers/OwnerVouchersClientContent' inside of [project]/

Import trace:
  Server Component:
    ./components/screens/owner/vouchers/OwnerVouchersPage.tsx
    ./app/(main)/vouchers/page.tsx

https://nextjs.org/docs/messages/module-not-found @ :0
[   64183ms] [ERROR] ./components/screens/owner/vouchers/OwnerVouchersPage.tsx:2:1
Module not found: Can't resolve '@/components/screens/owner/vouchers/OwnerVouchersClientContent'
  1 | import { getVouchersPageData } from "@/app/(main)/vouchers/data"
> 2 | import { OwnerVouchersClientContent } from "@/components/screens/owner/vouchers/OwnerVouchersClientContent"
    | ^^^^^^^^^^^^^^^^^^^^^^^^^^^^^^^^^^^^^^^^^^^^^^^^^^^^^^^^^^^^^^^^^^^^^^^^^^^^^^^^^^^^^^^^^^^^^^^^^^^^^^^^^^^
  3 |
  4 | export type VoucherViewStatus =
  5 |   | "active"

Import map: aliased to relative './components/screens/owner/vouchers/OwnerVouchersClientContent' inside of [project]/

Import trace:
  Server Component:
    ./components/screens/owner/vouchers/OwnerVouchersPage.tsx
    ./app/(main)/vouchers/page.tsx

https://nextjs.org/docs/messages/module-not-found @ :0
[   64243ms] [ERROR] ./components/screens/owner/vouchers/OwnerVouchersPage.tsx:2:1
Module not found: Can't resolve '@/components/screens/owner/vouchers/OwnerVouchersClientContent'
  1 | import { getVouchersPageData } from "@/app/(main)/vouchers/data"
> 2 | import { OwnerVouchersClientContent } from "@/components/screens/owner/vouchers/OwnerVouchersClientContent"
    | ^^^^^^^^^^^^^^^^^^^^^^^^^^^^^^^^^^^^^^^^^^^^^^^^^^^^^^^^^^^^^^^^^^^^^^^^^^^^^^^^^^^^^^^^^^^^^^^^^^^^^^^^^^^
  3 |
  4 | export type VoucherViewStatus =
  5 |   | "active"

Import map: aliased to relative './components/screens/owner/vouchers/OwnerVouchersClientContent' inside of [project]/

Import trace:
  Server Component:
    ./components/screens/owner/vouchers/OwnerVouchersPage.tsx
    ./app/(main)/vouchers/page.tsx

https://nextjs.org/docs/messages/module-not-found @ :0
[   64302ms] [ERROR] ./components/screens/owner/vouchers/OwnerVouchersPage.tsx:2:1
Module not found: Can't resolve '@/components/screens/owner/vouchers/OwnerVouchersClientContent'
  1 | import { getVouchersPageData } from "@/app/(main)/vouchers/data"
> 2 | import { OwnerVouchersClientContent } from "@/components/screens/owner/vouchers/OwnerVouchersClientContent"
    | ^^^^^^^^^^^^^^^^^^^^^^^^^^^^^^^^^^^^^^^^^^^^^^^^^^^^^^^^^^^^^^^^^^^^^^^^^^^^^^^^^^^^^^^^^^^^^^^^^^^^^^^^^^^
  3 |
  4 | export type VoucherViewStatus =
  5 |   | "active"

Import map: aliased to relative './components/screens/owner/vouchers/OwnerVouchersClientContent' inside of [project]/

Import trace:
  Server Component:
    ./components/screens/owner/vouchers/OwnerVouchersPage.tsx
    ./app/(main)/vouchers/page.tsx

https://nextjs.org/docs/messages/module-not-found @ :0
[   64369ms] [ERROR] ./components/screens/owner/vouchers/OwnerVouchersPage.tsx:2:1
Module not found: Can't resolve '@/components/screens/owner/vouchers/OwnerVouchersClientContent'
  1 | import { getVouchersPageData } from "@/app/(main)/vouchers/data"
> 2 | import { OwnerVouchersClientContent } from "@/components/screens/owner/vouchers/OwnerVouchersClientContent"
    | ^^^^^^^^^^^^^^^^^^^^^^^^^^^^^^^^^^^^^^^^^^^^^^^^^^^^^^^^^^^^^^^^^^^^^^^^^^^^^^^^^^^^^^^^^^^^^^^^^^^^^^^^^^^
  3 |
  4 | export type VoucherViewStatus =
  5 |   | "active"

Import map: aliased to relative './components/screens/owner/vouchers/OwnerVouchersClientContent' inside of [project]/

Import trace:
  Server Component:
    ./components/screens/owner/vouchers/OwnerVouchersPage.tsx
    ./app/(main)/vouchers/page.tsx

https://nextjs.org/docs/messages/module-not-found @ :0
[   64430ms] [ERROR] ./components/screens/owner/vouchers/OwnerVouchersPage.tsx:2:1
Module not found: Can't resolve '@/components/screens/owner/vouchers/OwnerVouchersClientContent'
  1 | import { getVouchersPageData } from "@/app/(main)/vouchers/data"
> 2 | import { OwnerVouchersClientContent } from "@/components/screens/owner/vouchers/OwnerVouchersClientContent"
    | ^^^^^^^^^^^^^^^^^^^^^^^^^^^^^^^^^^^^^^^^^^^^^^^^^^^^^^^^^^^^^^^^^^^^^^^^^^^^^^^^^^^^^^^^^^^^^^^^^^^^^^^^^^^
  3 |
  4 | export type VoucherViewStatus =
  5 |   | "active"

Import map: aliased to relative './components/screens/owner/vouchers/OwnerVouchersClientContent' inside of [project]/

Import trace:
  Server Component:
    ./components/screens/owner/vouchers/OwnerVouchersPage.tsx
    ./app/(main)/vouchers/page.tsx

https://nextjs.org/docs/messages/module-not-found @ :0
[   64489ms] [ERROR] ./components/screens/owner/vouchers/OwnerVouchersPage.tsx:2:1
Module not found: Can't resolve '@/components/screens/owner/vouchers/OwnerVouchersClientContent'
  1 | import { getVouchersPageData } from "@/app/(main)/vouchers/data"
> 2 | import { OwnerVouchersClientContent } from "@/components/screens/owner/vouchers/OwnerVouchersClientContent"
    | ^^^^^^^^^^^^^^^^^^^^^^^^^^^^^^^^^^^^^^^^^^^^^^^^^^^^^^^^^^^^^^^^^^^^^^^^^^^^^^^^^^^^^^^^^^^^^^^^^^^^^^^^^^^
  3 |
  4 | export type VoucherViewStatus =
  5 |   | "active"

Import map: aliased to relative './components/screens/owner/vouchers/OwnerVouchersClientContent' inside of [project]/

Import trace:
  Server Component:
    ./components/screens/owner/vouchers/OwnerVouchersPage.tsx
    ./app/(main)/vouchers/page.tsx

https://nextjs.org/docs/messages/module-not-found @ :0
[   64547ms] [ERROR] ./components/screens/owner/vouchers/OwnerVouchersPage.tsx:2:1
Module not found: Can't resolve '@/components/screens/owner/vouchers/OwnerVouchersClientContent'
  1 | import { getVouchersPageData } from "@/app/(main)/vouchers/data"
> 2 | import { OwnerVouchersClientContent } from "@/components/screens/owner/vouchers/OwnerVouchersClientContent"
    | ^^^^^^^^^^^^^^^^^^^^^^^^^^^^^^^^^^^^^^^^^^^^^^^^^^^^^^^^^^^^^^^^^^^^^^^^^^^^^^^^^^^^^^^^^^^^^^^^^^^^^^^^^^^
  3 |
  4 | export type VoucherViewStatus =
  5 |   | "active"

Import map: aliased to relative './components/screens/owner/vouchers/OwnerVouchersClientContent' inside of [project]/

Import trace:
  Server Component:
    ./components/screens/owner/vouchers/OwnerVouchersPage.tsx
    ./app/(main)/vouchers/page.tsx

https://nextjs.org/docs/messages/module-not-found @ :0
[   64606ms] [ERROR] ./components/screens/owner/vouchers/OwnerVouchersPage.tsx:2:1
Module not found: Can't resolve '@/components/screens/owner/vouchers/OwnerVouchersClientContent'
  1 | import { getVouchersPageData } from "@/app/(main)/vouchers/data"
> 2 | import { OwnerVouchersClientContent } from "@/components/screens/owner/vouchers/OwnerVouchersClientContent"
    | ^^^^^^^^^^^^^^^^^^^^^^^^^^^^^^^^^^^^^^^^^^^^^^^^^^^^^^^^^^^^^^^^^^^^^^^^^^^^^^^^^^^^^^^^^^^^^^^^^^^^^^^^^^^
  3 |
  4 | export type VoucherViewStatus =
  5 |   | "active"

Import map: aliased to relative './components/screens/owner/vouchers/OwnerVouchersClientContent' inside of [project]/

Import trace:
  Server Component:
    ./components/screens/owner/vouchers/OwnerVouchersPage.tsx
    ./app/(main)/vouchers/page.tsx

https://nextjs.org/docs/messages/module-not-found @ :0
[   64667ms] [ERROR] ./components/screens/owner/vouchers/OwnerVouchersPage.tsx:2:1
Module not found: Can't resolve '@/components/screens/owner/vouchers/OwnerVouchersClientContent'
  1 | import { getVouchersPageData } from "@/app/(main)/vouchers/data"
> 2 | import { OwnerVouchersClientContent } from "@/components/screens/owner/vouchers/OwnerVouchersClientContent"
    | ^^^^^^^^^^^^^^^^^^^^^^^^^^^^^^^^^^^^^^^^^^^^^^^^^^^^^^^^^^^^^^^^^^^^^^^^^^^^^^^^^^^^^^^^^^^^^^^^^^^^^^^^^^^
  3 |
  4 | export type VoucherViewStatus =
  5 |   | "active"

Import map: aliased to relative './components/screens/owner/vouchers/OwnerVouchersClientContent' inside of [project]/

Import trace:
  Server Component:
    ./components/screens/owner/vouchers/OwnerVouchersPage.tsx
    ./app/(main)/vouchers/page.tsx

https://nextjs.org/docs/messages/module-not-found @ :0
[   64727ms] [ERROR] ./components/screens/owner/vouchers/OwnerVouchersPage.tsx:2:1
Module not found: Can't resolve '@/components/screens/owner/vouchers/OwnerVouchersClientContent'
  1 | import { getVouchersPageData } from "@/app/(main)/vouchers/data"
> 2 | import { OwnerVouchersClientContent } from "@/components/screens/owner/vouchers/OwnerVouchersClientContent"
    | ^^^^^^^^^^^^^^^^^^^^^^^^^^^^^^^^^^^^^^^^^^^^^^^^^^^^^^^^^^^^^^^^^^^^^^^^^^^^^^^^^^^^^^^^^^^^^^^^^^^^^^^^^^^
  3 |
  4 | export type VoucherViewStatus =
  5 |   | "active"

Import map: aliased to relative './components/screens/owner/vouchers/OwnerVouchersClientContent' inside of [project]/

Import trace:
  Server Component:
    ./components/screens/owner/vouchers/OwnerVouchersPage.tsx
    ./app/(main)/vouchers/page.tsx

https://nextjs.org/docs/messages/module-not-found @ :0
[   64788ms] [ERROR] ./components/screens/owner/vouchers/OwnerVouchersPage.tsx:2:1
Module not found: Can't resolve '@/components/screens/owner/vouchers/OwnerVouchersClientContent'
  1 | import { getVouchersPageData } from "@/app/(main)/vouchers/data"
> 2 | import { OwnerVouchersClientContent } from "@/components/screens/owner/vouchers/OwnerVouchersClientContent"
    | ^^^^^^^^^^^^^^^^^^^^^^^^^^^^^^^^^^^^^^^^^^^^^^^^^^^^^^^^^^^^^^^^^^^^^^^^^^^^^^^^^^^^^^^^^^^^^^^^^^^^^^^^^^^
  3 |
  4 | export type VoucherViewStatus =
  5 |   | "active"

Import map: aliased to relative './components/screens/owner/vouchers/OwnerVouchersClientContent' inside of [project]/

Import trace:
  Server Component:
    ./components/screens/owner/vouchers/OwnerVouchersPage.tsx
    ./app/(main)/vouchers/page.tsx

https://nextjs.org/docs/messages/module-not-found @ :0
[   64848ms] [ERROR] ./components/screens/owner/vouchers/OwnerVouchersPage.tsx:2:1
Module not found: Can't resolve '@/components/screens/owner/vouchers/OwnerVouchersClientContent'
  1 | import { getVouchersPageData } from "@/app/(main)/vouchers/data"
> 2 | import { OwnerVouchersClientContent } from "@/components/screens/owner/vouchers/OwnerVouchersClientContent"
    | ^^^^^^^^^^^^^^^^^^^^^^^^^^^^^^^^^^^^^^^^^^^^^^^^^^^^^^^^^^^^^^^^^^^^^^^^^^^^^^^^^^^^^^^^^^^^^^^^^^^^^^^^^^^
  3 |
  4 | export type VoucherViewStatus =
  5 |   | "active"

Import map: aliased to relative './components/screens/owner/vouchers/OwnerVouchersClientContent' inside of [project]/

Import trace:
  Server Component:
    ./components/screens/owner/vouchers/OwnerVouchersPage.tsx
    ./app/(main)/vouchers/page.tsx

https://nextjs.org/docs/messages/module-not-found @ :0
[   64908ms] [ERROR] ./components/screens/owner/vouchers/OwnerVouchersPage.tsx:2:1
Module not found: Can't resolve '@/components/screens/owner/vouchers/OwnerVouchersClientContent'
  1 | import { getVouchersPageData } from "@/app/(main)/vouchers/data"
> 2 | import { OwnerVouchersClientContent } from "@/components/screens/owner/vouchers/OwnerVouchersClientContent"
    | ^^^^^^^^^^^^^^^^^^^^^^^^^^^^^^^^^^^^^^^^^^^^^^^^^^^^^^^^^^^^^^^^^^^^^^^^^^^^^^^^^^^^^^^^^^^^^^^^^^^^^^^^^^^
  3 |
  4 | export type VoucherViewStatus =
  5 |   | "active"

Import map: aliased to relative './components/screens/owner/vouchers/OwnerVouchersClientContent' inside of [project]/

Import trace:
  Server Component:
    ./components/screens/owner/vouchers/OwnerVouchersPage.tsx
    ./app/(main)/vouchers/page.tsx

https://nextjs.org/docs/messages/module-not-found @ :0
[   64968ms] [ERROR] ./components/screens/owner/vouchers/OwnerVouchersPage.tsx:2:1
Module not found: Can't resolve '@/components/screens/owner/vouchers/OwnerVouchersClientContent'
  1 | import { getVouchersPageData } from "@/app/(main)/vouchers/data"
> 2 | import { OwnerVouchersClientContent } from "@/components/screens/owner/vouchers/OwnerVouchersClientContent"
    | ^^^^^^^^^^^^^^^^^^^^^^^^^^^^^^^^^^^^^^^^^^^^^^^^^^^^^^^^^^^^^^^^^^^^^^^^^^^^^^^^^^^^^^^^^^^^^^^^^^^^^^^^^^^
  3 |
  4 | export type VoucherViewStatus =
  5 |   | "active"

Import map: aliased to relative './components/screens/owner/vouchers/OwnerVouchersClientContent' inside of [project]/

Import trace:
  Server Component:
    ./components/screens/owner/vouchers/OwnerVouchersPage.tsx
    ./app/(main)/vouchers/page.tsx

https://nextjs.org/docs/messages/module-not-found @ :0
[   65028ms] [ERROR] ./components/screens/owner/vouchers/OwnerVouchersPage.tsx:2:1
Module not found: Can't resolve '@/components/screens/owner/vouchers/OwnerVouchersClientContent'
  1 | import { getVouchersPageData } from "@/app/(main)/vouchers/data"
> 2 | import { OwnerVouchersClientContent } from "@/components/screens/owner/vouchers/OwnerVouchersClientContent"
    | ^^^^^^^^^^^^^^^^^^^^^^^^^^^^^^^^^^^^^^^^^^^^^^^^^^^^^^^^^^^^^^^^^^^^^^^^^^^^^^^^^^^^^^^^^^^^^^^^^^^^^^^^^^^
  3 |
  4 | export type VoucherViewStatus =
  5 |   | "active"

Import map: aliased to relative './components/screens/owner/vouchers/OwnerVouchersClientContent' inside of [project]/

Import trace:
  Server Component:
    ./components/screens/owner/vouchers/OwnerVouchersPage.tsx
    ./app/(main)/vouchers/page.tsx

https://nextjs.org/docs/messages/module-not-found @ :0
[   65088ms] [ERROR] ./components/screens/owner/vouchers/OwnerVouchersPage.tsx:2:1
Module not found: Can't resolve '@/components/screens/owner/vouchers/OwnerVouchersClientContent'
  1 | import { getVouchersPageData } from "@/app/(main)/vouchers/data"
> 2 | import { OwnerVouchersClientContent } from "@/components/screens/owner/vouchers/OwnerVouchersClientContent"
    | ^^^^^^^^^^^^^^^^^^^^^^^^^^^^^^^^^^^^^^^^^^^^^^^^^^^^^^^^^^^^^^^^^^^^^^^^^^^^^^^^^^^^^^^^^^^^^^^^^^^^^^^^^^^
  3 |
  4 | export type VoucherViewStatus =
  5 |   | "active"

Import map: aliased to relative './components/screens/owner/vouchers/OwnerVouchersClientContent' inside of [project]/

Import trace:
  Server Component:
    ./components/screens/owner/vouchers/OwnerVouchersPage.tsx
    ./app/(main)/vouchers/page.tsx

https://nextjs.org/docs/messages/module-not-found @ :0
[   65146ms] [ERROR] ./components/screens/owner/vouchers/OwnerVouchersPage.tsx:2:1
Module not found: Can't resolve '@/components/screens/owner/vouchers/OwnerVouchersClientContent'
  1 | import { getVouchersPageData } from "@/app/(main)/vouchers/data"
> 2 | import { OwnerVouchersClientContent } from "@/components/screens/owner/vouchers/OwnerVouchersClientContent"
    | ^^^^^^^^^^^^^^^^^^^^^^^^^^^^^^^^^^^^^^^^^^^^^^^^^^^^^^^^^^^^^^^^^^^^^^^^^^^^^^^^^^^^^^^^^^^^^^^^^^^^^^^^^^^
  3 |
  4 | export type VoucherViewStatus =
  5 |   | "active"

Import map: aliased to relative './components/screens/owner/vouchers/OwnerVouchersClientContent' inside of [project]/

Import trace:
  Server Component:
    ./components/screens/owner/vouchers/OwnerVouchersPage.tsx
    ./app/(main)/vouchers/page.tsx

https://nextjs.org/docs/messages/module-not-found @ :0
[   65204ms] [ERROR] ./components/screens/owner/vouchers/OwnerVouchersPage.tsx:2:1
Module not found: Can't resolve '@/components/screens/owner/vouchers/OwnerVouchersClientContent'
  1 | import { getVouchersPageData } from "@/app/(main)/vouchers/data"
> 2 | import { OwnerVouchersClientContent } from "@/components/screens/owner/vouchers/OwnerVouchersClientContent"
    | ^^^^^^^^^^^^^^^^^^^^^^^^^^^^^^^^^^^^^^^^^^^^^^^^^^^^^^^^^^^^^^^^^^^^^^^^^^^^^^^^^^^^^^^^^^^^^^^^^^^^^^^^^^^
  3 |
  4 | export type VoucherViewStatus =
  5 |   | "active"

Import map: aliased to relative './components/screens/owner/vouchers/OwnerVouchersClientContent' inside of [project]/

Import trace:
  Server Component:
    ./components/screens/owner/vouchers/OwnerVouchersPage.tsx
    ./app/(main)/vouchers/page.tsx

https://nextjs.org/docs/messages/module-not-found @ :0
[   65263ms] [ERROR] ./components/screens/owner/vouchers/OwnerVouchersPage.tsx:2:1
Module not found: Can't resolve '@/components/screens/owner/vouchers/OwnerVouchersClientContent'
  1 | import { getVouchersPageData } from "@/app/(main)/vouchers/data"
> 2 | import { OwnerVouchersClientContent } from "@/components/screens/owner/vouchers/OwnerVouchersClientContent"
    | ^^^^^^^^^^^^^^^^^^^^^^^^^^^^^^^^^^^^^^^^^^^^^^^^^^^^^^^^^^^^^^^^^^^^^^^^^^^^^^^^^^^^^^^^^^^^^^^^^^^^^^^^^^^
  3 |
  4 | export type VoucherViewStatus =
  5 |   | "active"

Import map: aliased to relative './components/screens/owner/vouchers/OwnerVouchersClientContent' inside of [project]/

Import trace:
  Server Component:
    ./components/screens/owner/vouchers/OwnerVouchersPage.tsx
    ./app/(main)/vouchers/page.tsx

https://nextjs.org/docs/messages/module-not-found @ :0
[   65322ms] [ERROR] ./components/screens/owner/vouchers/OwnerVouchersPage.tsx:2:1
Module not found: Can't resolve '@/components/screens/owner/vouchers/OwnerVouchersClientContent'
  1 | import { getVouchersPageData } from "@/app/(main)/vouchers/data"
> 2 | import { OwnerVouchersClientContent } from "@/components/screens/owner/vouchers/OwnerVouchersClientContent"
    | ^^^^^^^^^^^^^^^^^^^^^^^^^^^^^^^^^^^^^^^^^^^^^^^^^^^^^^^^^^^^^^^^^^^^^^^^^^^^^^^^^^^^^^^^^^^^^^^^^^^^^^^^^^^
  3 |
  4 | export type VoucherViewStatus =
  5 |   | "active"

Import map: aliased to relative './components/screens/owner/vouchers/OwnerVouchersClientContent' inside of [project]/

Import trace:
  Server Component:
    ./components/screens/owner/vouchers/OwnerVouchersPage.tsx
    ./app/(main)/vouchers/page.tsx

https://nextjs.org/docs/messages/module-not-found @ :0
[   65381ms] [ERROR] ./components/screens/owner/vouchers/OwnerVouchersPage.tsx:2:1
Module not found: Can't resolve '@/components/screens/owner/vouchers/OwnerVouchersClientContent'
  1 | import { getVouchersPageData } from "@/app/(main)/vouchers/data"
> 2 | import { OwnerVouchersClientContent } from "@/components/screens/owner/vouchers/OwnerVouchersClientContent"
    | ^^^^^^^^^^^^^^^^^^^^^^^^^^^^^^^^^^^^^^^^^^^^^^^^^^^^^^^^^^^^^^^^^^^^^^^^^^^^^^^^^^^^^^^^^^^^^^^^^^^^^^^^^^^
  3 |
  4 | export type VoucherViewStatus =
  5 |   | "active"

Import map: aliased to relative './components/screens/owner/vouchers/OwnerVouchersClientContent' inside of [project]/

Import trace:
  Server Component:
    ./components/screens/owner/vouchers/OwnerVouchersPage.tsx
    ./app/(main)/vouchers/page.tsx

https://nextjs.org/docs/messages/module-not-found @ :0
[   65440ms] [ERROR] ./components/screens/owner/vouchers/OwnerVouchersPage.tsx:2:1
Module not found: Can't resolve '@/components/screens/owner/vouchers/OwnerVouchersClientContent'
  1 | import { getVouchersPageData } from "@/app/(main)/vouchers/data"
> 2 | import { OwnerVouchersClientContent } from "@/components/screens/owner/vouchers/OwnerVouchersClientContent"
    | ^^^^^^^^^^^^^^^^^^^^^^^^^^^^^^^^^^^^^^^^^^^^^^^^^^^^^^^^^^^^^^^^^^^^^^^^^^^^^^^^^^^^^^^^^^^^^^^^^^^^^^^^^^^
  3 |
  4 | export type VoucherViewStatus =
  5 |   | "active"

Import map: aliased to relative './components/screens/owner/vouchers/OwnerVouchersClientContent' inside of [project]/

Import trace:
  Server Component:
    ./components/screens/owner/vouchers/OwnerVouchersPage.tsx
    ./app/(main)/vouchers/page.tsx

https://nextjs.org/docs/messages/module-not-found @ :0
[   65498ms] [ERROR] ./components/screens/owner/vouchers/OwnerVouchersPage.tsx:2:1
Module not found: Can't resolve '@/components/screens/owner/vouchers/OwnerVouchersClientContent'
  1 | import { getVouchersPageData } from "@/app/(main)/vouchers/data"
> 2 | import { OwnerVouchersClientContent } from "@/components/screens/owner/vouchers/OwnerVouchersClientContent"
    | ^^^^^^^^^^^^^^^^^^^^^^^^^^^^^^^^^^^^^^^^^^^^^^^^^^^^^^^^^^^^^^^^^^^^^^^^^^^^^^^^^^^^^^^^^^^^^^^^^^^^^^^^^^^
  3 |
  4 | export type VoucherViewStatus =
  5 |   | "active"

Import map: aliased to relative './components/screens/owner/vouchers/OwnerVouchersClientContent' inside of [project]/

Import trace:
  Server Component:
    ./components/screens/owner/vouchers/OwnerVouchersPage.tsx
    ./app/(main)/vouchers/page.tsx

https://nextjs.org/docs/messages/module-not-found @ :0
[   65557ms] [ERROR] ./components/screens/owner/vouchers/OwnerVouchersPage.tsx:2:1
Module not found: Can't resolve '@/components/screens/owner/vouchers/OwnerVouchersClientContent'
  1 | import { getVouchersPageData } from "@/app/(main)/vouchers/data"
> 2 | import { OwnerVouchersClientContent } from "@/components/screens/owner/vouchers/OwnerVouchersClientContent"
    | ^^^^^^^^^^^^^^^^^^^^^^^^^^^^^^^^^^^^^^^^^^^^^^^^^^^^^^^^^^^^^^^^^^^^^^^^^^^^^^^^^^^^^^^^^^^^^^^^^^^^^^^^^^^
  3 |
  4 | export type VoucherViewStatus =
  5 |   | "active"

Import map: aliased to relative './components/screens/owner/vouchers/OwnerVouchersClientContent' inside of [project]/

Import trace:
  Server Component:
    ./components/screens/owner/vouchers/OwnerVouchersPage.tsx
    ./app/(main)/vouchers/page.tsx

https://nextjs.org/docs/messages/module-not-found @ :0
[   65616ms] [ERROR] ./components/screens/owner/vouchers/OwnerVouchersPage.tsx:2:1
Module not found: Can't resolve '@/components/screens/owner/vouchers/OwnerVouchersClientContent'
  1 | import { getVouchersPageData } from "@/app/(main)/vouchers/data"
> 2 | import { OwnerVouchersClientContent } from "@/components/screens/owner/vouchers/OwnerVouchersClientContent"
    | ^^^^^^^^^^^^^^^^^^^^^^^^^^^^^^^^^^^^^^^^^^^^^^^^^^^^^^^^^^^^^^^^^^^^^^^^^^^^^^^^^^^^^^^^^^^^^^^^^^^^^^^^^^^
  3 |
  4 | export type VoucherViewStatus =
  5 |   | "active"

Import map: aliased to relative './components/screens/owner/vouchers/OwnerVouchersClientContent' inside of [project]/

Import trace:
  Server Component:
    ./components/screens/owner/vouchers/OwnerVouchersPage.tsx
    ./app/(main)/vouchers/page.tsx

https://nextjs.org/docs/messages/module-not-found @ :0
[   65676ms] [ERROR] ./components/screens/owner/vouchers/OwnerVouchersPage.tsx:2:1
Module not found: Can't resolve '@/components/screens/owner/vouchers/OwnerVouchersClientContent'
  1 | import { getVouchersPageData } from "@/app/(main)/vouchers/data"
> 2 | import { OwnerVouchersClientContent } from "@/components/screens/owner/vouchers/OwnerVouchersClientContent"
    | ^^^^^^^^^^^^^^^^^^^^^^^^^^^^^^^^^^^^^^^^^^^^^^^^^^^^^^^^^^^^^^^^^^^^^^^^^^^^^^^^^^^^^^^^^^^^^^^^^^^^^^^^^^^
  3 |
  4 | export type VoucherViewStatus =
  5 |   | "active"

Import map: aliased to relative './components/screens/owner/vouchers/OwnerVouchersClientContent' inside of [project]/

Import trace:
  Server Component:
    ./components/screens/owner/vouchers/OwnerVouchersPage.tsx
    ./app/(main)/vouchers/page.tsx

https://nextjs.org/docs/messages/module-not-found @ :0
[   65735ms] [ERROR] ./components/screens/owner/vouchers/OwnerVouchersPage.tsx:2:1
Module not found: Can't resolve '@/components/screens/owner/vouchers/OwnerVouchersClientContent'
  1 | import { getVouchersPageData } from "@/app/(main)/vouchers/data"
> 2 | import { OwnerVouchersClientContent } from "@/components/screens/owner/vouchers/OwnerVouchersClientContent"
    | ^^^^^^^^^^^^^^^^^^^^^^^^^^^^^^^^^^^^^^^^^^^^^^^^^^^^^^^^^^^^^^^^^^^^^^^^^^^^^^^^^^^^^^^^^^^^^^^^^^^^^^^^^^^
  3 |
  4 | export type VoucherViewStatus =
  5 |   | "active"

Import map: aliased to relative './components/screens/owner/vouchers/OwnerVouchersClientContent' inside of [project]/

Import trace:
  Server Component:
    ./components/screens/owner/vouchers/OwnerVouchersPage.tsx
    ./app/(main)/vouchers/page.tsx

https://nextjs.org/docs/messages/module-not-found @ :0
[   65795ms] [ERROR] ./components/screens/owner/vouchers/OwnerVouchersPage.tsx:2:1
Module not found: Can't resolve '@/components/screens/owner/vouchers/OwnerVouchersClientContent'
  1 | import { getVouchersPageData } from "@/app/(main)/vouchers/data"
> 2 | import { OwnerVouchersClientContent } from "@/components/screens/owner/vouchers/OwnerVouchersClientContent"
    | ^^^^^^^^^^^^^^^^^^^^^^^^^^^^^^^^^^^^^^^^^^^^^^^^^^^^^^^^^^^^^^^^^^^^^^^^^^^^^^^^^^^^^^^^^^^^^^^^^^^^^^^^^^^
  3 |
  4 | export type VoucherViewStatus =
  5 |   | "active"

Import map: aliased to relative './components/screens/owner/vouchers/OwnerVouchersClientContent' inside of [project]/

Import trace:
  Server Component:
    ./components/screens/owner/vouchers/OwnerVouchersPage.tsx
    ./app/(main)/vouchers/page.tsx

https://nextjs.org/docs/messages/module-not-found @ :0
[   65853ms] [ERROR] ./components/screens/owner/vouchers/OwnerVouchersPage.tsx:2:1
Module not found: Can't resolve '@/components/screens/owner/vouchers/OwnerVouchersClientContent'
  1 | import { getVouchersPageData } from "@/app/(main)/vouchers/data"
> 2 | import { OwnerVouchersClientContent } from "@/components/screens/owner/vouchers/OwnerVouchersClientContent"
    | ^^^^^^^^^^^^^^^^^^^^^^^^^^^^^^^^^^^^^^^^^^^^^^^^^^^^^^^^^^^^^^^^^^^^^^^^^^^^^^^^^^^^^^^^^^^^^^^^^^^^^^^^^^^
  3 |
  4 | export type VoucherViewStatus =
  5 |   | "active"

Import map: aliased to relative './components/screens/owner/vouchers/OwnerVouchersClientContent' inside of [project]/

Import trace:
  Server Component:
    ./components/screens/owner/vouchers/OwnerVouchersPage.tsx
    ./app/(main)/vouchers/page.tsx

https://nextjs.org/docs/messages/module-not-found @ :0
[   65912ms] [ERROR] ./components/screens/owner/vouchers/OwnerVouchersPage.tsx:2:1
Module not found: Can't resolve '@/components/screens/owner/vouchers/OwnerVouchersClientContent'
  1 | import { getVouchersPageData } from "@/app/(main)/vouchers/data"
> 2 | import { OwnerVouchersClientContent } from "@/components/screens/owner/vouchers/OwnerVouchersClientContent"
    | ^^^^^^^^^^^^^^^^^^^^^^^^^^^^^^^^^^^^^^^^^^^^^^^^^^^^^^^^^^^^^^^^^^^^^^^^^^^^^^^^^^^^^^^^^^^^^^^^^^^^^^^^^^^
  3 |
  4 | export type VoucherViewStatus =
  5 |   | "active"

Import map: aliased to relative './components/screens/owner/vouchers/OwnerVouchersClientContent' inside of [project]/

Import trace:
  Server Component:
    ./components/screens/owner/vouchers/OwnerVouchersPage.tsx
    ./app/(main)/vouchers/page.tsx

https://nextjs.org/docs/messages/module-not-found @ :0
[   65972ms] [ERROR] ./components/screens/owner/vouchers/OwnerVouchersPage.tsx:2:1
Module not found: Can't resolve '@/components/screens/owner/vouchers/OwnerVouchersClientContent'
  1 | import { getVouchersPageData } from "@/app/(main)/vouchers/data"
> 2 | import { OwnerVouchersClientContent } from "@/components/screens/owner/vouchers/OwnerVouchersClientContent"
    | ^^^^^^^^^^^^^^^^^^^^^^^^^^^^^^^^^^^^^^^^^^^^^^^^^^^^^^^^^^^^^^^^^^^^^^^^^^^^^^^^^^^^^^^^^^^^^^^^^^^^^^^^^^^
  3 |
  4 | export type VoucherViewStatus =
  5 |   | "active"

Import map: aliased to relative './components/screens/owner/vouchers/OwnerVouchersClientContent' inside of [project]/

Import trace:
  Server Component:
    ./components/screens/owner/vouchers/OwnerVouchersPage.tsx
    ./app/(main)/vouchers/page.tsx

https://nextjs.org/docs/messages/module-not-found @ :0
[   66033ms] [ERROR] ./components/screens/owner/vouchers/OwnerVouchersPage.tsx:2:1
Module not found: Can't resolve '@/components/screens/owner/vouchers/OwnerVouchersClientContent'
  1 | import { getVouchersPageData } from "@/app/(main)/vouchers/data"
> 2 | import { OwnerVouchersClientContent } from "@/components/screens/owner/vouchers/OwnerVouchersClientContent"
    | ^^^^^^^^^^^^^^^^^^^^^^^^^^^^^^^^^^^^^^^^^^^^^^^^^^^^^^^^^^^^^^^^^^^^^^^^^^^^^^^^^^^^^^^^^^^^^^^^^^^^^^^^^^^
  3 |
  4 | export type VoucherViewStatus =
  5 |   | "active"

Import map: aliased to relative './components/screens/owner/vouchers/OwnerVouchersClientContent' inside of [project]/

Import trace:
  Server Component:
    ./components/screens/owner/vouchers/OwnerVouchersPage.tsx
    ./app/(main)/vouchers/page.tsx

https://nextjs.org/docs/messages/module-not-found @ :0
[   66091ms] [ERROR] ./components/screens/owner/vouchers/OwnerVouchersPage.tsx:2:1
Module not found: Can't resolve '@/components/screens/owner/vouchers/OwnerVouchersClientContent'
  1 | import { getVouchersPageData } from "@/app/(main)/vouchers/data"
> 2 | import { OwnerVouchersClientContent } from "@/components/screens/owner/vouchers/OwnerVouchersClientContent"
    | ^^^^^^^^^^^^^^^^^^^^^^^^^^^^^^^^^^^^^^^^^^^^^^^^^^^^^^^^^^^^^^^^^^^^^^^^^^^^^^^^^^^^^^^^^^^^^^^^^^^^^^^^^^^
  3 |
  4 | export type VoucherViewStatus =
  5 |   | "active"

Import map: aliased to relative './components/screens/owner/vouchers/OwnerVouchersClientContent' inside of [project]/

Import trace:
  Server Component:
    ./components/screens/owner/vouchers/OwnerVouchersPage.tsx
    ./app/(main)/vouchers/page.tsx

https://nextjs.org/docs/messages/module-not-found @ :0
[   66150ms] [ERROR] ./components/screens/owner/vouchers/OwnerVouchersPage.tsx:2:1
Module not found: Can't resolve '@/components/screens/owner/vouchers/OwnerVouchersClientContent'
  1 | import { getVouchersPageData } from "@/app/(main)/vouchers/data"
> 2 | import { OwnerVouchersClientContent } from "@/components/screens/owner/vouchers/OwnerVouchersClientContent"
    | ^^^^^^^^^^^^^^^^^^^^^^^^^^^^^^^^^^^^^^^^^^^^^^^^^^^^^^^^^^^^^^^^^^^^^^^^^^^^^^^^^^^^^^^^^^^^^^^^^^^^^^^^^^^
  3 |
  4 | export type VoucherViewStatus =
  5 |   | "active"

Import map: aliased to relative './components/screens/owner/vouchers/OwnerVouchersClientContent' inside of [project]/

Import trace:
  Server Component:
    ./components/screens/owner/vouchers/OwnerVouchersPage.tsx
    ./app/(main)/vouchers/page.tsx

https://nextjs.org/docs/messages/module-not-found @ :0
[   66209ms] [ERROR] ./components/screens/owner/vouchers/OwnerVouchersPage.tsx:2:1
Module not found: Can't resolve '@/components/screens/owner/vouchers/OwnerVouchersClientContent'
  1 | import { getVouchersPageData } from "@/app/(main)/vouchers/data"
> 2 | import { OwnerVouchersClientContent } from "@/components/screens/owner/vouchers/OwnerVouchersClientContent"
    | ^^^^^^^^^^^^^^^^^^^^^^^^^^^^^^^^^^^^^^^^^^^^^^^^^^^^^^^^^^^^^^^^^^^^^^^^^^^^^^^^^^^^^^^^^^^^^^^^^^^^^^^^^^^
  3 |
  4 | export type VoucherViewStatus =
  5 |   | "active"

Import map: aliased to relative './components/screens/owner/vouchers/OwnerVouchersClientContent' inside of [project]/

Import trace:
  Server Component:
    ./components/screens/owner/vouchers/OwnerVouchersPage.tsx
    ./app/(main)/vouchers/page.tsx

https://nextjs.org/docs/messages/module-not-found @ :0
[   66269ms] [ERROR] ./components/screens/owner/vouchers/OwnerVouchersPage.tsx:2:1
Module not found: Can't resolve '@/components/screens/owner/vouchers/OwnerVouchersClientContent'
  1 | import { getVouchersPageData } from "@/app/(main)/vouchers/data"
> 2 | import { OwnerVouchersClientContent } from "@/components/screens/owner/vouchers/OwnerVouchersClientContent"
    | ^^^^^^^^^^^^^^^^^^^^^^^^^^^^^^^^^^^^^^^^^^^^^^^^^^^^^^^^^^^^^^^^^^^^^^^^^^^^^^^^^^^^^^^^^^^^^^^^^^^^^^^^^^^
  3 |
  4 | export type VoucherViewStatus =
  5 |   | "active"

Import map: aliased to relative './components/screens/owner/vouchers/OwnerVouchersClientContent' inside of [project]/

Import trace:
  Server Component:
    ./components/screens/owner/vouchers/OwnerVouchersPage.tsx
    ./app/(main)/vouchers/page.tsx

https://nextjs.org/docs/messages/module-not-found @ :0
[   66331ms] [ERROR] ./components/screens/owner/vouchers/OwnerVouchersPage.tsx:2:1
Module not found: Can't resolve '@/components/screens/owner/vouchers/OwnerVouchersClientContent'
  1 | import { getVouchersPageData } from "@/app/(main)/vouchers/data"
> 2 | import { OwnerVouchersClientContent } from "@/components/screens/owner/vouchers/OwnerVouchersClientContent"
    | ^^^^^^^^^^^^^^^^^^^^^^^^^^^^^^^^^^^^^^^^^^^^^^^^^^^^^^^^^^^^^^^^^^^^^^^^^^^^^^^^^^^^^^^^^^^^^^^^^^^^^^^^^^^
  3 |
  4 | export type VoucherViewStatus =
  5 |   | "active"

Import map: aliased to relative './components/screens/owner/vouchers/OwnerVouchersClientContent' inside of [project]/

Import trace:
  Server Component:
    ./components/screens/owner/vouchers/OwnerVouchersPage.tsx
    ./app/(main)/vouchers/page.tsx

https://nextjs.org/docs/messages/module-not-found @ :0
[   66395ms] [ERROR] ./components/screens/owner/vouchers/OwnerVouchersPage.tsx:2:1
Module not found: Can't resolve '@/components/screens/owner/vouchers/OwnerVouchersClientContent'
  1 | import { getVouchersPageData } from "@/app/(main)/vouchers/data"
> 2 | import { OwnerVouchersClientContent } from "@/components/screens/owner/vouchers/OwnerVouchersClientContent"
    | ^^^^^^^^^^^^^^^^^^^^^^^^^^^^^^^^^^^^^^^^^^^^^^^^^^^^^^^^^^^^^^^^^^^^^^^^^^^^^^^^^^^^^^^^^^^^^^^^^^^^^^^^^^^
  3 |
  4 | export type VoucherViewStatus =
  5 |   | "active"

Import map: aliased to relative './components/screens/owner/vouchers/OwnerVouchersClientContent' inside of [project]/

Import trace:
  Server Component:
    ./components/screens/owner/vouchers/OwnerVouchersPage.tsx
    ./app/(main)/vouchers/page.tsx

https://nextjs.org/docs/messages/module-not-found @ :0
[   66453ms] [ERROR] ./components/screens/owner/vouchers/OwnerVouchersPage.tsx:2:1
Module not found: Can't resolve '@/components/screens/owner/vouchers/OwnerVouchersClientContent'
  1 | import { getVouchersPageData } from "@/app/(main)/vouchers/data"
> 2 | import { OwnerVouchersClientContent } from "@/components/screens/owner/vouchers/OwnerVouchersClientContent"
    | ^^^^^^^^^^^^^^^^^^^^^^^^^^^^^^^^^^^^^^^^^^^^^^^^^^^^^^^^^^^^^^^^^^^^^^^^^^^^^^^^^^^^^^^^^^^^^^^^^^^^^^^^^^^
  3 |
  4 | export type VoucherViewStatus =
  5 |   | "active"

Import map: aliased to relative './components/screens/owner/vouchers/OwnerVouchersClientContent' inside of [project]/

Import trace:
  Server Component:
    ./components/screens/owner/vouchers/OwnerVouchersPage.tsx
    ./app/(main)/vouchers/page.tsx

https://nextjs.org/docs/messages/module-not-found @ :0
[   66512ms] [ERROR] ./components/screens/owner/vouchers/OwnerVouchersPage.tsx:2:1
Module not found: Can't resolve '@/components/screens/owner/vouchers/OwnerVouchersClientContent'
  1 | import { getVouchersPageData } from "@/app/(main)/vouchers/data"
> 2 | import { OwnerVouchersClientContent } from "@/components/screens/owner/vouchers/OwnerVouchersClientContent"
    | ^^^^^^^^^^^^^^^^^^^^^^^^^^^^^^^^^^^^^^^^^^^^^^^^^^^^^^^^^^^^^^^^^^^^^^^^^^^^^^^^^^^^^^^^^^^^^^^^^^^^^^^^^^^
  3 |
  4 | export type VoucherViewStatus =
  5 |   | "active"

Import map: aliased to relative './components/screens/owner/vouchers/OwnerVouchersClientContent' inside of [project]/

Import trace:
  Server Component:
    ./components/screens/owner/vouchers/OwnerVouchersPage.tsx
    ./app/(main)/vouchers/page.tsx

https://nextjs.org/docs/messages/module-not-found @ :0
[   66571ms] [ERROR] ./components/screens/owner/vouchers/OwnerVouchersPage.tsx:2:1
Module not found: Can't resolve '@/components/screens/owner/vouchers/OwnerVouchersClientContent'
  1 | import { getVouchersPageData } from "@/app/(main)/vouchers/data"
> 2 | import { OwnerVouchersClientContent } from "@/components/screens/owner/vouchers/OwnerVouchersClientContent"
    | ^^^^^^^^^^^^^^^^^^^^^^^^^^^^^^^^^^^^^^^^^^^^^^^^^^^^^^^^^^^^^^^^^^^^^^^^^^^^^^^^^^^^^^^^^^^^^^^^^^^^^^^^^^^
  3 |
  4 | export type VoucherViewStatus =
  5 |   | "active"

Import map: aliased to relative './components/screens/owner/vouchers/OwnerVouchersClientContent' inside of [project]/

Import trace:
  Server Component:
    ./components/screens/owner/vouchers/OwnerVouchersPage.tsx
    ./app/(main)/vouchers/page.tsx

https://nextjs.org/docs/messages/module-not-found @ :0
[   66630ms] [ERROR] ./components/screens/owner/vouchers/OwnerVouchersPage.tsx:2:1
Module not found: Can't resolve '@/components/screens/owner/vouchers/OwnerVouchersClientContent'
  1 | import { getVouchersPageData } from "@/app/(main)/vouchers/data"
> 2 | import { OwnerVouchersClientContent } from "@/components/screens/owner/vouchers/OwnerVouchersClientContent"
    | ^^^^^^^^^^^^^^^^^^^^^^^^^^^^^^^^^^^^^^^^^^^^^^^^^^^^^^^^^^^^^^^^^^^^^^^^^^^^^^^^^^^^^^^^^^^^^^^^^^^^^^^^^^^
  3 |
  4 | export type VoucherViewStatus =
  5 |   | "active"

Import map: aliased to relative './components/screens/owner/vouchers/OwnerVouchersClientContent' inside of [project]/

Import trace:
  Server Component:
    ./components/screens/owner/vouchers/OwnerVouchersPage.tsx
    ./app/(main)/vouchers/page.tsx

https://nextjs.org/docs/messages/module-not-found @ :0
[   66696ms] [LOG] [Fast Refresh] rebuilding @ http://localhost:3000/_next/static/chunks/node_modules_next_dist_f3530cac._.js:2307
[   66819ms] [ERROR] ./components/screens/owner/vouchers/OwnerVouchersPage.tsx:2:1
Module not found: Can't resolve '@/components/screens/owner/vouchers/OwnerVouchersClientContent'
  1 | import { getVouchersPageData } from "@/app/(main)/vouchers/data"
> 2 | import { OwnerVouchersClientContent } from "@/components/screens/owner/vouchers/OwnerVouchersClientContent"
    | ^^^^^^^^^^^^^^^^^^^^^^^^^^^^^^^^^^^^^^^^^^^^^^^^^^^^^^^^^^^^^^^^^^^^^^^^^^^^^^^^^^^^^^^^^^^^^^^^^^^^^^^^^^^
  3 |
  4 | export type VoucherViewStatus =
  5 |   | "active"

Import map: aliased to relative './components/screens/owner/vouchers/OwnerVouchersClientContent' inside of [project]/

Import trace:
  Server Component:
    ./components/screens/owner/vouchers/OwnerVouchersPage.tsx
    ./app/(main)/vouchers/page.tsx

https://nextjs.org/docs/messages/module-not-found @ :0
[   66921ms] [LOG] [Fast Refresh] rebuilding @ http://localhost:3000/_next/static/chunks/node_modules_next_dist_f3530cac._.js:2307
[   66961ms] [ERROR] ./components/screens/owner/vouchers/OwnerVouchersPage.tsx:2:1
Module not found: Can't resolve '@/components/screens/owner/vouchers/OwnerVouchersClientContent'
  1 | import { getVouchersPageData } from "@/app/(main)/vouchers/data"
> 2 | import { OwnerVouchersClientContent } from "@/components/screens/owner/vouchers/OwnerVouchersClientContent"
    | ^^^^^^^^^^^^^^^^^^^^^^^^^^^^^^^^^^^^^^^^^^^^^^^^^^^^^^^^^^^^^^^^^^^^^^^^^^^^^^^^^^^^^^^^^^^^^^^^^^^^^^^^^^^
  3 |
  4 | export type VoucherViewStatus =
  5 |   | "active"

Import map: aliased to relative './components/screens/owner/vouchers/OwnerVouchersClientContent' inside of [project]/

Import trace:
  Server Component:
    ./components/screens/owner/vouchers/OwnerVouchersPage.tsx
    ./app/(main)/vouchers/page.tsx

https://nextjs.org/docs/messages/module-not-found @ :0
[   67093ms] [ERROR] ./components/screens/owner/vouchers/OwnerVouchersPage.tsx:2:1
Module not found: Can't resolve '@/components/screens/owner/vouchers/OwnerVouchersClientContent'
  1 | import { getVouchersPageData } from "@/app/(main)/vouchers/data"
> 2 | import { OwnerVouchersClientContent } from "@/components/screens/owner/vouchers/OwnerVouchersClientContent"
    | ^^^^^^^^^^^^^^^^^^^^^^^^^^^^^^^^^^^^^^^^^^^^^^^^^^^^^^^^^^^^^^^^^^^^^^^^^^^^^^^^^^^^^^^^^^^^^^^^^^^^^^^^^^^
  3 |
  4 | export type VoucherViewStatus =
  5 |   | "active"

Import map: aliased to relative './components/screens/owner/vouchers/OwnerVouchersClientContent' inside of [project]/

Import trace:
  Server Component:
    ./components/screens/owner/vouchers/OwnerVouchersPage.tsx
    ./app/(main)/vouchers/page.tsx

https://nextjs.org/docs/messages/module-not-found @ :0
[   67094ms] [LOG] [Fast Refresh] rebuilding @ http://localhost:3000/_next/static/chunks/node_modules_next_dist_f3530cac._.js:2307
[   67213ms] [ERROR] ./components/screens/owner/vouchers/OwnerVouchersPage.tsx:2:1
Module not found: Can't resolve '@/components/screens/owner/vouchers/OwnerVouchersClientContent'
  1 | import { getVouchersPageData } from "@/app/(main)/vouchers/data"
> 2 | import { OwnerVouchersClientContent } from "@/components/screens/owner/vouchers/OwnerVouchersClientContent"
    | ^^^^^^^^^^^^^^^^^^^^^^^^^^^^^^^^^^^^^^^^^^^^^^^^^^^^^^^^^^^^^^^^^^^^^^^^^^^^^^^^^^^^^^^^^^^^^^^^^^^^^^^^^^^
  3 |
  4 | export type VoucherViewStatus =
  5 |   | "active"

Import map: aliased to relative './components/screens/owner/vouchers/OwnerVouchersClientContent' inside of [project]/

Import trace:
  Server Component:
    ./components/screens/owner/vouchers/OwnerVouchersPage.tsx
    ./app/(main)/vouchers/page.tsx

https://nextjs.org/docs/messages/module-not-found @ :0
[   67222ms] [LOG] [Fast Refresh] rebuilding @ http://localhost:3000/_next/static/chunks/node_modules_next_dist_f3530cac._.js:2307
[   67343ms] [ERROR] ./components/screens/owner/vouchers/OwnerVouchersPage.tsx:2:1
Module not found: Can't resolve '@/components/screens/owner/vouchers/OwnerVouchersClientContent'
  1 | import { getVouchersPageData } from "@/app/(main)/vouchers/data"
> 2 | import { OwnerVouchersClientContent } from "@/components/screens/owner/vouchers/OwnerVouchersClientContent"
    | ^^^^^^^^^^^^^^^^^^^^^^^^^^^^^^^^^^^^^^^^^^^^^^^^^^^^^^^^^^^^^^^^^^^^^^^^^^^^^^^^^^^^^^^^^^^^^^^^^^^^^^^^^^^
  3 |
  4 | export type VoucherViewStatus =
  5 |   | "active"

Import map: aliased to relative './components/screens/owner/vouchers/OwnerVouchersClientContent' inside of [project]/

Import trace:
  Server Component:
    ./components/screens/owner/vouchers/OwnerVouchersPage.tsx
    ./app/(main)/vouchers/page.tsx

https://nextjs.org/docs/messages/module-not-found @ :0
[   67402ms] [ERROR] ./components/screens/owner/vouchers/OwnerVouchersPage.tsx:2:1
Module not found: Can't resolve '@/components/screens/owner/vouchers/OwnerVouchersClientContent'
  1 | import { getVouchersPageData } from "@/app/(main)/vouchers/data"
> 2 | import { OwnerVouchersClientContent } from "@/components/screens/owner/vouchers/OwnerVouchersClientContent"
    | ^^^^^^^^^^^^^^^^^^^^^^^^^^^^^^^^^^^^^^^^^^^^^^^^^^^^^^^^^^^^^^^^^^^^^^^^^^^^^^^^^^^^^^^^^^^^^^^^^^^^^^^^^^^
  3 |
  4 | export type VoucherViewStatus =
  5 |   | "active"

Import map: aliased to relative './components/screens/owner/vouchers/OwnerVouchersClientContent' inside of [project]/

Import trace:
  Server Component:
    ./components/screens/owner/vouchers/OwnerVouchersPage.tsx
    ./app/(main)/vouchers/page.tsx

https://nextjs.org/docs/messages/module-not-found @ :0
[   67460ms] [ERROR] ./components/screens/owner/vouchers/OwnerVouchersPage.tsx:2:1
Module not found: Can't resolve '@/components/screens/owner/vouchers/OwnerVouchersClientContent'
  1 | import { getVouchersPageData } from "@/app/(main)/vouchers/data"
> 2 | import { OwnerVouchersClientContent } from "@/components/screens/owner/vouchers/OwnerVouchersClientContent"
    | ^^^^^^^^^^^^^^^^^^^^^^^^^^^^^^^^^^^^^^^^^^^^^^^^^^^^^^^^^^^^^^^^^^^^^^^^^^^^^^^^^^^^^^^^^^^^^^^^^^^^^^^^^^^
  3 |
  4 | export type VoucherViewStatus =
  5 |   | "active"

Import map: aliased to relative './components/screens/owner/vouchers/OwnerVouchersClientContent' inside of [project]/

Import trace:
  Server Component:
    ./components/screens/owner/vouchers/OwnerVouchersPage.tsx
    ./app/(main)/vouchers/page.tsx

https://nextjs.org/docs/messages/module-not-found @ :0
[   67518ms] [ERROR] ./components/screens/owner/vouchers/OwnerVouchersPage.tsx:2:1
Module not found: Can't resolve '@/components/screens/owner/vouchers/OwnerVouchersClientContent'
  1 | import { getVouchersPageData } from "@/app/(main)/vouchers/data"
> 2 | import { OwnerVouchersClientContent } from "@/components/screens/owner/vouchers/OwnerVouchersClientContent"
    | ^^^^^^^^^^^^^^^^^^^^^^^^^^^^^^^^^^^^^^^^^^^^^^^^^^^^^^^^^^^^^^^^^^^^^^^^^^^^^^^^^^^^^^^^^^^^^^^^^^^^^^^^^^^
  3 |
  4 | export type VoucherViewStatus =
  5 |   | "active"

Import map: aliased to relative './components/screens/owner/vouchers/OwnerVouchersClientContent' inside of [project]/

Import trace:
  Server Component:
    ./components/screens/owner/vouchers/OwnerVouchersPage.tsx
    ./app/(main)/vouchers/page.tsx

https://nextjs.org/docs/messages/module-not-found @ :0
[   67576ms] [ERROR] ./components/screens/owner/vouchers/OwnerVouchersPage.tsx:2:1
Module not found: Can't resolve '@/components/screens/owner/vouchers/OwnerVouchersClientContent'
  1 | import { getVouchersPageData } from "@/app/(main)/vouchers/data"
> 2 | import { OwnerVouchersClientContent } from "@/components/screens/owner/vouchers/OwnerVouchersClientContent"
    | ^^^^^^^^^^^^^^^^^^^^^^^^^^^^^^^^^^^^^^^^^^^^^^^^^^^^^^^^^^^^^^^^^^^^^^^^^^^^^^^^^^^^^^^^^^^^^^^^^^^^^^^^^^^
  3 |
  4 | export type VoucherViewStatus =
  5 |   | "active"

Import map: aliased to relative './components/screens/owner/vouchers/OwnerVouchersClientContent' inside of [project]/

Import trace:
  Server Component:
    ./components/screens/owner/vouchers/OwnerVouchersPage.tsx
    ./app/(main)/vouchers/page.tsx

https://nextjs.org/docs/messages/module-not-found @ :0
[   67635ms] [ERROR] ./components/screens/owner/vouchers/OwnerVouchersPage.tsx:2:1
Module not found: Can't resolve '@/components/screens/owner/vouchers/OwnerVouchersClientContent'
  1 | import { getVouchersPageData } from "@/app/(main)/vouchers/data"
> 2 | import { OwnerVouchersClientContent } from "@/components/screens/owner/vouchers/OwnerVouchersClientContent"
    | ^^^^^^^^^^^^^^^^^^^^^^^^^^^^^^^^^^^^^^^^^^^^^^^^^^^^^^^^^^^^^^^^^^^^^^^^^^^^^^^^^^^^^^^^^^^^^^^^^^^^^^^^^^^
  3 |
  4 | export type VoucherViewStatus =
  5 |   | "active"

Import map: aliased to relative './components/screens/owner/vouchers/OwnerVouchersClientContent' inside of [project]/

Import trace:
  Server Component:
    ./components/screens/owner/vouchers/OwnerVouchersPage.tsx
    ./app/(main)/vouchers/page.tsx

https://nextjs.org/docs/messages/module-not-found @ :0
[   67694ms] [ERROR] ./components/screens/owner/vouchers/OwnerVouchersPage.tsx:2:1
Module not found: Can't resolve '@/components/screens/owner/vouchers/OwnerVouchersClientContent'
  1 | import { getVouchersPageData } from "@/app/(main)/vouchers/data"
> 2 | import { OwnerVouchersClientContent } from "@/components/screens/owner/vouchers/OwnerVouchersClientContent"
    | ^^^^^^^^^^^^^^^^^^^^^^^^^^^^^^^^^^^^^^^^^^^^^^^^^^^^^^^^^^^^^^^^^^^^^^^^^^^^^^^^^^^^^^^^^^^^^^^^^^^^^^^^^^^
  3 |
  4 | export type VoucherViewStatus =
  5 |   | "active"

Import map: aliased to relative './components/screens/owner/vouchers/OwnerVouchersClientContent' inside of [project]/

Import trace:
  Server Component:
    ./components/screens/owner/vouchers/OwnerVouchersPage.tsx
    ./app/(main)/vouchers/page.tsx

https://nextjs.org/docs/messages/module-not-found @ :0
[   67755ms] [ERROR] ./components/screens/owner/vouchers/OwnerVouchersPage.tsx:2:1
Module not found: Can't resolve '@/components/screens/owner/vouchers/OwnerVouchersClientContent'
  1 | import { getVouchersPageData } from "@/app/(main)/vouchers/data"
> 2 | import { OwnerVouchersClientContent } from "@/components/screens/owner/vouchers/OwnerVouchersClientContent"
    | ^^^^^^^^^^^^^^^^^^^^^^^^^^^^^^^^^^^^^^^^^^^^^^^^^^^^^^^^^^^^^^^^^^^^^^^^^^^^^^^^^^^^^^^^^^^^^^^^^^^^^^^^^^^
  3 |
  4 | export type VoucherViewStatus =
  5 |   | "active"

Import map: aliased to relative './components/screens/owner/vouchers/OwnerVouchersClientContent' inside of [project]/

Import trace:
  Server Component:
    ./components/screens/owner/vouchers/OwnerVouchersPage.tsx
    ./app/(main)/vouchers/page.tsx

https://nextjs.org/docs/messages/module-not-found @ :0
[   67815ms] [ERROR] ./components/screens/owner/vouchers/OwnerVouchersPage.tsx:2:1
Module not found: Can't resolve '@/components/screens/owner/vouchers/OwnerVouchersClientContent'
  1 | import { getVouchersPageData } from "@/app/(main)/vouchers/data"
> 2 | import { OwnerVouchersClientContent } from "@/components/screens/owner/vouchers/OwnerVouchersClientContent"
    | ^^^^^^^^^^^^^^^^^^^^^^^^^^^^^^^^^^^^^^^^^^^^^^^^^^^^^^^^^^^^^^^^^^^^^^^^^^^^^^^^^^^^^^^^^^^^^^^^^^^^^^^^^^^
  3 |
  4 | export type VoucherViewStatus =
  5 |   | "active"

Import map: aliased to relative './components/screens/owner/vouchers/OwnerVouchersClientContent' inside of [project]/

Import trace:
  Server Component:
    ./components/screens/owner/vouchers/OwnerVouchersPage.tsx
    ./app/(main)/vouchers/page.tsx

https://nextjs.org/docs/messages/module-not-found @ :0
[   67877ms] [ERROR] ./components/screens/owner/vouchers/OwnerVouchersPage.tsx:2:1
Module not found: Can't resolve '@/components/screens/owner/vouchers/OwnerVouchersClientContent'
  1 | import { getVouchersPageData } from "@/app/(main)/vouchers/data"
> 2 | import { OwnerVouchersClientContent } from "@/components/screens/owner/vouchers/OwnerVouchersClientContent"
    | ^^^^^^^^^^^^^^^^^^^^^^^^^^^^^^^^^^^^^^^^^^^^^^^^^^^^^^^^^^^^^^^^^^^^^^^^^^^^^^^^^^^^^^^^^^^^^^^^^^^^^^^^^^^
  3 |
  4 | export type VoucherViewStatus =
  5 |   | "active"

Import map: aliased to relative './components/screens/owner/vouchers/OwnerVouchersClientContent' inside of [project]/

Import trace:
  Server Component:
    ./components/screens/owner/vouchers/OwnerVouchersPage.tsx
    ./app/(main)/vouchers/page.tsx

https://nextjs.org/docs/messages/module-not-found @ :0
[   67935ms] [ERROR] ./components/screens/owner/vouchers/OwnerVouchersPage.tsx:2:1
Module not found: Can't resolve '@/components/screens/owner/vouchers/OwnerVouchersClientContent'
  1 | import { getVouchersPageData } from "@/app/(main)/vouchers/data"
> 2 | import { OwnerVouchersClientContent } from "@/components/screens/owner/vouchers/OwnerVouchersClientContent"
    | ^^^^^^^^^^^^^^^^^^^^^^^^^^^^^^^^^^^^^^^^^^^^^^^^^^^^^^^^^^^^^^^^^^^^^^^^^^^^^^^^^^^^^^^^^^^^^^^^^^^^^^^^^^^
  3 |
  4 | export type VoucherViewStatus =
  5 |   | "active"

Import map: aliased to relative './components/screens/owner/vouchers/OwnerVouchersClientContent' inside of [project]/

Import trace:
  Server Component:
    ./components/screens/owner/vouchers/OwnerVouchersPage.tsx
    ./app/(main)/vouchers/page.tsx

https://nextjs.org/docs/messages/module-not-found @ :0
[   67994ms] [ERROR] ./components/screens/owner/vouchers/OwnerVouchersPage.tsx:2:1
Module not found: Can't resolve '@/components/screens/owner/vouchers/OwnerVouchersClientContent'
  1 | import { getVouchersPageData } from "@/app/(main)/vouchers/data"
> 2 | import { OwnerVouchersClientContent } from "@/components/screens/owner/vouchers/OwnerVouchersClientContent"
    | ^^^^^^^^^^^^^^^^^^^^^^^^^^^^^^^^^^^^^^^^^^^^^^^^^^^^^^^^^^^^^^^^^^^^^^^^^^^^^^^^^^^^^^^^^^^^^^^^^^^^^^^^^^^
  3 |
  4 | export type VoucherViewStatus =
  5 |   | "active"

Import map: aliased to relative './components/screens/owner/vouchers/OwnerVouchersClientContent' inside of [project]/

Import trace:
  Server Component:
    ./components/screens/owner/vouchers/OwnerVouchersPage.tsx
    ./app/(main)/vouchers/page.tsx

https://nextjs.org/docs/messages/module-not-found @ :0
[   68055ms] [ERROR] ./components/screens/owner/vouchers/OwnerVouchersPage.tsx:2:1
Module not found: Can't resolve '@/components/screens/owner/vouchers/OwnerVouchersClientContent'
  1 | import { getVouchersPageData } from "@/app/(main)/vouchers/data"
> 2 | import { OwnerVouchersClientContent } from "@/components/screens/owner/vouchers/OwnerVouchersClientContent"
    | ^^^^^^^^^^^^^^^^^^^^^^^^^^^^^^^^^^^^^^^^^^^^^^^^^^^^^^^^^^^^^^^^^^^^^^^^^^^^^^^^^^^^^^^^^^^^^^^^^^^^^^^^^^^
  3 |
  4 | export type VoucherViewStatus =
  5 |   | "active"

Import map: aliased to relative './components/screens/owner/vouchers/OwnerVouchersClientContent' inside of [project]/

Import trace:
  Server Component:
    ./components/screens/owner/vouchers/OwnerVouchersPage.tsx
    ./app/(main)/vouchers/page.tsx

https://nextjs.org/docs/messages/module-not-found @ :0
[   68116ms] [ERROR] ./components/screens/owner/vouchers/OwnerVouchersPage.tsx:2:1
Module not found: Can't resolve '@/components/screens/owner/vouchers/OwnerVouchersClientContent'
  1 | import { getVouchersPageData } from "@/app/(main)/vouchers/data"
> 2 | import { OwnerVouchersClientContent } from "@/components/screens/owner/vouchers/OwnerVouchersClientContent"
    | ^^^^^^^^^^^^^^^^^^^^^^^^^^^^^^^^^^^^^^^^^^^^^^^^^^^^^^^^^^^^^^^^^^^^^^^^^^^^^^^^^^^^^^^^^^^^^^^^^^^^^^^^^^^
  3 |
  4 | export type VoucherViewStatus =
  5 |   | "active"

Import map: aliased to relative './components/screens/owner/vouchers/OwnerVouchersClientContent' inside of [project]/

Import trace:
  Server Component:
    ./components/screens/owner/vouchers/OwnerVouchersPage.tsx
    ./app/(main)/vouchers/page.tsx

https://nextjs.org/docs/messages/module-not-found @ :0
[   68174ms] [ERROR] ./components/screens/owner/vouchers/OwnerVouchersPage.tsx:2:1
Module not found: Can't resolve '@/components/screens/owner/vouchers/OwnerVouchersClientContent'
  1 | import { getVouchersPageData } from "@/app/(main)/vouchers/data"
> 2 | import { OwnerVouchersClientContent } from "@/components/screens/owner/vouchers/OwnerVouchersClientContent"
    | ^^^^^^^^^^^^^^^^^^^^^^^^^^^^^^^^^^^^^^^^^^^^^^^^^^^^^^^^^^^^^^^^^^^^^^^^^^^^^^^^^^^^^^^^^^^^^^^^^^^^^^^^^^^
  3 |
  4 | export type VoucherViewStatus =
  5 |   | "active"

Import map: aliased to relative './components/screens/owner/vouchers/OwnerVouchersClientContent' inside of [project]/

Import trace:
  Server Component:
    ./components/screens/owner/vouchers/OwnerVouchersPage.tsx
    ./app/(main)/vouchers/page.tsx

https://nextjs.org/docs/messages/module-not-found @ :0
[   68232ms] [ERROR] ./components/screens/owner/vouchers/OwnerVouchersPage.tsx:2:1
Module not found: Can't resolve '@/components/screens/owner/vouchers/OwnerVouchersClientContent'
  1 | import { getVouchersPageData } from "@/app/(main)/vouchers/data"
> 2 | import { OwnerVouchersClientContent } from "@/components/screens/owner/vouchers/OwnerVouchersClientContent"
    | ^^^^^^^^^^^^^^^^^^^^^^^^^^^^^^^^^^^^^^^^^^^^^^^^^^^^^^^^^^^^^^^^^^^^^^^^^^^^^^^^^^^^^^^^^^^^^^^^^^^^^^^^^^^
  3 |
  4 | export type VoucherViewStatus =
  5 |   | "active"

Import map: aliased to relative './components/screens/owner/vouchers/OwnerVouchersClientContent' inside of [project]/

Import trace:
  Server Component:
    ./components/screens/owner/vouchers/OwnerVouchersPage.tsx
    ./app/(main)/vouchers/page.tsx

https://nextjs.org/docs/messages/module-not-found @ :0
[   68291ms] [ERROR] ./components/screens/owner/vouchers/OwnerVouchersPage.tsx:2:1
Module not found: Can't resolve '@/components/screens/owner/vouchers/OwnerVouchersClientContent'
  1 | import { getVouchersPageData } from "@/app/(main)/vouchers/data"
> 2 | import { OwnerVouchersClientContent } from "@/components/screens/owner/vouchers/OwnerVouchersClientContent"
    | ^^^^^^^^^^^^^^^^^^^^^^^^^^^^^^^^^^^^^^^^^^^^^^^^^^^^^^^^^^^^^^^^^^^^^^^^^^^^^^^^^^^^^^^^^^^^^^^^^^^^^^^^^^^
  3 |
  4 | export type VoucherViewStatus =
  5 |   | "active"

Import map: aliased to relative './components/screens/owner/vouchers/OwnerVouchersClientContent' inside of [project]/

Import trace:
  Server Component:
    ./components/screens/owner/vouchers/OwnerVouchersPage.tsx
    ./app/(main)/vouchers/page.tsx

https://nextjs.org/docs/messages/module-not-found @ :0
[   68351ms] [ERROR] ./components/screens/owner/vouchers/OwnerVouchersPage.tsx:2:1
Module not found: Can't resolve '@/components/screens/owner/vouchers/OwnerVouchersClientContent'
  1 | import { getVouchersPageData } from "@/app/(main)/vouchers/data"
> 2 | import { OwnerVouchersClientContent } from "@/components/screens/owner/vouchers/OwnerVouchersClientContent"
    | ^^^^^^^^^^^^^^^^^^^^^^^^^^^^^^^^^^^^^^^^^^^^^^^^^^^^^^^^^^^^^^^^^^^^^^^^^^^^^^^^^^^^^^^^^^^^^^^^^^^^^^^^^^^
  3 |
  4 | export type VoucherViewStatus =
  5 |   | "active"

Import map: aliased to relative './components/screens/owner/vouchers/OwnerVouchersClientContent' inside of [project]/

Import trace:
  Server Component:
    ./components/screens/owner/vouchers/OwnerVouchersPage.tsx
    ./app/(main)/vouchers/page.tsx

https://nextjs.org/docs/messages/module-not-found @ :0
[   68415ms] [ERROR] ./components/screens/owner/vouchers/OwnerVouchersPage.tsx:2:1
Module not found: Can't resolve '@/components/screens/owner/vouchers/OwnerVouchersClientContent'
  1 | import { getVouchersPageData } from "@/app/(main)/vouchers/data"
> 2 | import { OwnerVouchersClientContent } from "@/components/screens/owner/vouchers/OwnerVouchersClientContent"
    | ^^^^^^^^^^^^^^^^^^^^^^^^^^^^^^^^^^^^^^^^^^^^^^^^^^^^^^^^^^^^^^^^^^^^^^^^^^^^^^^^^^^^^^^^^^^^^^^^^^^^^^^^^^^
  3 |
  4 | export type VoucherViewStatus =
  5 |   | "active"

Import map: aliased to relative './components/screens/owner/vouchers/OwnerVouchersClientContent' inside of [project]/

Import trace:
  Server Component:
    ./components/screens/owner/vouchers/OwnerVouchersPage.tsx
    ./app/(main)/vouchers/page.tsx

https://nextjs.org/docs/messages/module-not-found @ :0
[   68476ms] [ERROR] ./components/screens/owner/vouchers/OwnerVouchersPage.tsx:2:1
Module not found: Can't resolve '@/components/screens/owner/vouchers/OwnerVouchersClientContent'
  1 | import { getVouchersPageData } from "@/app/(main)/vouchers/data"
> 2 | import { OwnerVouchersClientContent } from "@/components/screens/owner/vouchers/OwnerVouchersClientContent"
    | ^^^^^^^^^^^^^^^^^^^^^^^^^^^^^^^^^^^^^^^^^^^^^^^^^^^^^^^^^^^^^^^^^^^^^^^^^^^^^^^^^^^^^^^^^^^^^^^^^^^^^^^^^^^
  3 |
  4 | export type VoucherViewStatus =
  5 |   | "active"

Import map: aliased to relative './components/screens/owner/vouchers/OwnerVouchersClientContent' inside of [project]/

Import trace:
  Server Component:
    ./components/screens/owner/vouchers/OwnerVouchersPage.tsx
    ./app/(main)/vouchers/page.tsx

https://nextjs.org/docs/messages/module-not-found @ :0
[   68535ms] [ERROR] ./components/screens/owner/vouchers/OwnerVouchersPage.tsx:2:1
Module not found: Can't resolve '@/components/screens/owner/vouchers/OwnerVouchersClientContent'
  1 | import { getVouchersPageData } from "@/app/(main)/vouchers/data"
> 2 | import { OwnerVouchersClientContent } from "@/components/screens/owner/vouchers/OwnerVouchersClientContent"
    | ^^^^^^^^^^^^^^^^^^^^^^^^^^^^^^^^^^^^^^^^^^^^^^^^^^^^^^^^^^^^^^^^^^^^^^^^^^^^^^^^^^^^^^^^^^^^^^^^^^^^^^^^^^^
  3 |
  4 | export type VoucherViewStatus =
  5 |   | "active"

Import map: aliased to relative './components/screens/owner/vouchers/OwnerVouchersClientContent' inside of [project]/

Import trace:
  Server Component:
    ./components/screens/owner/vouchers/OwnerVouchersPage.tsx
    ./app/(main)/vouchers/page.tsx

https://nextjs.org/docs/messages/module-not-found @ :0
[   68594ms] [ERROR] ./components/screens/owner/vouchers/OwnerVouchersPage.tsx:2:1
Module not found: Can't resolve '@/components/screens/owner/vouchers/OwnerVouchersClientContent'
  1 | import { getVouchersPageData } from "@/app/(main)/vouchers/data"
> 2 | import { OwnerVouchersClientContent } from "@/components/screens/owner/vouchers/OwnerVouchersClientContent"
    | ^^^^^^^^^^^^^^^^^^^^^^^^^^^^^^^^^^^^^^^^^^^^^^^^^^^^^^^^^^^^^^^^^^^^^^^^^^^^^^^^^^^^^^^^^^^^^^^^^^^^^^^^^^^
  3 |
  4 | export type VoucherViewStatus =
  5 |   | "active"

Import map: aliased to relative './components/screens/owner/vouchers/OwnerVouchersClientContent' inside of [project]/

Import trace:
  Server Component:
    ./components/screens/owner/vouchers/OwnerVouchersPage.tsx
    ./app/(main)/vouchers/page.tsx

https://nextjs.org/docs/messages/module-not-found @ :0
[   68656ms] [ERROR] ./components/screens/owner/vouchers/OwnerVouchersPage.tsx:2:1
Module not found: Can't resolve '@/components/screens/owner/vouchers/OwnerVouchersClientContent'
  1 | import { getVouchersPageData } from "@/app/(main)/vouchers/data"
> 2 | import { OwnerVouchersClientContent } from "@/components/screens/owner/vouchers/OwnerVouchersClientContent"
    | ^^^^^^^^^^^^^^^^^^^^^^^^^^^^^^^^^^^^^^^^^^^^^^^^^^^^^^^^^^^^^^^^^^^^^^^^^^^^^^^^^^^^^^^^^^^^^^^^^^^^^^^^^^^
  3 |
  4 | export type VoucherViewStatus =
  5 |   | "active"

Import map: aliased to relative './components/screens/owner/vouchers/OwnerVouchersClientContent' inside of [project]/

Import trace:
  Server Component:
    ./components/screens/owner/vouchers/OwnerVouchersPage.tsx
    ./app/(main)/vouchers/page.tsx

https://nextjs.org/docs/messages/module-not-found @ :0
[   68719ms] [ERROR] ./components/screens/owner/vouchers/OwnerVouchersPage.tsx:2:1
Module not found: Can't resolve '@/components/screens/owner/vouchers/OwnerVouchersClientContent'
  1 | import { getVouchersPageData } from "@/app/(main)/vouchers/data"
> 2 | import { OwnerVouchersClientContent } from "@/components/screens/owner/vouchers/OwnerVouchersClientContent"
    | ^^^^^^^^^^^^^^^^^^^^^^^^^^^^^^^^^^^^^^^^^^^^^^^^^^^^^^^^^^^^^^^^^^^^^^^^^^^^^^^^^^^^^^^^^^^^^^^^^^^^^^^^^^^
  3 |
  4 | export type VoucherViewStatus =
  5 |   | "active"

Import map: aliased to relative './components/screens/owner/vouchers/OwnerVouchersClientContent' inside of [project]/

Import trace:
  Server Component:
    ./components/screens/owner/vouchers/OwnerVouchersPage.tsx
    ./app/(main)/vouchers/page.tsx

https://nextjs.org/docs/messages/module-not-found @ :0
[   68778ms] [ERROR] ./components/screens/owner/vouchers/OwnerVouchersPage.tsx:2:1
Module not found: Can't resolve '@/components/screens/owner/vouchers/OwnerVouchersClientContent'
  1 | import { getVouchersPageData } from "@/app/(main)/vouchers/data"
> 2 | import { OwnerVouchersClientContent } from "@/components/screens/owner/vouchers/OwnerVouchersClientContent"
    | ^^^^^^^^^^^^^^^^^^^^^^^^^^^^^^^^^^^^^^^^^^^^^^^^^^^^^^^^^^^^^^^^^^^^^^^^^^^^^^^^^^^^^^^^^^^^^^^^^^^^^^^^^^^
  3 |
  4 | export type VoucherViewStatus =
  5 |   | "active"

Import map: aliased to relative './components/screens/owner/vouchers/OwnerVouchersClientContent' inside of [project]/

Import trace:
  Server Component:
    ./components/screens/owner/vouchers/OwnerVouchersPage.tsx
    ./app/(main)/vouchers/page.tsx

https://nextjs.org/docs/messages/module-not-found @ :0
[   68837ms] [ERROR] ./components/screens/owner/vouchers/OwnerVouchersPage.tsx:2:1
Module not found: Can't resolve '@/components/screens/owner/vouchers/OwnerVouchersClientContent'
  1 | import { getVouchersPageData } from "@/app/(main)/vouchers/data"
> 2 | import { OwnerVouchersClientContent } from "@/components/screens/owner/vouchers/OwnerVouchersClientContent"
    | ^^^^^^^^^^^^^^^^^^^^^^^^^^^^^^^^^^^^^^^^^^^^^^^^^^^^^^^^^^^^^^^^^^^^^^^^^^^^^^^^^^^^^^^^^^^^^^^^^^^^^^^^^^^
  3 |
  4 | export type VoucherViewStatus =
  5 |   | "active"

Import map: aliased to relative './components/screens/owner/vouchers/OwnerVouchersClientContent' inside of [project]/

Import trace:
  Server Component:
    ./components/screens/owner/vouchers/OwnerVouchersPage.tsx
    ./app/(main)/vouchers/page.tsx

https://nextjs.org/docs/messages/module-not-found @ :0
[   68896ms] [ERROR] ./components/screens/owner/vouchers/OwnerVouchersPage.tsx:2:1
Module not found: Can't resolve '@/components/screens/owner/vouchers/OwnerVouchersClientContent'
  1 | import { getVouchersPageData } from "@/app/(main)/vouchers/data"
> 2 | import { OwnerVouchersClientContent } from "@/components/screens/owner/vouchers/OwnerVouchersClientContent"
    | ^^^^^^^^^^^^^^^^^^^^^^^^^^^^^^^^^^^^^^^^^^^^^^^^^^^^^^^^^^^^^^^^^^^^^^^^^^^^^^^^^^^^^^^^^^^^^^^^^^^^^^^^^^^
  3 |
  4 | export type VoucherViewStatus =
  5 |   | "active"

Import map: aliased to relative './components/screens/owner/vouchers/OwnerVouchersClientContent' inside of [project]/

Import trace:
  Server Component:
    ./components/screens/owner/vouchers/OwnerVouchersPage.tsx
    ./app/(main)/vouchers/page.tsx

https://nextjs.org/docs/messages/module-not-found @ :0
[   68957ms] [ERROR] ./components/screens/owner/vouchers/OwnerVouchersPage.tsx:2:1
Module not found: Can't resolve '@/components/screens/owner/vouchers/OwnerVouchersClientContent'
  1 | import { getVouchersPageData } from "@/app/(main)/vouchers/data"
> 2 | import { OwnerVouchersClientContent } from "@/components/screens/owner/vouchers/OwnerVouchersClientContent"
    | ^^^^^^^^^^^^^^^^^^^^^^^^^^^^^^^^^^^^^^^^^^^^^^^^^^^^^^^^^^^^^^^^^^^^^^^^^^^^^^^^^^^^^^^^^^^^^^^^^^^^^^^^^^^
  3 |
  4 | export type VoucherViewStatus =
  5 |   | "active"

Import map: aliased to relative './components/screens/owner/vouchers/OwnerVouchersClientContent' inside of [project]/

Import trace:
  Server Component:
    ./components/screens/owner/vouchers/OwnerVouchersPage.tsx
    ./app/(main)/vouchers/page.tsx

https://nextjs.org/docs/messages/module-not-found @ :0
[   69016ms] [ERROR] ./components/screens/owner/vouchers/OwnerVouchersPage.tsx:2:1
Module not found: Can't resolve '@/components/screens/owner/vouchers/OwnerVouchersClientContent'
  1 | import { getVouchersPageData } from "@/app/(main)/vouchers/data"
> 2 | import { OwnerVouchersClientContent } from "@/components/screens/owner/vouchers/OwnerVouchersClientContent"
    | ^^^^^^^^^^^^^^^^^^^^^^^^^^^^^^^^^^^^^^^^^^^^^^^^^^^^^^^^^^^^^^^^^^^^^^^^^^^^^^^^^^^^^^^^^^^^^^^^^^^^^^^^^^^
  3 |
  4 | export type VoucherViewStatus =
  5 |   | "active"

Import map: aliased to relative './components/screens/owner/vouchers/OwnerVouchersClientContent' inside of [project]/

Import trace:
  Server Component:
    ./components/screens/owner/vouchers/OwnerVouchersPage.tsx
    ./app/(main)/vouchers/page.tsx

https://nextjs.org/docs/messages/module-not-found @ :0
[   69079ms] [ERROR] ./components/screens/owner/vouchers/OwnerVouchersPage.tsx:2:1
Module not found: Can't resolve '@/components/screens/owner/vouchers/OwnerVouchersClientContent'
  1 | import { getVouchersPageData } from "@/app/(main)/vouchers/data"
> 2 | import { OwnerVouchersClientContent } from "@/components/screens/owner/vouchers/OwnerVouchersClientContent"
    | ^^^^^^^^^^^^^^^^^^^^^^^^^^^^^^^^^^^^^^^^^^^^^^^^^^^^^^^^^^^^^^^^^^^^^^^^^^^^^^^^^^^^^^^^^^^^^^^^^^^^^^^^^^^
  3 |
  4 | export type VoucherViewStatus =
  5 |   | "active"

Import map: aliased to relative './components/screens/owner/vouchers/OwnerVouchersClientContent' inside of [project]/

Import trace:
  Server Component:
    ./components/screens/owner/vouchers/OwnerVouchersPage.tsx
    ./app/(main)/vouchers/page.tsx

https://nextjs.org/docs/messages/module-not-found @ :0
[   69138ms] [ERROR] ./components/screens/owner/vouchers/OwnerVouchersPage.tsx:2:1
Module not found: Can't resolve '@/components/screens/owner/vouchers/OwnerVouchersClientContent'
  1 | import { getVouchersPageData } from "@/app/(main)/vouchers/data"
> 2 | import { OwnerVouchersClientContent } from "@/components/screens/owner/vouchers/OwnerVouchersClientContent"
    | ^^^^^^^^^^^^^^^^^^^^^^^^^^^^^^^^^^^^^^^^^^^^^^^^^^^^^^^^^^^^^^^^^^^^^^^^^^^^^^^^^^^^^^^^^^^^^^^^^^^^^^^^^^^
  3 |
  4 | export type VoucherViewStatus =
  5 |   | "active"

Import map: aliased to relative './components/screens/owner/vouchers/OwnerVouchersClientContent' inside of [project]/

Import trace:
  Server Component:
    ./components/screens/owner/vouchers/OwnerVouchersPage.tsx
    ./app/(main)/vouchers/page.tsx

https://nextjs.org/docs/messages/module-not-found @ :0
[   69197ms] [ERROR] ./components/screens/owner/vouchers/OwnerVouchersPage.tsx:2:1
Module not found: Can't resolve '@/components/screens/owner/vouchers/OwnerVouchersClientContent'
  1 | import { getVouchersPageData } from "@/app/(main)/vouchers/data"
> 2 | import { OwnerVouchersClientContent } from "@/components/screens/owner/vouchers/OwnerVouchersClientContent"
    | ^^^^^^^^^^^^^^^^^^^^^^^^^^^^^^^^^^^^^^^^^^^^^^^^^^^^^^^^^^^^^^^^^^^^^^^^^^^^^^^^^^^^^^^^^^^^^^^^^^^^^^^^^^^
  3 |
  4 | export type VoucherViewStatus =
  5 |   | "active"

Import map: aliased to relative './components/screens/owner/vouchers/OwnerVouchersClientContent' inside of [project]/

Import trace:
  Server Component:
    ./components/screens/owner/vouchers/OwnerVouchersPage.tsx
    ./app/(main)/vouchers/page.tsx

https://nextjs.org/docs/messages/module-not-found @ :0
[   69257ms] [ERROR] ./components/screens/owner/vouchers/OwnerVouchersPage.tsx:2:1
Module not found: Can't resolve '@/components/screens/owner/vouchers/OwnerVouchersClientContent'
  1 | import { getVouchersPageData } from "@/app/(main)/vouchers/data"
> 2 | import { OwnerVouchersClientContent } from "@/components/screens/owner/vouchers/OwnerVouchersClientContent"
    | ^^^^^^^^^^^^^^^^^^^^^^^^^^^^^^^^^^^^^^^^^^^^^^^^^^^^^^^^^^^^^^^^^^^^^^^^^^^^^^^^^^^^^^^^^^^^^^^^^^^^^^^^^^^
  3 |
  4 | export type VoucherViewStatus =
  5 |   | "active"

Import map: aliased to relative './components/screens/owner/vouchers/OwnerVouchersClientContent' inside of [project]/

Import trace:
  Server Component:
    ./components/screens/owner/vouchers/OwnerVouchersPage.tsx
    ./app/(main)/vouchers/page.tsx

https://nextjs.org/docs/messages/module-not-found @ :0
[   69316ms] [ERROR] ./components/screens/owner/vouchers/OwnerVouchersPage.tsx:2:1
Module not found: Can't resolve '@/components/screens/owner/vouchers/OwnerVouchersClientContent'
  1 | import { getVouchersPageData } from "@/app/(main)/vouchers/data"
> 2 | import { OwnerVouchersClientContent } from "@/components/screens/owner/vouchers/OwnerVouchersClientContent"
    | ^^^^^^^^^^^^^^^^^^^^^^^^^^^^^^^^^^^^^^^^^^^^^^^^^^^^^^^^^^^^^^^^^^^^^^^^^^^^^^^^^^^^^^^^^^^^^^^^^^^^^^^^^^^
  3 |
  4 | export type VoucherViewStatus =
  5 |   | "active"

Import map: aliased to relative './components/screens/owner/vouchers/OwnerVouchersClientContent' inside of [project]/

Import trace:
  Server Component:
    ./components/screens/owner/vouchers/OwnerVouchersPage.tsx
    ./app/(main)/vouchers/page.tsx

https://nextjs.org/docs/messages/module-not-found @ :0
[   69375ms] [ERROR] ./components/screens/owner/vouchers/OwnerVouchersPage.tsx:2:1
Module not found: Can't resolve '@/components/screens/owner/vouchers/OwnerVouchersClientContent'
  1 | import { getVouchersPageData } from "@/app/(main)/vouchers/data"
> 2 | import { OwnerVouchersClientContent } from "@/components/screens/owner/vouchers/OwnerVouchersClientContent"
    | ^^^^^^^^^^^^^^^^^^^^^^^^^^^^^^^^^^^^^^^^^^^^^^^^^^^^^^^^^^^^^^^^^^^^^^^^^^^^^^^^^^^^^^^^^^^^^^^^^^^^^^^^^^^
  3 |
  4 | export type VoucherViewStatus =
  5 |   | "active"

Import map: aliased to relative './components/screens/owner/vouchers/OwnerVouchersClientContent' inside of [project]/

Import trace:
  Server Component:
    ./components/screens/owner/vouchers/OwnerVouchersPage.tsx
    ./app/(main)/vouchers/page.tsx

https://nextjs.org/docs/messages/module-not-found @ :0
[   69433ms] [ERROR] ./components/screens/owner/vouchers/OwnerVouchersPage.tsx:2:1
Module not found: Can't resolve '@/components/screens/owner/vouchers/OwnerVouchersClientContent'
  1 | import { getVouchersPageData } from "@/app/(main)/vouchers/data"
> 2 | import { OwnerVouchersClientContent } from "@/components/screens/owner/vouchers/OwnerVouchersClientContent"
    | ^^^^^^^^^^^^^^^^^^^^^^^^^^^^^^^^^^^^^^^^^^^^^^^^^^^^^^^^^^^^^^^^^^^^^^^^^^^^^^^^^^^^^^^^^^^^^^^^^^^^^^^^^^^
  3 |
  4 | export type VoucherViewStatus =
  5 |   | "active"

Import map: aliased to relative './components/screens/owner/vouchers/OwnerVouchersClientContent' inside of [project]/

Import trace:
  Server Component:
    ./components/screens/owner/vouchers/OwnerVouchersPage.tsx
    ./app/(main)/vouchers/page.tsx

https://nextjs.org/docs/messages/module-not-found @ :0
[   69493ms] [ERROR] ./components/screens/owner/vouchers/OwnerVouchersPage.tsx:2:1
Module not found: Can't resolve '@/components/screens/owner/vouchers/OwnerVouchersClientContent'
  1 | import { getVouchersPageData } from "@/app/(main)/vouchers/data"
> 2 | import { OwnerVouchersClientContent } from "@/components/screens/owner/vouchers/OwnerVouchersClientContent"
    | ^^^^^^^^^^^^^^^^^^^^^^^^^^^^^^^^^^^^^^^^^^^^^^^^^^^^^^^^^^^^^^^^^^^^^^^^^^^^^^^^^^^^^^^^^^^^^^^^^^^^^^^^^^^
  3 |
  4 | export type VoucherViewStatus =
  5 |   | "active"

Import map: aliased to relative './components/screens/owner/vouchers/OwnerVouchersClientContent' inside of [project]/

Import trace:
  Server Component:
    ./components/screens/owner/vouchers/OwnerVouchersPage.tsx
    ./app/(main)/vouchers/page.tsx

https://nextjs.org/docs/messages/module-not-found @ :0
[   69549ms] [ERROR] ./components/screens/owner/vouchers/OwnerVouchersPage.tsx:2:1
Module not found: Can't resolve '@/components/screens/owner/vouchers/OwnerVouchersClientContent'
  1 | import { getVouchersPageData } from "@/app/(main)/vouchers/data"
> 2 | import { OwnerVouchersClientContent } from "@/components/screens/owner/vouchers/OwnerVouchersClientContent"
    | ^^^^^^^^^^^^^^^^^^^^^^^^^^^^^^^^^^^^^^^^^^^^^^^^^^^^^^^^^^^^^^^^^^^^^^^^^^^^^^^^^^^^^^^^^^^^^^^^^^^^^^^^^^^
  3 |
  4 | export type VoucherViewStatus =
  5 |   | "active"

Import map: aliased to relative './components/screens/owner/vouchers/OwnerVouchersClientContent' inside of [project]/

Import trace:
  Server Component:
    ./components/screens/owner/vouchers/OwnerVouchersPage.tsx
    ./app/(main)/vouchers/page.tsx

https://nextjs.org/docs/messages/module-not-found @ :0
[   69606ms] [ERROR] ./components/screens/owner/vouchers/OwnerVouchersPage.tsx:2:1
Module not found: Can't resolve '@/components/screens/owner/vouchers/OwnerVouchersClientContent'
  1 | import { getVouchersPageData } from "@/app/(main)/vouchers/data"
> 2 | import { OwnerVouchersClientContent } from "@/components/screens/owner/vouchers/OwnerVouchersClientContent"
    | ^^^^^^^^^^^^^^^^^^^^^^^^^^^^^^^^^^^^^^^^^^^^^^^^^^^^^^^^^^^^^^^^^^^^^^^^^^^^^^^^^^^^^^^^^^^^^^^^^^^^^^^^^^^
  3 |
  4 | export type VoucherViewStatus =
  5 |   | "active"

Import map: aliased to relative './components/screens/owner/vouchers/OwnerVouchersClientContent' inside of [project]/

Import trace:
  Server Component:
    ./components/screens/owner/vouchers/OwnerVouchersPage.tsx
    ./app/(main)/vouchers/page.tsx

https://nextjs.org/docs/messages/module-not-found @ :0
[   69665ms] [ERROR] ./components/screens/owner/vouchers/OwnerVouchersPage.tsx:2:1
Module not found: Can't resolve '@/components/screens/owner/vouchers/OwnerVouchersClientContent'
  1 | import { getVouchersPageData } from "@/app/(main)/vouchers/data"
> 2 | import { OwnerVouchersClientContent } from "@/components/screens/owner/vouchers/OwnerVouchersClientContent"
    | ^^^^^^^^^^^^^^^^^^^^^^^^^^^^^^^^^^^^^^^^^^^^^^^^^^^^^^^^^^^^^^^^^^^^^^^^^^^^^^^^^^^^^^^^^^^^^^^^^^^^^^^^^^^
  3 |
  4 | export type VoucherViewStatus =
  5 |   | "active"

Import map: aliased to relative './components/screens/owner/vouchers/OwnerVouchersClientContent' inside of [project]/

Import trace:
  Server Component:
    ./components/screens/owner/vouchers/OwnerVouchersPage.tsx
    ./app/(main)/vouchers/page.tsx

https://nextjs.org/docs/messages/module-not-found @ :0
[   69723ms] [ERROR] ./components/screens/owner/vouchers/OwnerVouchersPage.tsx:2:1
Module not found: Can't resolve '@/components/screens/owner/vouchers/OwnerVouchersClientContent'
  1 | import { getVouchersPageData } from "@/app/(main)/vouchers/data"
> 2 | import { OwnerVouchersClientContent } from "@/components/screens/owner/vouchers/OwnerVouchersClientContent"
    | ^^^^^^^^^^^^^^^^^^^^^^^^^^^^^^^^^^^^^^^^^^^^^^^^^^^^^^^^^^^^^^^^^^^^^^^^^^^^^^^^^^^^^^^^^^^^^^^^^^^^^^^^^^^
  3 |
  4 | export type VoucherViewStatus =
  5 |   | "active"

Import map: aliased to relative './components/screens/owner/vouchers/OwnerVouchersClientContent' inside of [project]/

Import trace:
  Server Component:
    ./components/screens/owner/vouchers/OwnerVouchersPage.tsx
    ./app/(main)/vouchers/page.tsx

https://nextjs.org/docs/messages/module-not-found @ :0
[   69783ms] [ERROR] ./components/screens/owner/vouchers/OwnerVouchersPage.tsx:2:1
Module not found: Can't resolve '@/components/screens/owner/vouchers/OwnerVouchersClientContent'
  1 | import { getVouchersPageData } from "@/app/(main)/vouchers/data"
> 2 | import { OwnerVouchersClientContent } from "@/components/screens/owner/vouchers/OwnerVouchersClientContent"
    | ^^^^^^^^^^^^^^^^^^^^^^^^^^^^^^^^^^^^^^^^^^^^^^^^^^^^^^^^^^^^^^^^^^^^^^^^^^^^^^^^^^^^^^^^^^^^^^^^^^^^^^^^^^^
  3 |
  4 | export type VoucherViewStatus =
  5 |   | "active"

Import map: aliased to relative './components/screens/owner/vouchers/OwnerVouchersClientContent' inside of [project]/

Import trace:
  Server Component:
    ./components/screens/owner/vouchers/OwnerVouchersPage.tsx
    ./app/(main)/vouchers/page.tsx

https://nextjs.org/docs/messages/module-not-found @ :0
[   69841ms] [ERROR] ./components/screens/owner/vouchers/OwnerVouchersPage.tsx:2:1
Module not found: Can't resolve '@/components/screens/owner/vouchers/OwnerVouchersClientContent'
  1 | import { getVouchersPageData } from "@/app/(main)/vouchers/data"
> 2 | import { OwnerVouchersClientContent } from "@/components/screens/owner/vouchers/OwnerVouchersClientContent"
    | ^^^^^^^^^^^^^^^^^^^^^^^^^^^^^^^^^^^^^^^^^^^^^^^^^^^^^^^^^^^^^^^^^^^^^^^^^^^^^^^^^^^^^^^^^^^^^^^^^^^^^^^^^^^
  3 |
  4 | export type VoucherViewStatus =
  5 |   | "active"

Import map: aliased to relative './components/screens/owner/vouchers/OwnerVouchersClientContent' inside of [project]/

Import trace:
  Server Component:
    ./components/screens/owner/vouchers/OwnerVouchersPage.tsx
    ./app/(main)/vouchers/page.tsx

https://nextjs.org/docs/messages/module-not-found @ :0
[   69899ms] [ERROR] ./components/screens/owner/vouchers/OwnerVouchersPage.tsx:2:1
Module not found: Can't resolve '@/components/screens/owner/vouchers/OwnerVouchersClientContent'
  1 | import { getVouchersPageData } from "@/app/(main)/vouchers/data"
> 2 | import { OwnerVouchersClientContent } from "@/components/screens/owner/vouchers/OwnerVouchersClientContent"
    | ^^^^^^^^^^^^^^^^^^^^^^^^^^^^^^^^^^^^^^^^^^^^^^^^^^^^^^^^^^^^^^^^^^^^^^^^^^^^^^^^^^^^^^^^^^^^^^^^^^^^^^^^^^^
  3 |
  4 | export type VoucherViewStatus =
  5 |   | "active"

Import map: aliased to relative './components/screens/owner/vouchers/OwnerVouchersClientContent' inside of [project]/

Import trace:
  Server Component:
    ./components/screens/owner/vouchers/OwnerVouchersPage.tsx
    ./app/(main)/vouchers/page.tsx

https://nextjs.org/docs/messages/module-not-found @ :0
[   69958ms] [ERROR] ./components/screens/owner/vouchers/OwnerVouchersPage.tsx:2:1
Module not found: Can't resolve '@/components/screens/owner/vouchers/OwnerVouchersClientContent'
  1 | import { getVouchersPageData } from "@/app/(main)/vouchers/data"
> 2 | import { OwnerVouchersClientContent } from "@/components/screens/owner/vouchers/OwnerVouchersClientContent"
    | ^^^^^^^^^^^^^^^^^^^^^^^^^^^^^^^^^^^^^^^^^^^^^^^^^^^^^^^^^^^^^^^^^^^^^^^^^^^^^^^^^^^^^^^^^^^^^^^^^^^^^^^^^^^
  3 |
  4 | export type VoucherViewStatus =
  5 |   | "active"

Import map: aliased to relative './components/screens/owner/vouchers/OwnerVouchersClientContent' inside of [project]/

Import trace:
  Server Component:
    ./components/screens/owner/vouchers/OwnerVouchersPage.tsx
    ./app/(main)/vouchers/page.tsx

https://nextjs.org/docs/messages/module-not-found @ :0
[   70017ms] [ERROR] ./components/screens/owner/vouchers/OwnerVouchersPage.tsx:2:1
Module not found: Can't resolve '@/components/screens/owner/vouchers/OwnerVouchersClientContent'
  1 | import { getVouchersPageData } from "@/app/(main)/vouchers/data"
> 2 | import { OwnerVouchersClientContent } from "@/components/screens/owner/vouchers/OwnerVouchersClientContent"
    | ^^^^^^^^^^^^^^^^^^^^^^^^^^^^^^^^^^^^^^^^^^^^^^^^^^^^^^^^^^^^^^^^^^^^^^^^^^^^^^^^^^^^^^^^^^^^^^^^^^^^^^^^^^^
  3 |
  4 | export type VoucherViewStatus =
  5 |   | "active"

Import map: aliased to relative './components/screens/owner/vouchers/OwnerVouchersClientContent' inside of [project]/

Import trace:
  Server Component:
    ./components/screens/owner/vouchers/OwnerVouchersPage.tsx
    ./app/(main)/vouchers/page.tsx

https://nextjs.org/docs/messages/module-not-found @ :0
[   70077ms] [ERROR] ./components/screens/owner/vouchers/OwnerVouchersPage.tsx:2:1
Module not found: Can't resolve '@/components/screens/owner/vouchers/OwnerVouchersClientContent'
  1 | import { getVouchersPageData } from "@/app/(main)/vouchers/data"
> 2 | import { OwnerVouchersClientContent } from "@/components/screens/owner/vouchers/OwnerVouchersClientContent"
    | ^^^^^^^^^^^^^^^^^^^^^^^^^^^^^^^^^^^^^^^^^^^^^^^^^^^^^^^^^^^^^^^^^^^^^^^^^^^^^^^^^^^^^^^^^^^^^^^^^^^^^^^^^^^
  3 |
  4 | export type VoucherViewStatus =
  5 |   | "active"

Import map: aliased to relative './components/screens/owner/vouchers/OwnerVouchersClientContent' inside of [project]/

Import trace:
  Server Component:
    ./components/screens/owner/vouchers/OwnerVouchersPage.tsx
    ./app/(main)/vouchers/page.tsx

https://nextjs.org/docs/messages/module-not-found @ :0
[   70136ms] [ERROR] ./components/screens/owner/vouchers/OwnerVouchersPage.tsx:2:1
Module not found: Can't resolve '@/components/screens/owner/vouchers/OwnerVouchersClientContent'
  1 | import { getVouchersPageData } from "@/app/(main)/vouchers/data"
> 2 | import { OwnerVouchersClientContent } from "@/components/screens/owner/vouchers/OwnerVouchersClientContent"
    | ^^^^^^^^^^^^^^^^^^^^^^^^^^^^^^^^^^^^^^^^^^^^^^^^^^^^^^^^^^^^^^^^^^^^^^^^^^^^^^^^^^^^^^^^^^^^^^^^^^^^^^^^^^^
  3 |
  4 | export type VoucherViewStatus =
  5 |   | "active"

Import map: aliased to relative './components/screens/owner/vouchers/OwnerVouchersClientContent' inside of [project]/

Import trace:
  Server Component:
    ./components/screens/owner/vouchers/OwnerVouchersPage.tsx
    ./app/(main)/vouchers/page.tsx

https://nextjs.org/docs/messages/module-not-found @ :0
[   70193ms] [ERROR] ./components/screens/owner/vouchers/OwnerVouchersPage.tsx:2:1
Module not found: Can't resolve '@/components/screens/owner/vouchers/OwnerVouchersClientContent'
  1 | import { getVouchersPageData } from "@/app/(main)/vouchers/data"
> 2 | import { OwnerVouchersClientContent } from "@/components/screens/owner/vouchers/OwnerVouchersClientContent"
    | ^^^^^^^^^^^^^^^^^^^^^^^^^^^^^^^^^^^^^^^^^^^^^^^^^^^^^^^^^^^^^^^^^^^^^^^^^^^^^^^^^^^^^^^^^^^^^^^^^^^^^^^^^^^
  3 |
  4 | export type VoucherViewStatus =
  5 |   | "active"

Import map: aliased to relative './components/screens/owner/vouchers/OwnerVouchersClientContent' inside of [project]/

Import trace:
  Server Component:
    ./components/screens/owner/vouchers/OwnerVouchersPage.tsx
    ./app/(main)/vouchers/page.tsx

https://nextjs.org/docs/messages/module-not-found @ :0
[   70253ms] [ERROR] ./components/screens/owner/vouchers/OwnerVouchersPage.tsx:2:1
Module not found: Can't resolve '@/components/screens/owner/vouchers/OwnerVouchersClientContent'
  1 | import { getVouchersPageData } from "@/app/(main)/vouchers/data"
> 2 | import { OwnerVouchersClientContent } from "@/components/screens/owner/vouchers/OwnerVouchersClientContent"
    | ^^^^^^^^^^^^^^^^^^^^^^^^^^^^^^^^^^^^^^^^^^^^^^^^^^^^^^^^^^^^^^^^^^^^^^^^^^^^^^^^^^^^^^^^^^^^^^^^^^^^^^^^^^^
  3 |
  4 | export type VoucherViewStatus =
  5 |   | "active"

Import map: aliased to relative './components/screens/owner/vouchers/OwnerVouchersClientContent' inside of [project]/

Import trace:
  Server Component:
    ./components/screens/owner/vouchers/OwnerVouchersPage.tsx
    ./app/(main)/vouchers/page.tsx

https://nextjs.org/docs/messages/module-not-found @ :0
[   70312ms] [ERROR] ./components/screens/owner/vouchers/OwnerVouchersPage.tsx:2:1
Module not found: Can't resolve '@/components/screens/owner/vouchers/OwnerVouchersClientContent'
  1 | import { getVouchersPageData } from "@/app/(main)/vouchers/data"
> 2 | import { OwnerVouchersClientContent } from "@/components/screens/owner/vouchers/OwnerVouchersClientContent"
    | ^^^^^^^^^^^^^^^^^^^^^^^^^^^^^^^^^^^^^^^^^^^^^^^^^^^^^^^^^^^^^^^^^^^^^^^^^^^^^^^^^^^^^^^^^^^^^^^^^^^^^^^^^^^
  3 |
  4 | export type VoucherViewStatus =
  5 |   | "active"

Import map: aliased to relative './components/screens/owner/vouchers/OwnerVouchersClientContent' inside of [project]/

Import trace:
  Server Component:
    ./components/screens/owner/vouchers/OwnerVouchersPage.tsx
    ./app/(main)/vouchers/page.tsx

https://nextjs.org/docs/messages/module-not-found @ :0
[   70374ms] [ERROR] ./components/screens/owner/vouchers/OwnerVouchersPage.tsx:2:1
Module not found: Can't resolve '@/components/screens/owner/vouchers/OwnerVouchersClientContent'
  1 | import { getVouchersPageData } from "@/app/(main)/vouchers/data"
> 2 | import { OwnerVouchersClientContent } from "@/components/screens/owner/vouchers/OwnerVouchersClientContent"
    | ^^^^^^^^^^^^^^^^^^^^^^^^^^^^^^^^^^^^^^^^^^^^^^^^^^^^^^^^^^^^^^^^^^^^^^^^^^^^^^^^^^^^^^^^^^^^^^^^^^^^^^^^^^^
  3 |
  4 | export type VoucherViewStatus =
  5 |   | "active"

Import map: aliased to relative './components/screens/owner/vouchers/OwnerVouchersClientContent' inside of [project]/

Import trace:
  Server Component:
    ./components/screens/owner/vouchers/OwnerVouchersPage.tsx
    ./app/(main)/vouchers/page.tsx

https://nextjs.org/docs/messages/module-not-found @ :0
[   70434ms] [ERROR] ./components/screens/owner/vouchers/OwnerVouchersPage.tsx:2:1
Module not found: Can't resolve '@/components/screens/owner/vouchers/OwnerVouchersClientContent'
  1 | import { getVouchersPageData } from "@/app/(main)/vouchers/data"
> 2 | import { OwnerVouchersClientContent } from "@/components/screens/owner/vouchers/OwnerVouchersClientContent"
    | ^^^^^^^^^^^^^^^^^^^^^^^^^^^^^^^^^^^^^^^^^^^^^^^^^^^^^^^^^^^^^^^^^^^^^^^^^^^^^^^^^^^^^^^^^^^^^^^^^^^^^^^^^^^
  3 |
  4 | export type VoucherViewStatus =
  5 |   | "active"

Import map: aliased to relative './components/screens/owner/vouchers/OwnerVouchersClientContent' inside of [project]/

Import trace:
  Server Component:
    ./components/screens/owner/vouchers/OwnerVouchersPage.tsx
    ./app/(main)/vouchers/page.tsx

https://nextjs.org/docs/messages/module-not-found @ :0
[   70495ms] [ERROR] ./components/screens/owner/vouchers/OwnerVouchersPage.tsx:2:1
Module not found: Can't resolve '@/components/screens/owner/vouchers/OwnerVouchersClientContent'
  1 | import { getVouchersPageData } from "@/app/(main)/vouchers/data"
> 2 | import { OwnerVouchersClientContent } from "@/components/screens/owner/vouchers/OwnerVouchersClientContent"
    | ^^^^^^^^^^^^^^^^^^^^^^^^^^^^^^^^^^^^^^^^^^^^^^^^^^^^^^^^^^^^^^^^^^^^^^^^^^^^^^^^^^^^^^^^^^^^^^^^^^^^^^^^^^^
  3 |
  4 | export type VoucherViewStatus =
  5 |   | "active"

Import map: aliased to relative './components/screens/owner/vouchers/OwnerVouchersClientContent' inside of [project]/

Import trace:
  Server Component:
    ./components/screens/owner/vouchers/OwnerVouchersPage.tsx
    ./app/(main)/vouchers/page.tsx

https://nextjs.org/docs/messages/module-not-found @ :0
[   70555ms] [ERROR] ./components/screens/owner/vouchers/OwnerVouchersPage.tsx:2:1
Module not found: Can't resolve '@/components/screens/owner/vouchers/OwnerVouchersClientContent'
  1 | import { getVouchersPageData } from "@/app/(main)/vouchers/data"
> 2 | import { OwnerVouchersClientContent } from "@/components/screens/owner/vouchers/OwnerVouchersClientContent"
    | ^^^^^^^^^^^^^^^^^^^^^^^^^^^^^^^^^^^^^^^^^^^^^^^^^^^^^^^^^^^^^^^^^^^^^^^^^^^^^^^^^^^^^^^^^^^^^^^^^^^^^^^^^^^
  3 |
  4 | export type VoucherViewStatus =
  5 |   | "active"

Import map: aliased to relative './components/screens/owner/vouchers/OwnerVouchersClientContent' inside of [project]/

Import trace:
  Server Component:
    ./components/screens/owner/vouchers/OwnerVouchersPage.tsx
    ./app/(main)/vouchers/page.tsx

https://nextjs.org/docs/messages/module-not-found @ :0
[   70613ms] [ERROR] ./components/screens/owner/vouchers/OwnerVouchersPage.tsx:2:1
Module not found: Can't resolve '@/components/screens/owner/vouchers/OwnerVouchersClientContent'
  1 | import { getVouchersPageData } from "@/app/(main)/vouchers/data"
> 2 | import { OwnerVouchersClientContent } from "@/components/screens/owner/vouchers/OwnerVouchersClientContent"
    | ^^^^^^^^^^^^^^^^^^^^^^^^^^^^^^^^^^^^^^^^^^^^^^^^^^^^^^^^^^^^^^^^^^^^^^^^^^^^^^^^^^^^^^^^^^^^^^^^^^^^^^^^^^^
  3 |
  4 | export type VoucherViewStatus =
  5 |   | "active"

Import map: aliased to relative './components/screens/owner/vouchers/OwnerVouchersClientContent' inside of [project]/

Import trace:
  Server Component:
    ./components/screens/owner/vouchers/OwnerVouchersPage.tsx
    ./app/(main)/vouchers/page.tsx

https://nextjs.org/docs/messages/module-not-found @ :0
[   70673ms] [ERROR] ./components/screens/owner/vouchers/OwnerVouchersPage.tsx:2:1
Module not found: Can't resolve '@/components/screens/owner/vouchers/OwnerVouchersClientContent'
  1 | import { getVouchersPageData } from "@/app/(main)/vouchers/data"
> 2 | import { OwnerVouchersClientContent } from "@/components/screens/owner/vouchers/OwnerVouchersClientContent"
    | ^^^^^^^^^^^^^^^^^^^^^^^^^^^^^^^^^^^^^^^^^^^^^^^^^^^^^^^^^^^^^^^^^^^^^^^^^^^^^^^^^^^^^^^^^^^^^^^^^^^^^^^^^^^
  3 |
  4 | export type VoucherViewStatus =
  5 |   | "active"

Import map: aliased to relative './components/screens/owner/vouchers/OwnerVouchersClientContent' inside of [project]/

Import trace:
  Server Component:
    ./components/screens/owner/vouchers/OwnerVouchersPage.tsx
    ./app/(main)/vouchers/page.tsx

https://nextjs.org/docs/messages/module-not-found @ :0
[   70731ms] [ERROR] ./components/screens/owner/vouchers/OwnerVouchersPage.tsx:2:1
Module not found: Can't resolve '@/components/screens/owner/vouchers/OwnerVouchersClientContent'
  1 | import { getVouchersPageData } from "@/app/(main)/vouchers/data"
> 2 | import { OwnerVouchersClientContent } from "@/components/screens/owner/vouchers/OwnerVouchersClientContent"
    | ^^^^^^^^^^^^^^^^^^^^^^^^^^^^^^^^^^^^^^^^^^^^^^^^^^^^^^^^^^^^^^^^^^^^^^^^^^^^^^^^^^^^^^^^^^^^^^^^^^^^^^^^^^^
  3 |
  4 | export type VoucherViewStatus =
  5 |   | "active"

Import map: aliased to relative './components/screens/owner/vouchers/OwnerVouchersClientContent' inside of [project]/

Import trace:
  Server Component:
    ./components/screens/owner/vouchers/OwnerVouchersPage.tsx
    ./app/(main)/vouchers/page.tsx

https://nextjs.org/docs/messages/module-not-found @ :0
[   70791ms] [ERROR] ./components/screens/owner/vouchers/OwnerVouchersPage.tsx:2:1
Module not found: Can't resolve '@/components/screens/owner/vouchers/OwnerVouchersClientContent'
  1 | import { getVouchersPageData } from "@/app/(main)/vouchers/data"
> 2 | import { OwnerVouchersClientContent } from "@/components/screens/owner/vouchers/OwnerVouchersClientContent"
    | ^^^^^^^^^^^^^^^^^^^^^^^^^^^^^^^^^^^^^^^^^^^^^^^^^^^^^^^^^^^^^^^^^^^^^^^^^^^^^^^^^^^^^^^^^^^^^^^^^^^^^^^^^^^
  3 |
  4 | export type VoucherViewStatus =
  5 |   | "active"

Import map: aliased to relative './components/screens/owner/vouchers/OwnerVouchersClientContent' inside of [project]/

Import trace:
  Server Component:
    ./components/screens/owner/vouchers/OwnerVouchersPage.tsx
    ./app/(main)/vouchers/page.tsx

https://nextjs.org/docs/messages/module-not-found @ :0
[   70851ms] [ERROR] ./components/screens/owner/vouchers/OwnerVouchersPage.tsx:2:1
Module not found: Can't resolve '@/components/screens/owner/vouchers/OwnerVouchersClientContent'
  1 | import { getVouchersPageData } from "@/app/(main)/vouchers/data"
> 2 | import { OwnerVouchersClientContent } from "@/components/screens/owner/vouchers/OwnerVouchersClientContent"
    | ^^^^^^^^^^^^^^^^^^^^^^^^^^^^^^^^^^^^^^^^^^^^^^^^^^^^^^^^^^^^^^^^^^^^^^^^^^^^^^^^^^^^^^^^^^^^^^^^^^^^^^^^^^^
  3 |
  4 | export type VoucherViewStatus =
  5 |   | "active"

Import map: aliased to relative './components/screens/owner/vouchers/OwnerVouchersClientContent' inside of [project]/

Import trace:
  Server Component:
    ./components/screens/owner/vouchers/OwnerVouchersPage.tsx
    ./app/(main)/vouchers/page.tsx

https://nextjs.org/docs/messages/module-not-found @ :0
[   70911ms] [ERROR] ./components/screens/owner/vouchers/OwnerVouchersPage.tsx:2:1
Module not found: Can't resolve '@/components/screens/owner/vouchers/OwnerVouchersClientContent'
  1 | import { getVouchersPageData } from "@/app/(main)/vouchers/data"
> 2 | import { OwnerVouchersClientContent } from "@/components/screens/owner/vouchers/OwnerVouchersClientContent"
    | ^^^^^^^^^^^^^^^^^^^^^^^^^^^^^^^^^^^^^^^^^^^^^^^^^^^^^^^^^^^^^^^^^^^^^^^^^^^^^^^^^^^^^^^^^^^^^^^^^^^^^^^^^^^
  3 |
  4 | export type VoucherViewStatus =
  5 |   | "active"

Import map: aliased to relative './components/screens/owner/vouchers/OwnerVouchersClientContent' inside of [project]/

Import trace:
  Server Component:
    ./components/screens/owner/vouchers/OwnerVouchersPage.tsx
    ./app/(main)/vouchers/page.tsx

https://nextjs.org/docs/messages/module-not-found @ :0
[   70971ms] [ERROR] ./components/screens/owner/vouchers/OwnerVouchersPage.tsx:2:1
Module not found: Can't resolve '@/components/screens/owner/vouchers/OwnerVouchersClientContent'
  1 | import { getVouchersPageData } from "@/app/(main)/vouchers/data"
> 2 | import { OwnerVouchersClientContent } from "@/components/screens/owner/vouchers/OwnerVouchersClientContent"
    | ^^^^^^^^^^^^^^^^^^^^^^^^^^^^^^^^^^^^^^^^^^^^^^^^^^^^^^^^^^^^^^^^^^^^^^^^^^^^^^^^^^^^^^^^^^^^^^^^^^^^^^^^^^^
  3 |
  4 | export type VoucherViewStatus =
  5 |   | "active"

Import map: aliased to relative './components/screens/owner/vouchers/OwnerVouchersClientContent' inside of [project]/

Import trace:
  Server Component:
    ./components/screens/owner/vouchers/OwnerVouchersPage.tsx
    ./app/(main)/vouchers/page.tsx

https://nextjs.org/docs/messages/module-not-found @ :0
[   71030ms] [ERROR] ./components/screens/owner/vouchers/OwnerVouchersPage.tsx:2:1
Module not found: Can't resolve '@/components/screens/owner/vouchers/OwnerVouchersClientContent'
  1 | import { getVouchersPageData } from "@/app/(main)/vouchers/data"
> 2 | import { OwnerVouchersClientContent } from "@/components/screens/owner/vouchers/OwnerVouchersClientContent"
    | ^^^^^^^^^^^^^^^^^^^^^^^^^^^^^^^^^^^^^^^^^^^^^^^^^^^^^^^^^^^^^^^^^^^^^^^^^^^^^^^^^^^^^^^^^^^^^^^^^^^^^^^^^^^
  3 |
  4 | export type VoucherViewStatus =
  5 |   | "active"

Import map: aliased to relative './components/screens/owner/vouchers/OwnerVouchersClientContent' inside of [project]/

Import trace:
  Server Component:
    ./components/screens/owner/vouchers/OwnerVouchersPage.tsx
    ./app/(main)/vouchers/page.tsx

https://nextjs.org/docs/messages/module-not-found @ :0
[   71091ms] [ERROR] ./components/screens/owner/vouchers/OwnerVouchersPage.tsx:2:1
Module not found: Can't resolve '@/components/screens/owner/vouchers/OwnerVouchersClientContent'
  1 | import { getVouchersPageData } from "@/app/(main)/vouchers/data"
> 2 | import { OwnerVouchersClientContent } from "@/components/screens/owner/vouchers/OwnerVouchersClientContent"
    | ^^^^^^^^^^^^^^^^^^^^^^^^^^^^^^^^^^^^^^^^^^^^^^^^^^^^^^^^^^^^^^^^^^^^^^^^^^^^^^^^^^^^^^^^^^^^^^^^^^^^^^^^^^^
  3 |
  4 | export type VoucherViewStatus =
  5 |   | "active"

Import map: aliased to relative './components/screens/owner/vouchers/OwnerVouchersClientContent' inside of [project]/

Import trace:
  Server Component:
    ./components/screens/owner/vouchers/OwnerVouchersPage.tsx
    ./app/(main)/vouchers/page.tsx

https://nextjs.org/docs/messages/module-not-found @ :0
[   71150ms] [ERROR] ./components/screens/owner/vouchers/OwnerVouchersPage.tsx:2:1
Module not found: Can't resolve '@/components/screens/owner/vouchers/OwnerVouchersClientContent'
  1 | import { getVouchersPageData } from "@/app/(main)/vouchers/data"
> 2 | import { OwnerVouchersClientContent } from "@/components/screens/owner/vouchers/OwnerVouchersClientContent"
    | ^^^^^^^^^^^^^^^^^^^^^^^^^^^^^^^^^^^^^^^^^^^^^^^^^^^^^^^^^^^^^^^^^^^^^^^^^^^^^^^^^^^^^^^^^^^^^^^^^^^^^^^^^^^
  3 |
  4 | export type VoucherViewStatus =
  5 |   | "active"

Import map: aliased to relative './components/screens/owner/vouchers/OwnerVouchersClientContent' inside of [project]/

Import trace:
  Server Component:
    ./components/screens/owner/vouchers/OwnerVouchersPage.tsx
    ./app/(main)/vouchers/page.tsx

https://nextjs.org/docs/messages/module-not-found @ :0
[   71210ms] [ERROR] ./components/screens/owner/vouchers/OwnerVouchersPage.tsx:2:1
Module not found: Can't resolve '@/components/screens/owner/vouchers/OwnerVouchersClientContent'
  1 | import { getVouchersPageData } from "@/app/(main)/vouchers/data"
> 2 | import { OwnerVouchersClientContent } from "@/components/screens/owner/vouchers/OwnerVouchersClientContent"
    | ^^^^^^^^^^^^^^^^^^^^^^^^^^^^^^^^^^^^^^^^^^^^^^^^^^^^^^^^^^^^^^^^^^^^^^^^^^^^^^^^^^^^^^^^^^^^^^^^^^^^^^^^^^^
  3 |
  4 | export type VoucherViewStatus =
  5 |   | "active"

Import map: aliased to relative './components/screens/owner/vouchers/OwnerVouchersClientContent' inside of [project]/

Import trace:
  Server Component:
    ./components/screens/owner/vouchers/OwnerVouchersPage.tsx
    ./app/(main)/vouchers/page.tsx

https://nextjs.org/docs/messages/module-not-found @ :0
[   71269ms] [ERROR] ./components/screens/owner/vouchers/OwnerVouchersPage.tsx:2:1
Module not found: Can't resolve '@/components/screens/owner/vouchers/OwnerVouchersClientContent'
  1 | import { getVouchersPageData } from "@/app/(main)/vouchers/data"
> 2 | import { OwnerVouchersClientContent } from "@/components/screens/owner/vouchers/OwnerVouchersClientContent"
    | ^^^^^^^^^^^^^^^^^^^^^^^^^^^^^^^^^^^^^^^^^^^^^^^^^^^^^^^^^^^^^^^^^^^^^^^^^^^^^^^^^^^^^^^^^^^^^^^^^^^^^^^^^^^
  3 |
  4 | export type VoucherViewStatus =
  5 |   | "active"

Import map: aliased to relative './components/screens/owner/vouchers/OwnerVouchersClientContent' inside of [project]/

Import trace:
  Server Component:
    ./components/screens/owner/vouchers/OwnerVouchersPage.tsx
    ./app/(main)/vouchers/page.tsx

https://nextjs.org/docs/messages/module-not-found @ :0
[   71329ms] [ERROR] ./components/screens/owner/vouchers/OwnerVouchersPage.tsx:2:1
Module not found: Can't resolve '@/components/screens/owner/vouchers/OwnerVouchersClientContent'
  1 | import { getVouchersPageData } from "@/app/(main)/vouchers/data"
> 2 | import { OwnerVouchersClientContent } from "@/components/screens/owner/vouchers/OwnerVouchersClientContent"
    | ^^^^^^^^^^^^^^^^^^^^^^^^^^^^^^^^^^^^^^^^^^^^^^^^^^^^^^^^^^^^^^^^^^^^^^^^^^^^^^^^^^^^^^^^^^^^^^^^^^^^^^^^^^^
  3 |
  4 | export type VoucherViewStatus =
  5 |   | "active"

Import map: aliased to relative './components/screens/owner/vouchers/OwnerVouchersClientContent' inside of [project]/

Import trace:
  Server Component:
    ./components/screens/owner/vouchers/OwnerVouchersPage.tsx
    ./app/(main)/vouchers/page.tsx

https://nextjs.org/docs/messages/module-not-found @ :0
[   71387ms] [ERROR] ./components/screens/owner/vouchers/OwnerVouchersPage.tsx:2:1
Module not found: Can't resolve '@/components/screens/owner/vouchers/OwnerVouchersClientContent'
  1 | import { getVouchersPageData } from "@/app/(main)/vouchers/data"
> 2 | import { OwnerVouchersClientContent } from "@/components/screens/owner/vouchers/OwnerVouchersClientContent"
    | ^^^^^^^^^^^^^^^^^^^^^^^^^^^^^^^^^^^^^^^^^^^^^^^^^^^^^^^^^^^^^^^^^^^^^^^^^^^^^^^^^^^^^^^^^^^^^^^^^^^^^^^^^^^
  3 |
  4 | export type VoucherViewStatus =
  5 |   | "active"

Import map: aliased to relative './components/screens/owner/vouchers/OwnerVouchersClientContent' inside of [project]/

Import trace:
  Server Component:
    ./components/screens/owner/vouchers/OwnerVouchersPage.tsx
    ./app/(main)/vouchers/page.tsx

https://nextjs.org/docs/messages/module-not-found @ :0
[   71447ms] [ERROR] ./components/screens/owner/vouchers/OwnerVouchersPage.tsx:2:1
Module not found: Can't resolve '@/components/screens/owner/vouchers/OwnerVouchersClientContent'
  1 | import { getVouchersPageData } from "@/app/(main)/vouchers/data"
> 2 | import { OwnerVouchersClientContent } from "@/components/screens/owner/vouchers/OwnerVouchersClientContent"
    | ^^^^^^^^^^^^^^^^^^^^^^^^^^^^^^^^^^^^^^^^^^^^^^^^^^^^^^^^^^^^^^^^^^^^^^^^^^^^^^^^^^^^^^^^^^^^^^^^^^^^^^^^^^^
  3 |
  4 | export type VoucherViewStatus =
  5 |   | "active"

Import map: aliased to relative './components/screens/owner/vouchers/OwnerVouchersClientContent' inside of [project]/

Import trace:
  Server Component:
    ./components/screens/owner/vouchers/OwnerVouchersPage.tsx
    ./app/(main)/vouchers/page.tsx

https://nextjs.org/docs/messages/module-not-found @ :0
[   71506ms] [ERROR] ./components/screens/owner/vouchers/OwnerVouchersPage.tsx:2:1
Module not found: Can't resolve '@/components/screens/owner/vouchers/OwnerVouchersClientContent'
  1 | import { getVouchersPageData } from "@/app/(main)/vouchers/data"
> 2 | import { OwnerVouchersClientContent } from "@/components/screens/owner/vouchers/OwnerVouchersClientContent"
    | ^^^^^^^^^^^^^^^^^^^^^^^^^^^^^^^^^^^^^^^^^^^^^^^^^^^^^^^^^^^^^^^^^^^^^^^^^^^^^^^^^^^^^^^^^^^^^^^^^^^^^^^^^^^
  3 |
  4 | export type VoucherViewStatus =
  5 |   | "active"

Import map: aliased to relative './components/screens/owner/vouchers/OwnerVouchersClientContent' inside of [project]/

Import trace:
  Server Component:
    ./components/screens/owner/vouchers/OwnerVouchersPage.tsx
    ./app/(main)/vouchers/page.tsx

https://nextjs.org/docs/messages/module-not-found @ :0
[   71566ms] [ERROR] ./components/screens/owner/vouchers/OwnerVouchersPage.tsx:2:1
Module not found: Can't resolve '@/components/screens/owner/vouchers/OwnerVouchersClientContent'
  1 | import { getVouchersPageData } from "@/app/(main)/vouchers/data"
> 2 | import { OwnerVouchersClientContent } from "@/components/screens/owner/vouchers/OwnerVouchersClientContent"
    | ^^^^^^^^^^^^^^^^^^^^^^^^^^^^^^^^^^^^^^^^^^^^^^^^^^^^^^^^^^^^^^^^^^^^^^^^^^^^^^^^^^^^^^^^^^^^^^^^^^^^^^^^^^^
  3 |
  4 | export type VoucherViewStatus =
  5 |   | "active"

Import map: aliased to relative './components/screens/owner/vouchers/OwnerVouchersClientContent' inside of [project]/

Import trace:
  Server Component:
    ./components/screens/owner/vouchers/OwnerVouchersPage.tsx
    ./app/(main)/vouchers/page.tsx

https://nextjs.org/docs/messages/module-not-found @ :0
[   71625ms] [ERROR] ./components/screens/owner/vouchers/OwnerVouchersPage.tsx:2:1
Module not found: Can't resolve '@/components/screens/owner/vouchers/OwnerVouchersClientContent'
  1 | import { getVouchersPageData } from "@/app/(main)/vouchers/data"
> 2 | import { OwnerVouchersClientContent } from "@/components/screens/owner/vouchers/OwnerVouchersClientContent"
    | ^^^^^^^^^^^^^^^^^^^^^^^^^^^^^^^^^^^^^^^^^^^^^^^^^^^^^^^^^^^^^^^^^^^^^^^^^^^^^^^^^^^^^^^^^^^^^^^^^^^^^^^^^^^
  3 |
  4 | export type VoucherViewStatus =
  5 |   | "active"

Import map: aliased to relative './components/screens/owner/vouchers/OwnerVouchersClientContent' inside of [project]/

Import trace:
  Server Component:
    ./components/screens/owner/vouchers/OwnerVouchersPage.tsx
    ./app/(main)/vouchers/page.tsx

https://nextjs.org/docs/messages/module-not-found @ :0
[   71684ms] [ERROR] ./components/screens/owner/vouchers/OwnerVouchersPage.tsx:2:1
Module not found: Can't resolve '@/components/screens/owner/vouchers/OwnerVouchersClientContent'
  1 | import { getVouchersPageData } from "@/app/(main)/vouchers/data"
> 2 | import { OwnerVouchersClientContent } from "@/components/screens/owner/vouchers/OwnerVouchersClientContent"
    | ^^^^^^^^^^^^^^^^^^^^^^^^^^^^^^^^^^^^^^^^^^^^^^^^^^^^^^^^^^^^^^^^^^^^^^^^^^^^^^^^^^^^^^^^^^^^^^^^^^^^^^^^^^^
  3 |
  4 | export type VoucherViewStatus =
  5 |   | "active"

Import map: aliased to relative './components/screens/owner/vouchers/OwnerVouchersClientContent' inside of [project]/

Import trace:
  Server Component:
    ./components/screens/owner/vouchers/OwnerVouchersPage.tsx
    ./app/(main)/vouchers/page.tsx

https://nextjs.org/docs/messages/module-not-found @ :0
[   71743ms] [ERROR] ./components/screens/owner/vouchers/OwnerVouchersPage.tsx:2:1
Module not found: Can't resolve '@/components/screens/owner/vouchers/OwnerVouchersClientContent'
  1 | import { getVouchersPageData } from "@/app/(main)/vouchers/data"
> 2 | import { OwnerVouchersClientContent } from "@/components/screens/owner/vouchers/OwnerVouchersClientContent"
    | ^^^^^^^^^^^^^^^^^^^^^^^^^^^^^^^^^^^^^^^^^^^^^^^^^^^^^^^^^^^^^^^^^^^^^^^^^^^^^^^^^^^^^^^^^^^^^^^^^^^^^^^^^^^
  3 |
  4 | export type VoucherViewStatus =
  5 |   | "active"

Import map: aliased to relative './components/screens/owner/vouchers/OwnerVouchersClientContent' inside of [project]/

Import trace:
  Server Component:
    ./components/screens/owner/vouchers/OwnerVouchersPage.tsx
    ./app/(main)/vouchers/page.tsx

https://nextjs.org/docs/messages/module-not-found @ :0
[   71802ms] [ERROR] ./components/screens/owner/vouchers/OwnerVouchersPage.tsx:2:1
Module not found: Can't resolve '@/components/screens/owner/vouchers/OwnerVouchersClientContent'
  1 | import { getVouchersPageData } from "@/app/(main)/vouchers/data"
> 2 | import { OwnerVouchersClientContent } from "@/components/screens/owner/vouchers/OwnerVouchersClientContent"
    | ^^^^^^^^^^^^^^^^^^^^^^^^^^^^^^^^^^^^^^^^^^^^^^^^^^^^^^^^^^^^^^^^^^^^^^^^^^^^^^^^^^^^^^^^^^^^^^^^^^^^^^^^^^^
  3 |
  4 | export type VoucherViewStatus =
  5 |   | "active"

Import map: aliased to relative './components/screens/owner/vouchers/OwnerVouchersClientContent' inside of [project]/

Import trace:
  Server Component:
    ./components/screens/owner/vouchers/OwnerVouchersPage.tsx
    ./app/(main)/vouchers/page.tsx

https://nextjs.org/docs/messages/module-not-found @ :0
[   71862ms] [ERROR] ./components/screens/owner/vouchers/OwnerVouchersPage.tsx:2:1
Module not found: Can't resolve '@/components/screens/owner/vouchers/OwnerVouchersClientContent'
  1 | import { getVouchersPageData } from "@/app/(main)/vouchers/data"
> 2 | import { OwnerVouchersClientContent } from "@/components/screens/owner/vouchers/OwnerVouchersClientContent"
    | ^^^^^^^^^^^^^^^^^^^^^^^^^^^^^^^^^^^^^^^^^^^^^^^^^^^^^^^^^^^^^^^^^^^^^^^^^^^^^^^^^^^^^^^^^^^^^^^^^^^^^^^^^^^
  3 |
  4 | export type VoucherViewStatus =
  5 |   | "active"

Import map: aliased to relative './components/screens/owner/vouchers/OwnerVouchersClientContent' inside of [project]/

Import trace:
  Server Component:
    ./components/screens/owner/vouchers/OwnerVouchersPage.tsx
    ./app/(main)/vouchers/page.tsx

https://nextjs.org/docs/messages/module-not-found @ :0
[   71922ms] [ERROR] ./components/screens/owner/vouchers/OwnerVouchersPage.tsx:2:1
Module not found: Can't resolve '@/components/screens/owner/vouchers/OwnerVouchersClientContent'
  1 | import { getVouchersPageData } from "@/app/(main)/vouchers/data"
> 2 | import { OwnerVouchersClientContent } from "@/components/screens/owner/vouchers/OwnerVouchersClientContent"
    | ^^^^^^^^^^^^^^^^^^^^^^^^^^^^^^^^^^^^^^^^^^^^^^^^^^^^^^^^^^^^^^^^^^^^^^^^^^^^^^^^^^^^^^^^^^^^^^^^^^^^^^^^^^^
  3 |
  4 | export type VoucherViewStatus =
  5 |   | "active"

Import map: aliased to relative './components/screens/owner/vouchers/OwnerVouchersClientContent' inside of [project]/

Import trace:
  Server Component:
    ./components/screens/owner/vouchers/OwnerVouchersPage.tsx
    ./app/(main)/vouchers/page.tsx

https://nextjs.org/docs/messages/module-not-found @ :0
[   71983ms] [ERROR] ./components/screens/owner/vouchers/OwnerVouchersPage.tsx:2:1
Module not found: Can't resolve '@/components/screens/owner/vouchers/OwnerVouchersClientContent'
  1 | import { getVouchersPageData } from "@/app/(main)/vouchers/data"
> 2 | import { OwnerVouchersClientContent } from "@/components/screens/owner/vouchers/OwnerVouchersClientContent"
    | ^^^^^^^^^^^^^^^^^^^^^^^^^^^^^^^^^^^^^^^^^^^^^^^^^^^^^^^^^^^^^^^^^^^^^^^^^^^^^^^^^^^^^^^^^^^^^^^^^^^^^^^^^^^
  3 |
  4 | export type VoucherViewStatus =
  5 |   | "active"

Import map: aliased to relative './components/screens/owner/vouchers/OwnerVouchersClientContent' inside of [project]/

Import trace:
  Server Component:
    ./components/screens/owner/vouchers/OwnerVouchersPage.tsx
    ./app/(main)/vouchers/page.tsx

https://nextjs.org/docs/messages/module-not-found @ :0
[   72043ms] [ERROR] ./components/screens/owner/vouchers/OwnerVouchersPage.tsx:2:1
Module not found: Can't resolve '@/components/screens/owner/vouchers/OwnerVouchersClientContent'
  1 | import { getVouchersPageData } from "@/app/(main)/vouchers/data"
> 2 | import { OwnerVouchersClientContent } from "@/components/screens/owner/vouchers/OwnerVouchersClientContent"
    | ^^^^^^^^^^^^^^^^^^^^^^^^^^^^^^^^^^^^^^^^^^^^^^^^^^^^^^^^^^^^^^^^^^^^^^^^^^^^^^^^^^^^^^^^^^^^^^^^^^^^^^^^^^^
  3 |
  4 | export type VoucherViewStatus =
  5 |   | "active"

Import map: aliased to relative './components/screens/owner/vouchers/OwnerVouchersClientContent' inside of [project]/

Import trace:
  Server Component:
    ./components/screens/owner/vouchers/OwnerVouchersPage.tsx
    ./app/(main)/vouchers/page.tsx

https://nextjs.org/docs/messages/module-not-found @ :0
[   72104ms] [ERROR] ./components/screens/owner/vouchers/OwnerVouchersPage.tsx:2:1
Module not found: Can't resolve '@/components/screens/owner/vouchers/OwnerVouchersClientContent'
  1 | import { getVouchersPageData } from "@/app/(main)/vouchers/data"
> 2 | import { OwnerVouchersClientContent } from "@/components/screens/owner/vouchers/OwnerVouchersClientContent"
    | ^^^^^^^^^^^^^^^^^^^^^^^^^^^^^^^^^^^^^^^^^^^^^^^^^^^^^^^^^^^^^^^^^^^^^^^^^^^^^^^^^^^^^^^^^^^^^^^^^^^^^^^^^^^
  3 |
  4 | export type VoucherViewStatus =
  5 |   | "active"

Import map: aliased to relative './components/screens/owner/vouchers/OwnerVouchersClientContent' inside of [project]/

Import trace:
  Server Component:
    ./components/screens/owner/vouchers/OwnerVouchersPage.tsx
    ./app/(main)/vouchers/page.tsx

https://nextjs.org/docs/messages/module-not-found @ :0
[   72163ms] [ERROR] ./components/screens/owner/vouchers/OwnerVouchersPage.tsx:2:1
Module not found: Can't resolve '@/components/screens/owner/vouchers/OwnerVouchersClientContent'
  1 | import { getVouchersPageData } from "@/app/(main)/vouchers/data"
> 2 | import { OwnerVouchersClientContent } from "@/components/screens/owner/vouchers/OwnerVouchersClientContent"
    | ^^^^^^^^^^^^^^^^^^^^^^^^^^^^^^^^^^^^^^^^^^^^^^^^^^^^^^^^^^^^^^^^^^^^^^^^^^^^^^^^^^^^^^^^^^^^^^^^^^^^^^^^^^^
  3 |
  4 | export type VoucherViewStatus =
  5 |   | "active"

Import map: aliased to relative './components/screens/owner/vouchers/OwnerVouchersClientContent' inside of [project]/

Import trace:
  Server Component:
    ./components/screens/owner/vouchers/OwnerVouchersPage.tsx
    ./app/(main)/vouchers/page.tsx

https://nextjs.org/docs/messages/module-not-found @ :0
[   72222ms] [ERROR] ./components/screens/owner/vouchers/OwnerVouchersPage.tsx:2:1
Module not found: Can't resolve '@/components/screens/owner/vouchers/OwnerVouchersClientContent'
  1 | import { getVouchersPageData } from "@/app/(main)/vouchers/data"
> 2 | import { OwnerVouchersClientContent } from "@/components/screens/owner/vouchers/OwnerVouchersClientContent"
    | ^^^^^^^^^^^^^^^^^^^^^^^^^^^^^^^^^^^^^^^^^^^^^^^^^^^^^^^^^^^^^^^^^^^^^^^^^^^^^^^^^^^^^^^^^^^^^^^^^^^^^^^^^^^
  3 |
  4 | export type VoucherViewStatus =
  5 |   | "active"

Import map: aliased to relative './components/screens/owner/vouchers/OwnerVouchersClientContent' inside of [project]/

Import trace:
  Server Component:
    ./components/screens/owner/vouchers/OwnerVouchersPage.tsx
    ./app/(main)/vouchers/page.tsx

https://nextjs.org/docs/messages/module-not-found @ :0
[   72282ms] [ERROR] ./components/screens/owner/vouchers/OwnerVouchersPage.tsx:2:1
Module not found: Can't resolve '@/components/screens/owner/vouchers/OwnerVouchersClientContent'
  1 | import { getVouchersPageData } from "@/app/(main)/vouchers/data"
> 2 | import { OwnerVouchersClientContent } from "@/components/screens/owner/vouchers/OwnerVouchersClientContent"
    | ^^^^^^^^^^^^^^^^^^^^^^^^^^^^^^^^^^^^^^^^^^^^^^^^^^^^^^^^^^^^^^^^^^^^^^^^^^^^^^^^^^^^^^^^^^^^^^^^^^^^^^^^^^^
  3 |
  4 | export type VoucherViewStatus =
  5 |   | "active"

Import map: aliased to relative './components/screens/owner/vouchers/OwnerVouchersClientContent' inside of [project]/

Import trace:
  Server Component:
    ./components/screens/owner/vouchers/OwnerVouchersPage.tsx
    ./app/(main)/vouchers/page.tsx

https://nextjs.org/docs/messages/module-not-found @ :0
[   72340ms] [ERROR] ./components/screens/owner/vouchers/OwnerVouchersPage.tsx:2:1
Module not found: Can't resolve '@/components/screens/owner/vouchers/OwnerVouchersClientContent'
  1 | import { getVouchersPageData } from "@/app/(main)/vouchers/data"
> 2 | import { OwnerVouchersClientContent } from "@/components/screens/owner/vouchers/OwnerVouchersClientContent"
    | ^^^^^^^^^^^^^^^^^^^^^^^^^^^^^^^^^^^^^^^^^^^^^^^^^^^^^^^^^^^^^^^^^^^^^^^^^^^^^^^^^^^^^^^^^^^^^^^^^^^^^^^^^^^
  3 |
  4 | export type VoucherViewStatus =
  5 |   | "active"

Import map: aliased to relative './components/screens/owner/vouchers/OwnerVouchersClientContent' inside of [project]/

Import trace:
  Server Component:
    ./components/screens/owner/vouchers/OwnerVouchersPage.tsx
    ./app/(main)/vouchers/page.tsx

https://nextjs.org/docs/messages/module-not-found @ :0
[   72398ms] [ERROR] ./components/screens/owner/vouchers/OwnerVouchersPage.tsx:2:1
Module not found: Can't resolve '@/components/screens/owner/vouchers/OwnerVouchersClientContent'
  1 | import { getVouchersPageData } from "@/app/(main)/vouchers/data"
> 2 | import { OwnerVouchersClientContent } from "@/components/screens/owner/vouchers/OwnerVouchersClientContent"
    | ^^^^^^^^^^^^^^^^^^^^^^^^^^^^^^^^^^^^^^^^^^^^^^^^^^^^^^^^^^^^^^^^^^^^^^^^^^^^^^^^^^^^^^^^^^^^^^^^^^^^^^^^^^^
  3 |
  4 | export type VoucherViewStatus =
  5 |   | "active"

Import map: aliased to relative './components/screens/owner/vouchers/OwnerVouchersClientContent' inside of [project]/

Import trace:
  Server Component:
    ./components/screens/owner/vouchers/OwnerVouchersPage.tsx
    ./app/(main)/vouchers/page.tsx

https://nextjs.org/docs/messages/module-not-found @ :0
[   72459ms] [ERROR] ./components/screens/owner/vouchers/OwnerVouchersPage.tsx:2:1
Module not found: Can't resolve '@/components/screens/owner/vouchers/OwnerVouchersClientContent'
  1 | import { getVouchersPageData } from "@/app/(main)/vouchers/data"
> 2 | import { OwnerVouchersClientContent } from "@/components/screens/owner/vouchers/OwnerVouchersClientContent"
    | ^^^^^^^^^^^^^^^^^^^^^^^^^^^^^^^^^^^^^^^^^^^^^^^^^^^^^^^^^^^^^^^^^^^^^^^^^^^^^^^^^^^^^^^^^^^^^^^^^^^^^^^^^^^
  3 |
  4 | export type VoucherViewStatus =
  5 |   | "active"

Import map: aliased to relative './components/screens/owner/vouchers/OwnerVouchersClientContent' inside of [project]/

Import trace:
  Server Component:
    ./components/screens/owner/vouchers/OwnerVouchersPage.tsx
    ./app/(main)/vouchers/page.tsx

https://nextjs.org/docs/messages/module-not-found @ :0
[   72517ms] [ERROR] ./components/screens/owner/vouchers/OwnerVouchersPage.tsx:2:1
Module not found: Can't resolve '@/components/screens/owner/vouchers/OwnerVouchersClientContent'
  1 | import { getVouchersPageData } from "@/app/(main)/vouchers/data"
> 2 | import { OwnerVouchersClientContent } from "@/components/screens/owner/vouchers/OwnerVouchersClientContent"
    | ^^^^^^^^^^^^^^^^^^^^^^^^^^^^^^^^^^^^^^^^^^^^^^^^^^^^^^^^^^^^^^^^^^^^^^^^^^^^^^^^^^^^^^^^^^^^^^^^^^^^^^^^^^^
  3 |
  4 | export type VoucherViewStatus =
  5 |   | "active"

Import map: aliased to relative './components/screens/owner/vouchers/OwnerVouchersClientContent' inside of [project]/

Import trace:
  Server Component:
    ./components/screens/owner/vouchers/OwnerVouchersPage.tsx
    ./app/(main)/vouchers/page.tsx

https://nextjs.org/docs/messages/module-not-found @ :0
[   72576ms] [ERROR] ./components/screens/owner/vouchers/OwnerVouchersPage.tsx:2:1
Module not found: Can't resolve '@/components/screens/owner/vouchers/OwnerVouchersClientContent'
  1 | import { getVouchersPageData } from "@/app/(main)/vouchers/data"
> 2 | import { OwnerVouchersClientContent } from "@/components/screens/owner/vouchers/OwnerVouchersClientContent"
    | ^^^^^^^^^^^^^^^^^^^^^^^^^^^^^^^^^^^^^^^^^^^^^^^^^^^^^^^^^^^^^^^^^^^^^^^^^^^^^^^^^^^^^^^^^^^^^^^^^^^^^^^^^^^
  3 |
  4 | export type VoucherViewStatus =
  5 |   | "active"

Import map: aliased to relative './components/screens/owner/vouchers/OwnerVouchersClientContent' inside of [project]/

Import trace:
  Server Component:
    ./components/screens/owner/vouchers/OwnerVouchersPage.tsx
    ./app/(main)/vouchers/page.tsx

https://nextjs.org/docs/messages/module-not-found @ :0
[   72635ms] [ERROR] ./components/screens/owner/vouchers/OwnerVouchersPage.tsx:2:1
Module not found: Can't resolve '@/components/screens/owner/vouchers/OwnerVouchersClientContent'
  1 | import { getVouchersPageData } from "@/app/(main)/vouchers/data"
> 2 | import { OwnerVouchersClientContent } from "@/components/screens/owner/vouchers/OwnerVouchersClientContent"
    | ^^^^^^^^^^^^^^^^^^^^^^^^^^^^^^^^^^^^^^^^^^^^^^^^^^^^^^^^^^^^^^^^^^^^^^^^^^^^^^^^^^^^^^^^^^^^^^^^^^^^^^^^^^^
  3 |
  4 | export type VoucherViewStatus =
  5 |   | "active"

Import map: aliased to relative './components/screens/owner/vouchers/OwnerVouchersClientContent' inside of [project]/

Import trace:
  Server Component:
    ./components/screens/owner/vouchers/OwnerVouchersPage.tsx
    ./app/(main)/vouchers/page.tsx

https://nextjs.org/docs/messages/module-not-found @ :0
[   72695ms] [ERROR] ./components/screens/owner/vouchers/OwnerVouchersPage.tsx:2:1
Module not found: Can't resolve '@/components/screens/owner/vouchers/OwnerVouchersClientContent'
  1 | import { getVouchersPageData } from "@/app/(main)/vouchers/data"
> 2 | import { OwnerVouchersClientContent } from "@/components/screens/owner/vouchers/OwnerVouchersClientContent"
    | ^^^^^^^^^^^^^^^^^^^^^^^^^^^^^^^^^^^^^^^^^^^^^^^^^^^^^^^^^^^^^^^^^^^^^^^^^^^^^^^^^^^^^^^^^^^^^^^^^^^^^^^^^^^
  3 |
  4 | export type VoucherViewStatus =
  5 |   | "active"

Import map: aliased to relative './components/screens/owner/vouchers/OwnerVouchersClientContent' inside of [project]/

Import trace:
  Server Component:
    ./components/screens/owner/vouchers/OwnerVouchersPage.tsx
    ./app/(main)/vouchers/page.tsx

https://nextjs.org/docs/messages/module-not-found @ :0
[   72754ms] [ERROR] ./components/screens/owner/vouchers/OwnerVouchersPage.tsx:2:1
Module not found: Can't resolve '@/components/screens/owner/vouchers/OwnerVouchersClientContent'
  1 | import { getVouchersPageData } from "@/app/(main)/vouchers/data"
> 2 | import { OwnerVouchersClientContent } from "@/components/screens/owner/vouchers/OwnerVouchersClientContent"
    | ^^^^^^^^^^^^^^^^^^^^^^^^^^^^^^^^^^^^^^^^^^^^^^^^^^^^^^^^^^^^^^^^^^^^^^^^^^^^^^^^^^^^^^^^^^^^^^^^^^^^^^^^^^^
  3 |
  4 | export type VoucherViewStatus =
  5 |   | "active"

Import map: aliased to relative './components/screens/owner/vouchers/OwnerVouchersClientContent' inside of [project]/

Import trace:
  Server Component:
    ./components/screens/owner/vouchers/OwnerVouchersPage.tsx
    ./app/(main)/vouchers/page.tsx

https://nextjs.org/docs/messages/module-not-found @ :0
[   72812ms] [ERROR] ./components/screens/owner/vouchers/OwnerVouchersPage.tsx:2:1
Module not found: Can't resolve '@/components/screens/owner/vouchers/OwnerVouchersClientContent'
  1 | import { getVouchersPageData } from "@/app/(main)/vouchers/data"
> 2 | import { OwnerVouchersClientContent } from "@/components/screens/owner/vouchers/OwnerVouchersClientContent"
    | ^^^^^^^^^^^^^^^^^^^^^^^^^^^^^^^^^^^^^^^^^^^^^^^^^^^^^^^^^^^^^^^^^^^^^^^^^^^^^^^^^^^^^^^^^^^^^^^^^^^^^^^^^^^
  3 |
  4 | export type VoucherViewStatus =
  5 |   | "active"

Import map: aliased to relative './components/screens/owner/vouchers/OwnerVouchersClientContent' inside of [project]/

Import trace:
  Server Component:
    ./components/screens/owner/vouchers/OwnerVouchersPage.tsx
    ./app/(main)/vouchers/page.tsx

https://nextjs.org/docs/messages/module-not-found @ :0
[   72873ms] [ERROR] ./components/screens/owner/vouchers/OwnerVouchersPage.tsx:2:1
Module not found: Can't resolve '@/components/screens/owner/vouchers/OwnerVouchersClientContent'
  1 | import { getVouchersPageData } from "@/app/(main)/vouchers/data"
> 2 | import { OwnerVouchersClientContent } from "@/components/screens/owner/vouchers/OwnerVouchersClientContent"
    | ^^^^^^^^^^^^^^^^^^^^^^^^^^^^^^^^^^^^^^^^^^^^^^^^^^^^^^^^^^^^^^^^^^^^^^^^^^^^^^^^^^^^^^^^^^^^^^^^^^^^^^^^^^^
  3 |
  4 | export type VoucherViewStatus =
  5 |   | "active"

Import map: aliased to relative './components/screens/owner/vouchers/OwnerVouchersClientContent' inside of [project]/

Import trace:
  Server Component:
    ./components/screens/owner/vouchers/OwnerVouchersPage.tsx
    ./app/(main)/vouchers/page.tsx

https://nextjs.org/docs/messages/module-not-found @ :0
[   72933ms] [ERROR] ./components/screens/owner/vouchers/OwnerVouchersPage.tsx:2:1
Module not found: Can't resolve '@/components/screens/owner/vouchers/OwnerVouchersClientContent'
  1 | import { getVouchersPageData } from "@/app/(main)/vouchers/data"
> 2 | import { OwnerVouchersClientContent } from "@/components/screens/owner/vouchers/OwnerVouchersClientContent"
    | ^^^^^^^^^^^^^^^^^^^^^^^^^^^^^^^^^^^^^^^^^^^^^^^^^^^^^^^^^^^^^^^^^^^^^^^^^^^^^^^^^^^^^^^^^^^^^^^^^^^^^^^^^^^
  3 |
  4 | export type VoucherViewStatus =
  5 |   | "active"

Import map: aliased to relative './components/screens/owner/vouchers/OwnerVouchersClientContent' inside of [project]/

Import trace:
  Server Component:
    ./components/screens/owner/vouchers/OwnerVouchersPage.tsx
    ./app/(main)/vouchers/page.tsx

https://nextjs.org/docs/messages/module-not-found @ :0
[   72991ms] [ERROR] ./components/screens/owner/vouchers/OwnerVouchersPage.tsx:2:1
Module not found: Can't resolve '@/components/screens/owner/vouchers/OwnerVouchersClientContent'
  1 | import { getVouchersPageData } from "@/app/(main)/vouchers/data"
> 2 | import { OwnerVouchersClientContent } from "@/components/screens/owner/vouchers/OwnerVouchersClientContent"
    | ^^^^^^^^^^^^^^^^^^^^^^^^^^^^^^^^^^^^^^^^^^^^^^^^^^^^^^^^^^^^^^^^^^^^^^^^^^^^^^^^^^^^^^^^^^^^^^^^^^^^^^^^^^^
  3 |
  4 | export type VoucherViewStatus =
  5 |   | "active"

Import map: aliased to relative './components/screens/owner/vouchers/OwnerVouchersClientContent' inside of [project]/

Import trace:
  Server Component:
    ./components/screens/owner/vouchers/OwnerVouchersPage.tsx
    ./app/(main)/vouchers/page.tsx

https://nextjs.org/docs/messages/module-not-found @ :0
[   73051ms] [ERROR] ./components/screens/owner/vouchers/OwnerVouchersPage.tsx:2:1
Module not found: Can't resolve '@/components/screens/owner/vouchers/OwnerVouchersClientContent'
  1 | import { getVouchersPageData } from "@/app/(main)/vouchers/data"
> 2 | import { OwnerVouchersClientContent } from "@/components/screens/owner/vouchers/OwnerVouchersClientContent"
    | ^^^^^^^^^^^^^^^^^^^^^^^^^^^^^^^^^^^^^^^^^^^^^^^^^^^^^^^^^^^^^^^^^^^^^^^^^^^^^^^^^^^^^^^^^^^^^^^^^^^^^^^^^^^
  3 |
  4 | export type VoucherViewStatus =
  5 |   | "active"

Import map: aliased to relative './components/screens/owner/vouchers/OwnerVouchersClientContent' inside of [project]/

Import trace:
  Server Component:
    ./components/screens/owner/vouchers/OwnerVouchersPage.tsx
    ./app/(main)/vouchers/page.tsx

https://nextjs.org/docs/messages/module-not-found @ :0
[   73110ms] [ERROR] ./components/screens/owner/vouchers/OwnerVouchersPage.tsx:2:1
Module not found: Can't resolve '@/components/screens/owner/vouchers/OwnerVouchersClientContent'
  1 | import { getVouchersPageData } from "@/app/(main)/vouchers/data"
> 2 | import { OwnerVouchersClientContent } from "@/components/screens/owner/vouchers/OwnerVouchersClientContent"
    | ^^^^^^^^^^^^^^^^^^^^^^^^^^^^^^^^^^^^^^^^^^^^^^^^^^^^^^^^^^^^^^^^^^^^^^^^^^^^^^^^^^^^^^^^^^^^^^^^^^^^^^^^^^^
  3 |
  4 | export type VoucherViewStatus =
  5 |   | "active"

Import map: aliased to relative './components/screens/owner/vouchers/OwnerVouchersClientContent' inside of [project]/

Import trace:
  Server Component:
    ./components/screens/owner/vouchers/OwnerVouchersPage.tsx
    ./app/(main)/vouchers/page.tsx

https://nextjs.org/docs/messages/module-not-found @ :0
[   73170ms] [ERROR] ./components/screens/owner/vouchers/OwnerVouchersPage.tsx:2:1
Module not found: Can't resolve '@/components/screens/owner/vouchers/OwnerVouchersClientContent'
  1 | import { getVouchersPageData } from "@/app/(main)/vouchers/data"
> 2 | import { OwnerVouchersClientContent } from "@/components/screens/owner/vouchers/OwnerVouchersClientContent"
    | ^^^^^^^^^^^^^^^^^^^^^^^^^^^^^^^^^^^^^^^^^^^^^^^^^^^^^^^^^^^^^^^^^^^^^^^^^^^^^^^^^^^^^^^^^^^^^^^^^^^^^^^^^^^
  3 |
  4 | export type VoucherViewStatus =
  5 |   | "active"

Import map: aliased to relative './components/screens/owner/vouchers/OwnerVouchersClientContent' inside of [project]/

Import trace:
  Server Component:
    ./components/screens/owner/vouchers/OwnerVouchersPage.tsx
    ./app/(main)/vouchers/page.tsx

https://nextjs.org/docs/messages/module-not-found @ :0
[   73227ms] [ERROR] ./components/screens/owner/vouchers/OwnerVouchersPage.tsx:2:1
Module not found: Can't resolve '@/components/screens/owner/vouchers/OwnerVouchersClientContent'
  1 | import { getVouchersPageData } from "@/app/(main)/vouchers/data"
> 2 | import { OwnerVouchersClientContent } from "@/components/screens/owner/vouchers/OwnerVouchersClientContent"
    | ^^^^^^^^^^^^^^^^^^^^^^^^^^^^^^^^^^^^^^^^^^^^^^^^^^^^^^^^^^^^^^^^^^^^^^^^^^^^^^^^^^^^^^^^^^^^^^^^^^^^^^^^^^^
  3 |
  4 | export type VoucherViewStatus =
  5 |   | "active"

Import map: aliased to relative './components/screens/owner/vouchers/OwnerVouchersClientContent' inside of [project]/

Import trace:
  Server Component:
    ./components/screens/owner/vouchers/OwnerVouchersPage.tsx
    ./app/(main)/vouchers/page.tsx

https://nextjs.org/docs/messages/module-not-found @ :0
[   73285ms] [ERROR] ./components/screens/owner/vouchers/OwnerVouchersPage.tsx:2:1
Module not found: Can't resolve '@/components/screens/owner/vouchers/OwnerVouchersClientContent'
  1 | import { getVouchersPageData } from "@/app/(main)/vouchers/data"
> 2 | import { OwnerVouchersClientContent } from "@/components/screens/owner/vouchers/OwnerVouchersClientContent"
    | ^^^^^^^^^^^^^^^^^^^^^^^^^^^^^^^^^^^^^^^^^^^^^^^^^^^^^^^^^^^^^^^^^^^^^^^^^^^^^^^^^^^^^^^^^^^^^^^^^^^^^^^^^^^
  3 |
  4 | export type VoucherViewStatus =
  5 |   | "active"

Import map: aliased to relative './components/screens/owner/vouchers/OwnerVouchersClientContent' inside of [project]/

Import trace:
  Server Component:
    ./components/screens/owner/vouchers/OwnerVouchersPage.tsx
    ./app/(main)/vouchers/page.tsx

https://nextjs.org/docs/messages/module-not-found @ :0
[   73345ms] [ERROR] ./components/screens/owner/vouchers/OwnerVouchersPage.tsx:2:1
Module not found: Can't resolve '@/components/screens/owner/vouchers/OwnerVouchersClientContent'
  1 | import { getVouchersPageData } from "@/app/(main)/vouchers/data"
> 2 | import { OwnerVouchersClientContent } from "@/components/screens/owner/vouchers/OwnerVouchersClientContent"
    | ^^^^^^^^^^^^^^^^^^^^^^^^^^^^^^^^^^^^^^^^^^^^^^^^^^^^^^^^^^^^^^^^^^^^^^^^^^^^^^^^^^^^^^^^^^^^^^^^^^^^^^^^^^^
  3 |
  4 | export type VoucherViewStatus =
  5 |   | "active"

Import map: aliased to relative './components/screens/owner/vouchers/OwnerVouchersClientContent' inside of [project]/

Import trace:
  Server Component:
    ./components/screens/owner/vouchers/OwnerVouchersPage.tsx
    ./app/(main)/vouchers/page.tsx

https://nextjs.org/docs/messages/module-not-found @ :0
[   73403ms] [ERROR] ./components/screens/owner/vouchers/OwnerVouchersPage.tsx:2:1
Module not found: Can't resolve '@/components/screens/owner/vouchers/OwnerVouchersClientContent'
  1 | import { getVouchersPageData } from "@/app/(main)/vouchers/data"
> 2 | import { OwnerVouchersClientContent } from "@/components/screens/owner/vouchers/OwnerVouchersClientContent"
    | ^^^^^^^^^^^^^^^^^^^^^^^^^^^^^^^^^^^^^^^^^^^^^^^^^^^^^^^^^^^^^^^^^^^^^^^^^^^^^^^^^^^^^^^^^^^^^^^^^^^^^^^^^^^
  3 |
  4 | export type VoucherViewStatus =
  5 |   | "active"

Import map: aliased to relative './components/screens/owner/vouchers/OwnerVouchersClientContent' inside of [project]/

Import trace:
  Server Component:
    ./components/screens/owner/vouchers/OwnerVouchersPage.tsx
    ./app/(main)/vouchers/page.tsx

https://nextjs.org/docs/messages/module-not-found @ :0
[   73460ms] [ERROR] ./components/screens/owner/vouchers/OwnerVouchersPage.tsx:2:1
Module not found: Can't resolve '@/components/screens/owner/vouchers/OwnerVouchersClientContent'
  1 | import { getVouchersPageData } from "@/app/(main)/vouchers/data"
> 2 | import { OwnerVouchersClientContent } from "@/components/screens/owner/vouchers/OwnerVouchersClientContent"
    | ^^^^^^^^^^^^^^^^^^^^^^^^^^^^^^^^^^^^^^^^^^^^^^^^^^^^^^^^^^^^^^^^^^^^^^^^^^^^^^^^^^^^^^^^^^^^^^^^^^^^^^^^^^^
  3 |
  4 | export type VoucherViewStatus =
  5 |   | "active"

Import map: aliased to relative './components/screens/owner/vouchers/OwnerVouchersClientContent' inside of [project]/

Import trace:
  Server Component:
    ./components/screens/owner/vouchers/OwnerVouchersPage.tsx
    ./app/(main)/vouchers/page.tsx

https://nextjs.org/docs/messages/module-not-found @ :0
[   73518ms] [ERROR] ./components/screens/owner/vouchers/OwnerVouchersPage.tsx:2:1
Module not found: Can't resolve '@/components/screens/owner/vouchers/OwnerVouchersClientContent'
  1 | import { getVouchersPageData } from "@/app/(main)/vouchers/data"
> 2 | import { OwnerVouchersClientContent } from "@/components/screens/owner/vouchers/OwnerVouchersClientContent"
    | ^^^^^^^^^^^^^^^^^^^^^^^^^^^^^^^^^^^^^^^^^^^^^^^^^^^^^^^^^^^^^^^^^^^^^^^^^^^^^^^^^^^^^^^^^^^^^^^^^^^^^^^^^^^
  3 |
  4 | export type VoucherViewStatus =
  5 |   | "active"

Import map: aliased to relative './components/screens/owner/vouchers/OwnerVouchersClientContent' inside of [project]/

Import trace:
  Server Component:
    ./components/screens/owner/vouchers/OwnerVouchersPage.tsx
    ./app/(main)/vouchers/page.tsx

https://nextjs.org/docs/messages/module-not-found @ :0
[   73577ms] [ERROR] ./components/screens/owner/vouchers/OwnerVouchersPage.tsx:2:1
Module not found: Can't resolve '@/components/screens/owner/vouchers/OwnerVouchersClientContent'
  1 | import { getVouchersPageData } from "@/app/(main)/vouchers/data"
> 2 | import { OwnerVouchersClientContent } from "@/components/screens/owner/vouchers/OwnerVouchersClientContent"
    | ^^^^^^^^^^^^^^^^^^^^^^^^^^^^^^^^^^^^^^^^^^^^^^^^^^^^^^^^^^^^^^^^^^^^^^^^^^^^^^^^^^^^^^^^^^^^^^^^^^^^^^^^^^^
  3 |
  4 | export type VoucherViewStatus =
  5 |   | "active"

Import map: aliased to relative './components/screens/owner/vouchers/OwnerVouchersClientContent' inside of [project]/

Import trace:
  Server Component:
    ./components/screens/owner/vouchers/OwnerVouchersPage.tsx
    ./app/(main)/vouchers/page.tsx

https://nextjs.org/docs/messages/module-not-found @ :0
[   73635ms] [ERROR] ./components/screens/owner/vouchers/OwnerVouchersPage.tsx:2:1
Module not found: Can't resolve '@/components/screens/owner/vouchers/OwnerVouchersClientContent'
  1 | import { getVouchersPageData } from "@/app/(main)/vouchers/data"
> 2 | import { OwnerVouchersClientContent } from "@/components/screens/owner/vouchers/OwnerVouchersClientContent"
    | ^^^^^^^^^^^^^^^^^^^^^^^^^^^^^^^^^^^^^^^^^^^^^^^^^^^^^^^^^^^^^^^^^^^^^^^^^^^^^^^^^^^^^^^^^^^^^^^^^^^^^^^^^^^
  3 |
  4 | export type VoucherViewStatus =
  5 |   | "active"

Import map: aliased to relative './components/screens/owner/vouchers/OwnerVouchersClientContent' inside of [project]/

Import trace:
  Server Component:
    ./components/screens/owner/vouchers/OwnerVouchersPage.tsx
    ./app/(main)/vouchers/page.tsx

https://nextjs.org/docs/messages/module-not-found @ :0
[   73695ms] [ERROR] ./components/screens/owner/vouchers/OwnerVouchersPage.tsx:2:1
Module not found: Can't resolve '@/components/screens/owner/vouchers/OwnerVouchersClientContent'
  1 | import { getVouchersPageData } from "@/app/(main)/vouchers/data"
> 2 | import { OwnerVouchersClientContent } from "@/components/screens/owner/vouchers/OwnerVouchersClientContent"
    | ^^^^^^^^^^^^^^^^^^^^^^^^^^^^^^^^^^^^^^^^^^^^^^^^^^^^^^^^^^^^^^^^^^^^^^^^^^^^^^^^^^^^^^^^^^^^^^^^^^^^^^^^^^^
  3 |
  4 | export type VoucherViewStatus =
  5 |   | "active"

Import map: aliased to relative './components/screens/owner/vouchers/OwnerVouchersClientContent' inside of [project]/

Import trace:
  Server Component:
    ./components/screens/owner/vouchers/OwnerVouchersPage.tsx
    ./app/(main)/vouchers/page.tsx

https://nextjs.org/docs/messages/module-not-found @ :0
[   73755ms] [ERROR] ./components/screens/owner/vouchers/OwnerVouchersPage.tsx:2:1
Module not found: Can't resolve '@/components/screens/owner/vouchers/OwnerVouchersClientContent'
  1 | import { getVouchersPageData } from "@/app/(main)/vouchers/data"
> 2 | import { OwnerVouchersClientContent } from "@/components/screens/owner/vouchers/OwnerVouchersClientContent"
    | ^^^^^^^^^^^^^^^^^^^^^^^^^^^^^^^^^^^^^^^^^^^^^^^^^^^^^^^^^^^^^^^^^^^^^^^^^^^^^^^^^^^^^^^^^^^^^^^^^^^^^^^^^^^
  3 |
  4 | export type VoucherViewStatus =
  5 |   | "active"

Import map: aliased to relative './components/screens/owner/vouchers/OwnerVouchersClientContent' inside of [project]/

Import trace:
  Server Component:
    ./components/screens/owner/vouchers/OwnerVouchersPage.tsx
    ./app/(main)/vouchers/page.tsx

https://nextjs.org/docs/messages/module-not-found @ :0
[   73815ms] [ERROR] ./components/screens/owner/vouchers/OwnerVouchersPage.tsx:2:1
Module not found: Can't resolve '@/components/screens/owner/vouchers/OwnerVouchersClientContent'
  1 | import { getVouchersPageData } from "@/app/(main)/vouchers/data"
> 2 | import { OwnerVouchersClientContent } from "@/components/screens/owner/vouchers/OwnerVouchersClientContent"
    | ^^^^^^^^^^^^^^^^^^^^^^^^^^^^^^^^^^^^^^^^^^^^^^^^^^^^^^^^^^^^^^^^^^^^^^^^^^^^^^^^^^^^^^^^^^^^^^^^^^^^^^^^^^^
  3 |
  4 | export type VoucherViewStatus =
  5 |   | "active"

Import map: aliased to relative './components/screens/owner/vouchers/OwnerVouchersClientContent' inside of [project]/

Import trace:
  Server Component:
    ./components/screens/owner/vouchers/OwnerVouchersPage.tsx
    ./app/(main)/vouchers/page.tsx

https://nextjs.org/docs/messages/module-not-found @ :0
[   73875ms] [ERROR] ./components/screens/owner/vouchers/OwnerVouchersPage.tsx:2:1
Module not found: Can't resolve '@/components/screens/owner/vouchers/OwnerVouchersClientContent'
  1 | import { getVouchersPageData } from "@/app/(main)/vouchers/data"
> 2 | import { OwnerVouchersClientContent } from "@/components/screens/owner/vouchers/OwnerVouchersClientContent"
    | ^^^^^^^^^^^^^^^^^^^^^^^^^^^^^^^^^^^^^^^^^^^^^^^^^^^^^^^^^^^^^^^^^^^^^^^^^^^^^^^^^^^^^^^^^^^^^^^^^^^^^^^^^^^
  3 |
  4 | export type VoucherViewStatus =
  5 |   | "active"

Import map: aliased to relative './components/screens/owner/vouchers/OwnerVouchersClientContent' inside of [project]/

Import trace:
  Server Component:
    ./components/screens/owner/vouchers/OwnerVouchersPage.tsx
    ./app/(main)/vouchers/page.tsx

https://nextjs.org/docs/messages/module-not-found @ :0
[   73934ms] [ERROR] ./components/screens/owner/vouchers/OwnerVouchersPage.tsx:2:1
Module not found: Can't resolve '@/components/screens/owner/vouchers/OwnerVouchersClientContent'
  1 | import { getVouchersPageData } from "@/app/(main)/vouchers/data"
> 2 | import { OwnerVouchersClientContent } from "@/components/screens/owner/vouchers/OwnerVouchersClientContent"
    | ^^^^^^^^^^^^^^^^^^^^^^^^^^^^^^^^^^^^^^^^^^^^^^^^^^^^^^^^^^^^^^^^^^^^^^^^^^^^^^^^^^^^^^^^^^^^^^^^^^^^^^^^^^^
  3 |
  4 | export type VoucherViewStatus =
  5 |   | "active"

Import map: aliased to relative './components/screens/owner/vouchers/OwnerVouchersClientContent' inside of [project]/

Import trace:
  Server Component:
    ./components/screens/owner/vouchers/OwnerVouchersPage.tsx
    ./app/(main)/vouchers/page.tsx

https://nextjs.org/docs/messages/module-not-found @ :0
[   73993ms] [ERROR] ./components/screens/owner/vouchers/OwnerVouchersPage.tsx:2:1
Module not found: Can't resolve '@/components/screens/owner/vouchers/OwnerVouchersClientContent'
  1 | import { getVouchersPageData } from "@/app/(main)/vouchers/data"
> 2 | import { OwnerVouchersClientContent } from "@/components/screens/owner/vouchers/OwnerVouchersClientContent"
    | ^^^^^^^^^^^^^^^^^^^^^^^^^^^^^^^^^^^^^^^^^^^^^^^^^^^^^^^^^^^^^^^^^^^^^^^^^^^^^^^^^^^^^^^^^^^^^^^^^^^^^^^^^^^
  3 |
  4 | export type VoucherViewStatus =
  5 |   | "active"

Import map: aliased to relative './components/screens/owner/vouchers/OwnerVouchersClientContent' inside of [project]/

Import trace:
  Server Component:
    ./components/screens/owner/vouchers/OwnerVouchersPage.tsx
    ./app/(main)/vouchers/page.tsx

https://nextjs.org/docs/messages/module-not-found @ :0
[   74054ms] [ERROR] ./components/screens/owner/vouchers/OwnerVouchersPage.tsx:2:1
Module not found: Can't resolve '@/components/screens/owner/vouchers/OwnerVouchersClientContent'
  1 | import { getVouchersPageData } from "@/app/(main)/vouchers/data"
> 2 | import { OwnerVouchersClientContent } from "@/components/screens/owner/vouchers/OwnerVouchersClientContent"
    | ^^^^^^^^^^^^^^^^^^^^^^^^^^^^^^^^^^^^^^^^^^^^^^^^^^^^^^^^^^^^^^^^^^^^^^^^^^^^^^^^^^^^^^^^^^^^^^^^^^^^^^^^^^^
  3 |
  4 | export type VoucherViewStatus =
  5 |   | "active"

Import map: aliased to relative './components/screens/owner/vouchers/OwnerVouchersClientContent' inside of [project]/

Import trace:
  Server Component:
    ./components/screens/owner/vouchers/OwnerVouchersPage.tsx
    ./app/(main)/vouchers/page.tsx

https://nextjs.org/docs/messages/module-not-found @ :0
[   74116ms] [ERROR] ./components/screens/owner/vouchers/OwnerVouchersPage.tsx:2:1
Module not found: Can't resolve '@/components/screens/owner/vouchers/OwnerVouchersClientContent'
  1 | import { getVouchersPageData } from "@/app/(main)/vouchers/data"
> 2 | import { OwnerVouchersClientContent } from "@/components/screens/owner/vouchers/OwnerVouchersClientContent"
    | ^^^^^^^^^^^^^^^^^^^^^^^^^^^^^^^^^^^^^^^^^^^^^^^^^^^^^^^^^^^^^^^^^^^^^^^^^^^^^^^^^^^^^^^^^^^^^^^^^^^^^^^^^^^
  3 |
  4 | export type VoucherViewStatus =
  5 |   | "active"

Import map: aliased to relative './components/screens/owner/vouchers/OwnerVouchersClientContent' inside of [project]/

Import trace:
  Server Component:
    ./components/screens/owner/vouchers/OwnerVouchersPage.tsx
    ./app/(main)/vouchers/page.tsx

https://nextjs.org/docs/messages/module-not-found @ :0
[   74177ms] [ERROR] ./components/screens/owner/vouchers/OwnerVouchersPage.tsx:2:1
Module not found: Can't resolve '@/components/screens/owner/vouchers/OwnerVouchersClientContent'
  1 | import { getVouchersPageData } from "@/app/(main)/vouchers/data"
> 2 | import { OwnerVouchersClientContent } from "@/components/screens/owner/vouchers/OwnerVouchersClientContent"
    | ^^^^^^^^^^^^^^^^^^^^^^^^^^^^^^^^^^^^^^^^^^^^^^^^^^^^^^^^^^^^^^^^^^^^^^^^^^^^^^^^^^^^^^^^^^^^^^^^^^^^^^^^^^^
  3 |
  4 | export type VoucherViewStatus =
  5 |   | "active"

Import map: aliased to relative './components/screens/owner/vouchers/OwnerVouchersClientContent' inside of [project]/

Import trace:
  Server Component:
    ./components/screens/owner/vouchers/OwnerVouchersPage.tsx
    ./app/(main)/vouchers/page.tsx

https://nextjs.org/docs/messages/module-not-found @ :0
[   74236ms] [ERROR] ./components/screens/owner/vouchers/OwnerVouchersPage.tsx:2:1
Module not found: Can't resolve '@/components/screens/owner/vouchers/OwnerVouchersClientContent'
  1 | import { getVouchersPageData } from "@/app/(main)/vouchers/data"
> 2 | import { OwnerVouchersClientContent } from "@/components/screens/owner/vouchers/OwnerVouchersClientContent"
    | ^^^^^^^^^^^^^^^^^^^^^^^^^^^^^^^^^^^^^^^^^^^^^^^^^^^^^^^^^^^^^^^^^^^^^^^^^^^^^^^^^^^^^^^^^^^^^^^^^^^^^^^^^^^
  3 |
  4 | export type VoucherViewStatus =
  5 |   | "active"

Import map: aliased to relative './components/screens/owner/vouchers/OwnerVouchersClientContent' inside of [project]/

Import trace:
  Server Component:
    ./components/screens/owner/vouchers/OwnerVouchersPage.tsx
    ./app/(main)/vouchers/page.tsx

https://nextjs.org/docs/messages/module-not-found @ :0
[   74298ms] [ERROR] ./components/screens/owner/vouchers/OwnerVouchersPage.tsx:2:1
Module not found: Can't resolve '@/components/screens/owner/vouchers/OwnerVouchersClientContent'
  1 | import { getVouchersPageData } from "@/app/(main)/vouchers/data"
> 2 | import { OwnerVouchersClientContent } from "@/components/screens/owner/vouchers/OwnerVouchersClientContent"
    | ^^^^^^^^^^^^^^^^^^^^^^^^^^^^^^^^^^^^^^^^^^^^^^^^^^^^^^^^^^^^^^^^^^^^^^^^^^^^^^^^^^^^^^^^^^^^^^^^^^^^^^^^^^^
  3 |
  4 | export type VoucherViewStatus =
  5 |   | "active"

Import map: aliased to relative './components/screens/owner/vouchers/OwnerVouchersClientContent' inside of [project]/

Import trace:
  Server Component:
    ./components/screens/owner/vouchers/OwnerVouchersPage.tsx
    ./app/(main)/vouchers/page.tsx

https://nextjs.org/docs/messages/module-not-found @ :0
[   74357ms] [ERROR] ./components/screens/owner/vouchers/OwnerVouchersPage.tsx:2:1
Module not found: Can't resolve '@/components/screens/owner/vouchers/OwnerVouchersClientContent'
  1 | import { getVouchersPageData } from "@/app/(main)/vouchers/data"
> 2 | import { OwnerVouchersClientContent } from "@/components/screens/owner/vouchers/OwnerVouchersClientContent"
    | ^^^^^^^^^^^^^^^^^^^^^^^^^^^^^^^^^^^^^^^^^^^^^^^^^^^^^^^^^^^^^^^^^^^^^^^^^^^^^^^^^^^^^^^^^^^^^^^^^^^^^^^^^^^
  3 |
  4 | export type VoucherViewStatus =
  5 |   | "active"

Import map: aliased to relative './components/screens/owner/vouchers/OwnerVouchersClientContent' inside of [project]/

Import trace:
  Server Component:
    ./components/screens/owner/vouchers/OwnerVouchersPage.tsx
    ./app/(main)/vouchers/page.tsx

https://nextjs.org/docs/messages/module-not-found @ :0
[   74415ms] [ERROR] ./components/screens/owner/vouchers/OwnerVouchersPage.tsx:2:1
Module not found: Can't resolve '@/components/screens/owner/vouchers/OwnerVouchersClientContent'
  1 | import { getVouchersPageData } from "@/app/(main)/vouchers/data"
> 2 | import { OwnerVouchersClientContent } from "@/components/screens/owner/vouchers/OwnerVouchersClientContent"
    | ^^^^^^^^^^^^^^^^^^^^^^^^^^^^^^^^^^^^^^^^^^^^^^^^^^^^^^^^^^^^^^^^^^^^^^^^^^^^^^^^^^^^^^^^^^^^^^^^^^^^^^^^^^^
  3 |
  4 | export type VoucherViewStatus =
  5 |   | "active"

Import map: aliased to relative './components/screens/owner/vouchers/OwnerVouchersClientContent' inside of [project]/

Import trace:
  Server Component:
    ./components/screens/owner/vouchers/OwnerVouchersPage.tsx
    ./app/(main)/vouchers/page.tsx

https://nextjs.org/docs/messages/module-not-found @ :0
[   74475ms] [ERROR] ./components/screens/owner/vouchers/OwnerVouchersPage.tsx:2:1
Module not found: Can't resolve '@/components/screens/owner/vouchers/OwnerVouchersClientContent'
  1 | import { getVouchersPageData } from "@/app/(main)/vouchers/data"
> 2 | import { OwnerVouchersClientContent } from "@/components/screens/owner/vouchers/OwnerVouchersClientContent"
    | ^^^^^^^^^^^^^^^^^^^^^^^^^^^^^^^^^^^^^^^^^^^^^^^^^^^^^^^^^^^^^^^^^^^^^^^^^^^^^^^^^^^^^^^^^^^^^^^^^^^^^^^^^^^
  3 |
  4 | export type VoucherViewStatus =
  5 |   | "active"

Import map: aliased to relative './components/screens/owner/vouchers/OwnerVouchersClientContent' inside of [project]/

Import trace:
  Server Component:
    ./components/screens/owner/vouchers/OwnerVouchersPage.tsx
    ./app/(main)/vouchers/page.tsx

https://nextjs.org/docs/messages/module-not-found @ :0
[   74535ms] [ERROR] ./components/screens/owner/vouchers/OwnerVouchersPage.tsx:2:1
Module not found: Can't resolve '@/components/screens/owner/vouchers/OwnerVouchersClientContent'
  1 | import { getVouchersPageData } from "@/app/(main)/vouchers/data"
> 2 | import { OwnerVouchersClientContent } from "@/components/screens/owner/vouchers/OwnerVouchersClientContent"
    | ^^^^^^^^^^^^^^^^^^^^^^^^^^^^^^^^^^^^^^^^^^^^^^^^^^^^^^^^^^^^^^^^^^^^^^^^^^^^^^^^^^^^^^^^^^^^^^^^^^^^^^^^^^^
  3 |
  4 | export type VoucherViewStatus =
  5 |   | "active"

Import map: aliased to relative './components/screens/owner/vouchers/OwnerVouchersClientContent' inside of [project]/

Import trace:
  Server Component:
    ./components/screens/owner/vouchers/OwnerVouchersPage.tsx
    ./app/(main)/vouchers/page.tsx

https://nextjs.org/docs/messages/module-not-found @ :0
[   74594ms] [ERROR] ./components/screens/owner/vouchers/OwnerVouchersPage.tsx:2:1
Module not found: Can't resolve '@/components/screens/owner/vouchers/OwnerVouchersClientContent'
  1 | import { getVouchersPageData } from "@/app/(main)/vouchers/data"
> 2 | import { OwnerVouchersClientContent } from "@/components/screens/owner/vouchers/OwnerVouchersClientContent"
    | ^^^^^^^^^^^^^^^^^^^^^^^^^^^^^^^^^^^^^^^^^^^^^^^^^^^^^^^^^^^^^^^^^^^^^^^^^^^^^^^^^^^^^^^^^^^^^^^^^^^^^^^^^^^
  3 |
  4 | export type VoucherViewStatus =
  5 |   | "active"

Import map: aliased to relative './components/screens/owner/vouchers/OwnerVouchersClientContent' inside of [project]/

Import trace:
  Server Component:
    ./components/screens/owner/vouchers/OwnerVouchersPage.tsx
    ./app/(main)/vouchers/page.tsx

https://nextjs.org/docs/messages/module-not-found @ :0
[   74655ms] [ERROR] ./components/screens/owner/vouchers/OwnerVouchersPage.tsx:2:1
Module not found: Can't resolve '@/components/screens/owner/vouchers/OwnerVouchersClientContent'
  1 | import { getVouchersPageData } from "@/app/(main)/vouchers/data"
> 2 | import { OwnerVouchersClientContent } from "@/components/screens/owner/vouchers/OwnerVouchersClientContent"
    | ^^^^^^^^^^^^^^^^^^^^^^^^^^^^^^^^^^^^^^^^^^^^^^^^^^^^^^^^^^^^^^^^^^^^^^^^^^^^^^^^^^^^^^^^^^^^^^^^^^^^^^^^^^^
  3 |
  4 | export type VoucherViewStatus =
  5 |   | "active"

Import map: aliased to relative './components/screens/owner/vouchers/OwnerVouchersClientContent' inside of [project]/

Import trace:
  Server Component:
    ./components/screens/owner/vouchers/OwnerVouchersPage.tsx
    ./app/(main)/vouchers/page.tsx

https://nextjs.org/docs/messages/module-not-found @ :0
[   74714ms] [ERROR] ./components/screens/owner/vouchers/OwnerVouchersPage.tsx:2:1
Module not found: Can't resolve '@/components/screens/owner/vouchers/OwnerVouchersClientContent'
  1 | import { getVouchersPageData } from "@/app/(main)/vouchers/data"
> 2 | import { OwnerVouchersClientContent } from "@/components/screens/owner/vouchers/OwnerVouchersClientContent"
    | ^^^^^^^^^^^^^^^^^^^^^^^^^^^^^^^^^^^^^^^^^^^^^^^^^^^^^^^^^^^^^^^^^^^^^^^^^^^^^^^^^^^^^^^^^^^^^^^^^^^^^^^^^^^
  3 |
  4 | export type VoucherViewStatus =
  5 |   | "active"

Import map: aliased to relative './components/screens/owner/vouchers/OwnerVouchersClientContent' inside of [project]/

Import trace:
  Server Component:
    ./components/screens/owner/vouchers/OwnerVouchersPage.tsx
    ./app/(main)/vouchers/page.tsx

https://nextjs.org/docs/messages/module-not-found @ :0
[   74772ms] [ERROR] ./components/screens/owner/vouchers/OwnerVouchersPage.tsx:2:1
Module not found: Can't resolve '@/components/screens/owner/vouchers/OwnerVouchersClientContent'
  1 | import { getVouchersPageData } from "@/app/(main)/vouchers/data"
> 2 | import { OwnerVouchersClientContent } from "@/components/screens/owner/vouchers/OwnerVouchersClientContent"
    | ^^^^^^^^^^^^^^^^^^^^^^^^^^^^^^^^^^^^^^^^^^^^^^^^^^^^^^^^^^^^^^^^^^^^^^^^^^^^^^^^^^^^^^^^^^^^^^^^^^^^^^^^^^^
  3 |
  4 | export type VoucherViewStatus =
  5 |   | "active"

Import map: aliased to relative './components/screens/owner/vouchers/OwnerVouchersClientContent' inside of [project]/

Import trace:
  Server Component:
    ./components/screens/owner/vouchers/OwnerVouchersPage.tsx
    ./app/(main)/vouchers/page.tsx

https://nextjs.org/docs/messages/module-not-found @ :0
[   74831ms] [ERROR] ./components/screens/owner/vouchers/OwnerVouchersPage.tsx:2:1
Module not found: Can't resolve '@/components/screens/owner/vouchers/OwnerVouchersClientContent'
  1 | import { getVouchersPageData } from "@/app/(main)/vouchers/data"
> 2 | import { OwnerVouchersClientContent } from "@/components/screens/owner/vouchers/OwnerVouchersClientContent"
    | ^^^^^^^^^^^^^^^^^^^^^^^^^^^^^^^^^^^^^^^^^^^^^^^^^^^^^^^^^^^^^^^^^^^^^^^^^^^^^^^^^^^^^^^^^^^^^^^^^^^^^^^^^^^
  3 |
  4 | export type VoucherViewStatus =
  5 |   | "active"

Import map: aliased to relative './components/screens/owner/vouchers/OwnerVouchersClientContent' inside of [project]/

Import trace:
  Server Component:
    ./components/screens/owner/vouchers/OwnerVouchersPage.tsx
    ./app/(main)/vouchers/page.tsx

https://nextjs.org/docs/messages/module-not-found @ :0
[   74892ms] [ERROR] ./components/screens/owner/vouchers/OwnerVouchersPage.tsx:2:1
Module not found: Can't resolve '@/components/screens/owner/vouchers/OwnerVouchersClientContent'
  1 | import { getVouchersPageData } from "@/app/(main)/vouchers/data"
> 2 | import { OwnerVouchersClientContent } from "@/components/screens/owner/vouchers/OwnerVouchersClientContent"
    | ^^^^^^^^^^^^^^^^^^^^^^^^^^^^^^^^^^^^^^^^^^^^^^^^^^^^^^^^^^^^^^^^^^^^^^^^^^^^^^^^^^^^^^^^^^^^^^^^^^^^^^^^^^^
  3 |
  4 | export type VoucherViewStatus =
  5 |   | "active"

Import map: aliased to relative './components/screens/owner/vouchers/OwnerVouchersClientContent' inside of [project]/

Import trace:
  Server Component:
    ./components/screens/owner/vouchers/OwnerVouchersPage.tsx
    ./app/(main)/vouchers/page.tsx

https://nextjs.org/docs/messages/module-not-found @ :0
[   74951ms] [ERROR] ./components/screens/owner/vouchers/OwnerVouchersPage.tsx:2:1
Module not found: Can't resolve '@/components/screens/owner/vouchers/OwnerVouchersClientContent'
  1 | import { getVouchersPageData } from "@/app/(main)/vouchers/data"
> 2 | import { OwnerVouchersClientContent } from "@/components/screens/owner/vouchers/OwnerVouchersClientContent"
    | ^^^^^^^^^^^^^^^^^^^^^^^^^^^^^^^^^^^^^^^^^^^^^^^^^^^^^^^^^^^^^^^^^^^^^^^^^^^^^^^^^^^^^^^^^^^^^^^^^^^^^^^^^^^
  3 |
  4 | export type VoucherViewStatus =
  5 |   | "active"

Import map: aliased to relative './components/screens/owner/vouchers/OwnerVouchersClientContent' inside of [project]/

Import trace:
  Server Component:
    ./components/screens/owner/vouchers/OwnerVouchersPage.tsx
    ./app/(main)/vouchers/page.tsx

https://nextjs.org/docs/messages/module-not-found @ :0
[   75011ms] [ERROR] ./components/screens/owner/vouchers/OwnerVouchersPage.tsx:2:1
Module not found: Can't resolve '@/components/screens/owner/vouchers/OwnerVouchersClientContent'
  1 | import { getVouchersPageData } from "@/app/(main)/vouchers/data"
> 2 | import { OwnerVouchersClientContent } from "@/components/screens/owner/vouchers/OwnerVouchersClientContent"
    | ^^^^^^^^^^^^^^^^^^^^^^^^^^^^^^^^^^^^^^^^^^^^^^^^^^^^^^^^^^^^^^^^^^^^^^^^^^^^^^^^^^^^^^^^^^^^^^^^^^^^^^^^^^^
  3 |
  4 | export type VoucherViewStatus =
  5 |   | "active"

Import map: aliased to relative './components/screens/owner/vouchers/OwnerVouchersClientContent' inside of [project]/

Import trace:
  Server Component:
    ./components/screens/owner/vouchers/OwnerVouchersPage.tsx
    ./app/(main)/vouchers/page.tsx

https://nextjs.org/docs/messages/module-not-found @ :0
[   75070ms] [ERROR] ./components/screens/owner/vouchers/OwnerVouchersPage.tsx:2:1
Module not found: Can't resolve '@/components/screens/owner/vouchers/OwnerVouchersClientContent'
  1 | import { getVouchersPageData } from "@/app/(main)/vouchers/data"
> 2 | import { OwnerVouchersClientContent } from "@/components/screens/owner/vouchers/OwnerVouchersClientContent"
    | ^^^^^^^^^^^^^^^^^^^^^^^^^^^^^^^^^^^^^^^^^^^^^^^^^^^^^^^^^^^^^^^^^^^^^^^^^^^^^^^^^^^^^^^^^^^^^^^^^^^^^^^^^^^
  3 |
  4 | export type VoucherViewStatus =
  5 |   | "active"

Import map: aliased to relative './components/screens/owner/vouchers/OwnerVouchersClientContent' inside of [project]/

Import trace:
  Server Component:
    ./components/screens/owner/vouchers/OwnerVouchersPage.tsx
    ./app/(main)/vouchers/page.tsx

https://nextjs.org/docs/messages/module-not-found @ :0
[   75130ms] [ERROR] ./components/screens/owner/vouchers/OwnerVouchersPage.tsx:2:1
Module not found: Can't resolve '@/components/screens/owner/vouchers/OwnerVouchersClientContent'
  1 | import { getVouchersPageData } from "@/app/(main)/vouchers/data"
> 2 | import { OwnerVouchersClientContent } from "@/components/screens/owner/vouchers/OwnerVouchersClientContent"
    | ^^^^^^^^^^^^^^^^^^^^^^^^^^^^^^^^^^^^^^^^^^^^^^^^^^^^^^^^^^^^^^^^^^^^^^^^^^^^^^^^^^^^^^^^^^^^^^^^^^^^^^^^^^^
  3 |
  4 | export type VoucherViewStatus =
  5 |   | "active"

Import map: aliased to relative './components/screens/owner/vouchers/OwnerVouchersClientContent' inside of [project]/

Import trace:
  Server Component:
    ./components/screens/owner/vouchers/OwnerVouchersPage.tsx
    ./app/(main)/vouchers/page.tsx

https://nextjs.org/docs/messages/module-not-found @ :0
[   75190ms] [ERROR] ./components/screens/owner/vouchers/OwnerVouchersPage.tsx:2:1
Module not found: Can't resolve '@/components/screens/owner/vouchers/OwnerVouchersClientContent'
  1 | import { getVouchersPageData } from "@/app/(main)/vouchers/data"
> 2 | import { OwnerVouchersClientContent } from "@/components/screens/owner/vouchers/OwnerVouchersClientContent"
    | ^^^^^^^^^^^^^^^^^^^^^^^^^^^^^^^^^^^^^^^^^^^^^^^^^^^^^^^^^^^^^^^^^^^^^^^^^^^^^^^^^^^^^^^^^^^^^^^^^^^^^^^^^^^
  3 |
  4 | export type VoucherViewStatus =
  5 |   | "active"

Import map: aliased to relative './components/screens/owner/vouchers/OwnerVouchersClientContent' inside of [project]/

Import trace:
  Server Component:
    ./components/screens/owner/vouchers/OwnerVouchersPage.tsx
    ./app/(main)/vouchers/page.tsx

https://nextjs.org/docs/messages/module-not-found @ :0
[   75253ms] [ERROR] ./components/screens/owner/vouchers/OwnerVouchersPage.tsx:2:1
Module not found: Can't resolve '@/components/screens/owner/vouchers/OwnerVouchersClientContent'
  1 | import { getVouchersPageData } from "@/app/(main)/vouchers/data"
> 2 | import { OwnerVouchersClientContent } from "@/components/screens/owner/vouchers/OwnerVouchersClientContent"
    | ^^^^^^^^^^^^^^^^^^^^^^^^^^^^^^^^^^^^^^^^^^^^^^^^^^^^^^^^^^^^^^^^^^^^^^^^^^^^^^^^^^^^^^^^^^^^^^^^^^^^^^^^^^^
  3 |
  4 | export type VoucherViewStatus =
  5 |   | "active"

Import map: aliased to relative './components/screens/owner/vouchers/OwnerVouchersClientContent' inside of [project]/

Import trace:
  Server Component:
    ./components/screens/owner/vouchers/OwnerVouchersPage.tsx
    ./app/(main)/vouchers/page.tsx

https://nextjs.org/docs/messages/module-not-found @ :0
[   75313ms] [ERROR] ./components/screens/owner/vouchers/OwnerVouchersPage.tsx:2:1
Module not found: Can't resolve '@/components/screens/owner/vouchers/OwnerVouchersClientContent'
  1 | import { getVouchersPageData } from "@/app/(main)/vouchers/data"
> 2 | import { OwnerVouchersClientContent } from "@/components/screens/owner/vouchers/OwnerVouchersClientContent"
    | ^^^^^^^^^^^^^^^^^^^^^^^^^^^^^^^^^^^^^^^^^^^^^^^^^^^^^^^^^^^^^^^^^^^^^^^^^^^^^^^^^^^^^^^^^^^^^^^^^^^^^^^^^^^
  3 |
  4 | export type VoucherViewStatus =
  5 |   | "active"

Import map: aliased to relative './components/screens/owner/vouchers/OwnerVouchersClientContent' inside of [project]/

Import trace:
  Server Component:
    ./components/screens/owner/vouchers/OwnerVouchersPage.tsx
    ./app/(main)/vouchers/page.tsx

https://nextjs.org/docs/messages/module-not-found @ :0
[   75371ms] [ERROR] ./components/screens/owner/vouchers/OwnerVouchersPage.tsx:2:1
Module not found: Can't resolve '@/components/screens/owner/vouchers/OwnerVouchersClientContent'
  1 | import { getVouchersPageData } from "@/app/(main)/vouchers/data"
> 2 | import { OwnerVouchersClientContent } from "@/components/screens/owner/vouchers/OwnerVouchersClientContent"
    | ^^^^^^^^^^^^^^^^^^^^^^^^^^^^^^^^^^^^^^^^^^^^^^^^^^^^^^^^^^^^^^^^^^^^^^^^^^^^^^^^^^^^^^^^^^^^^^^^^^^^^^^^^^^
  3 |
  4 | export type VoucherViewStatus =
  5 |   | "active"

Import map: aliased to relative './components/screens/owner/vouchers/OwnerVouchersClientContent' inside of [project]/

Import trace:
  Server Component:
    ./components/screens/owner/vouchers/OwnerVouchersPage.tsx
    ./app/(main)/vouchers/page.tsx

https://nextjs.org/docs/messages/module-not-found @ :0
[   75430ms] [ERROR] ./components/screens/owner/vouchers/OwnerVouchersPage.tsx:2:1
Module not found: Can't resolve '@/components/screens/owner/vouchers/OwnerVouchersClientContent'
  1 | import { getVouchersPageData } from "@/app/(main)/vouchers/data"
> 2 | import { OwnerVouchersClientContent } from "@/components/screens/owner/vouchers/OwnerVouchersClientContent"
    | ^^^^^^^^^^^^^^^^^^^^^^^^^^^^^^^^^^^^^^^^^^^^^^^^^^^^^^^^^^^^^^^^^^^^^^^^^^^^^^^^^^^^^^^^^^^^^^^^^^^^^^^^^^^
  3 |
  4 | export type VoucherViewStatus =
  5 |   | "active"

Import map: aliased to relative './components/screens/owner/vouchers/OwnerVouchersClientContent' inside of [project]/

Import trace:
  Server Component:
    ./components/screens/owner/vouchers/OwnerVouchersPage.tsx
    ./app/(main)/vouchers/page.tsx

https://nextjs.org/docs/messages/module-not-found @ :0
[   75488ms] [ERROR] ./components/screens/owner/vouchers/OwnerVouchersPage.tsx:2:1
Module not found: Can't resolve '@/components/screens/owner/vouchers/OwnerVouchersClientContent'
  1 | import { getVouchersPageData } from "@/app/(main)/vouchers/data"
> 2 | import { OwnerVouchersClientContent } from "@/components/screens/owner/vouchers/OwnerVouchersClientContent"
    | ^^^^^^^^^^^^^^^^^^^^^^^^^^^^^^^^^^^^^^^^^^^^^^^^^^^^^^^^^^^^^^^^^^^^^^^^^^^^^^^^^^^^^^^^^^^^^^^^^^^^^^^^^^^
  3 |
  4 | export type VoucherViewStatus =
  5 |   | "active"

Import map: aliased to relative './components/screens/owner/vouchers/OwnerVouchersClientContent' inside of [project]/

Import trace:
  Server Component:
    ./components/screens/owner/vouchers/OwnerVouchersPage.tsx
    ./app/(main)/vouchers/page.tsx

https://nextjs.org/docs/messages/module-not-found @ :0
[   75552ms] [ERROR] ./components/screens/owner/vouchers/OwnerVouchersPage.tsx:2:1
Module not found: Can't resolve '@/components/screens/owner/vouchers/OwnerVouchersClientContent'
  1 | import { getVouchersPageData } from "@/app/(main)/vouchers/data"
> 2 | import { OwnerVouchersClientContent } from "@/components/screens/owner/vouchers/OwnerVouchersClientContent"
    | ^^^^^^^^^^^^^^^^^^^^^^^^^^^^^^^^^^^^^^^^^^^^^^^^^^^^^^^^^^^^^^^^^^^^^^^^^^^^^^^^^^^^^^^^^^^^^^^^^^^^^^^^^^^
  3 |
  4 | export type VoucherViewStatus =
  5 |   | "active"

Import map: aliased to relative './components/screens/owner/vouchers/OwnerVouchersClientContent' inside of [project]/

Import trace:
  Server Component:
    ./components/screens/owner/vouchers/OwnerVouchersPage.tsx
    ./app/(main)/vouchers/page.tsx

https://nextjs.org/docs/messages/module-not-found @ :0
[   75612ms] [ERROR] ./components/screens/owner/vouchers/OwnerVouchersPage.tsx:2:1
Module not found: Can't resolve '@/components/screens/owner/vouchers/OwnerVouchersClientContent'
  1 | import { getVouchersPageData } from "@/app/(main)/vouchers/data"
> 2 | import { OwnerVouchersClientContent } from "@/components/screens/owner/vouchers/OwnerVouchersClientContent"
    | ^^^^^^^^^^^^^^^^^^^^^^^^^^^^^^^^^^^^^^^^^^^^^^^^^^^^^^^^^^^^^^^^^^^^^^^^^^^^^^^^^^^^^^^^^^^^^^^^^^^^^^^^^^^
  3 |
  4 | export type VoucherViewStatus =
  5 |   | "active"

Import map: aliased to relative './components/screens/owner/vouchers/OwnerVouchersClientContent' inside of [project]/

Import trace:
  Server Component:
    ./components/screens/owner/vouchers/OwnerVouchersPage.tsx
    ./app/(main)/vouchers/page.tsx

https://nextjs.org/docs/messages/module-not-found @ :0
[   75671ms] [ERROR] ./components/screens/owner/vouchers/OwnerVouchersPage.tsx:2:1
Module not found: Can't resolve '@/components/screens/owner/vouchers/OwnerVouchersClientContent'
  1 | import { getVouchersPageData } from "@/app/(main)/vouchers/data"
> 2 | import { OwnerVouchersClientContent } from "@/components/screens/owner/vouchers/OwnerVouchersClientContent"
    | ^^^^^^^^^^^^^^^^^^^^^^^^^^^^^^^^^^^^^^^^^^^^^^^^^^^^^^^^^^^^^^^^^^^^^^^^^^^^^^^^^^^^^^^^^^^^^^^^^^^^^^^^^^^
  3 |
  4 | export type VoucherViewStatus =
  5 |   | "active"

Import map: aliased to relative './components/screens/owner/vouchers/OwnerVouchersClientContent' inside of [project]/

Import trace:
  Server Component:
    ./components/screens/owner/vouchers/OwnerVouchersPage.tsx
    ./app/(main)/vouchers/page.tsx

https://nextjs.org/docs/messages/module-not-found @ :0
[   75730ms] [ERROR] ./components/screens/owner/vouchers/OwnerVouchersPage.tsx:2:1
Module not found: Can't resolve '@/components/screens/owner/vouchers/OwnerVouchersClientContent'
  1 | import { getVouchersPageData } from "@/app/(main)/vouchers/data"
> 2 | import { OwnerVouchersClientContent } from "@/components/screens/owner/vouchers/OwnerVouchersClientContent"
    | ^^^^^^^^^^^^^^^^^^^^^^^^^^^^^^^^^^^^^^^^^^^^^^^^^^^^^^^^^^^^^^^^^^^^^^^^^^^^^^^^^^^^^^^^^^^^^^^^^^^^^^^^^^^
  3 |
  4 | export type VoucherViewStatus =
  5 |   | "active"

Import map: aliased to relative './components/screens/owner/vouchers/OwnerVouchersClientContent' inside of [project]/

Import trace:
  Server Component:
    ./components/screens/owner/vouchers/OwnerVouchersPage.tsx
    ./app/(main)/vouchers/page.tsx

https://nextjs.org/docs/messages/module-not-found @ :0
[   75789ms] [ERROR] ./components/screens/owner/vouchers/OwnerVouchersPage.tsx:2:1
Module not found: Can't resolve '@/components/screens/owner/vouchers/OwnerVouchersClientContent'
  1 | import { getVouchersPageData } from "@/app/(main)/vouchers/data"
> 2 | import { OwnerVouchersClientContent } from "@/components/screens/owner/vouchers/OwnerVouchersClientContent"
    | ^^^^^^^^^^^^^^^^^^^^^^^^^^^^^^^^^^^^^^^^^^^^^^^^^^^^^^^^^^^^^^^^^^^^^^^^^^^^^^^^^^^^^^^^^^^^^^^^^^^^^^^^^^^
  3 |
  4 | export type VoucherViewStatus =
  5 |   | "active"

Import map: aliased to relative './components/screens/owner/vouchers/OwnerVouchersClientContent' inside of [project]/

Import trace:
  Server Component:
    ./components/screens/owner/vouchers/OwnerVouchersPage.tsx
    ./app/(main)/vouchers/page.tsx

https://nextjs.org/docs/messages/module-not-found @ :0
[   75849ms] [ERROR] ./components/screens/owner/vouchers/OwnerVouchersPage.tsx:2:1
Module not found: Can't resolve '@/components/screens/owner/vouchers/OwnerVouchersClientContent'
  1 | import { getVouchersPageData } from "@/app/(main)/vouchers/data"
> 2 | import { OwnerVouchersClientContent } from "@/components/screens/owner/vouchers/OwnerVouchersClientContent"
    | ^^^^^^^^^^^^^^^^^^^^^^^^^^^^^^^^^^^^^^^^^^^^^^^^^^^^^^^^^^^^^^^^^^^^^^^^^^^^^^^^^^^^^^^^^^^^^^^^^^^^^^^^^^^
  3 |
  4 | export type VoucherViewStatus =
  5 |   | "active"

Import map: aliased to relative './components/screens/owner/vouchers/OwnerVouchersClientContent' inside of [project]/

Import trace:
  Server Component:
    ./components/screens/owner/vouchers/OwnerVouchersPage.tsx
    ./app/(main)/vouchers/page.tsx

https://nextjs.org/docs/messages/module-not-found @ :0
[   75908ms] [ERROR] ./components/screens/owner/vouchers/OwnerVouchersPage.tsx:2:1
Module not found: Can't resolve '@/components/screens/owner/vouchers/OwnerVouchersClientContent'
  1 | import { getVouchersPageData } from "@/app/(main)/vouchers/data"
> 2 | import { OwnerVouchersClientContent } from "@/components/screens/owner/vouchers/OwnerVouchersClientContent"
    | ^^^^^^^^^^^^^^^^^^^^^^^^^^^^^^^^^^^^^^^^^^^^^^^^^^^^^^^^^^^^^^^^^^^^^^^^^^^^^^^^^^^^^^^^^^^^^^^^^^^^^^^^^^^
  3 |
  4 | export type VoucherViewStatus =
  5 |   | "active"

Import map: aliased to relative './components/screens/owner/vouchers/OwnerVouchersClientContent' inside of [project]/

Import trace:
  Server Component:
    ./components/screens/owner/vouchers/OwnerVouchersPage.tsx
    ./app/(main)/vouchers/page.tsx

https://nextjs.org/docs/messages/module-not-found @ :0
[   75965ms] [ERROR] ./components/screens/owner/vouchers/OwnerVouchersPage.tsx:2:1
Module not found: Can't resolve '@/components/screens/owner/vouchers/OwnerVouchersClientContent'
  1 | import { getVouchersPageData } from "@/app/(main)/vouchers/data"
> 2 | import { OwnerVouchersClientContent } from "@/components/screens/owner/vouchers/OwnerVouchersClientContent"
    | ^^^^^^^^^^^^^^^^^^^^^^^^^^^^^^^^^^^^^^^^^^^^^^^^^^^^^^^^^^^^^^^^^^^^^^^^^^^^^^^^^^^^^^^^^^^^^^^^^^^^^^^^^^^
  3 |
  4 | export type VoucherViewStatus =
  5 |   | "active"

Import map: aliased to relative './components/screens/owner/vouchers/OwnerVouchersClientContent' inside of [project]/

Import trace:
  Server Component:
    ./components/screens/owner/vouchers/OwnerVouchersPage.tsx
    ./app/(main)/vouchers/page.tsx

https://nextjs.org/docs/messages/module-not-found @ :0
[   76025ms] [ERROR] ./components/screens/owner/vouchers/OwnerVouchersPage.tsx:2:1
Module not found: Can't resolve '@/components/screens/owner/vouchers/OwnerVouchersClientContent'
  1 | import { getVouchersPageData } from "@/app/(main)/vouchers/data"
> 2 | import { OwnerVouchersClientContent } from "@/components/screens/owner/vouchers/OwnerVouchersClientContent"
    | ^^^^^^^^^^^^^^^^^^^^^^^^^^^^^^^^^^^^^^^^^^^^^^^^^^^^^^^^^^^^^^^^^^^^^^^^^^^^^^^^^^^^^^^^^^^^^^^^^^^^^^^^^^^
  3 |
  4 | export type VoucherViewStatus =
  5 |   | "active"

Import map: aliased to relative './components/screens/owner/vouchers/OwnerVouchersClientContent' inside of [project]/

Import trace:
  Server Component:
    ./components/screens/owner/vouchers/OwnerVouchersPage.tsx
    ./app/(main)/vouchers/page.tsx

https://nextjs.org/docs/messages/module-not-found @ :0
[   76084ms] [ERROR] ./components/screens/owner/vouchers/OwnerVouchersPage.tsx:2:1
Module not found: Can't resolve '@/components/screens/owner/vouchers/OwnerVouchersClientContent'
  1 | import { getVouchersPageData } from "@/app/(main)/vouchers/data"
> 2 | import { OwnerVouchersClientContent } from "@/components/screens/owner/vouchers/OwnerVouchersClientContent"
    | ^^^^^^^^^^^^^^^^^^^^^^^^^^^^^^^^^^^^^^^^^^^^^^^^^^^^^^^^^^^^^^^^^^^^^^^^^^^^^^^^^^^^^^^^^^^^^^^^^^^^^^^^^^^
  3 |
  4 | export type VoucherViewStatus =
  5 |   | "active"

Import map: aliased to relative './components/screens/owner/vouchers/OwnerVouchersClientContent' inside of [project]/

Import trace:
  Server Component:
    ./components/screens/owner/vouchers/OwnerVouchersPage.tsx
    ./app/(main)/vouchers/page.tsx

https://nextjs.org/docs/messages/module-not-found @ :0
[   76145ms] [ERROR] ./components/screens/owner/vouchers/OwnerVouchersPage.tsx:2:1
Module not found: Can't resolve '@/components/screens/owner/vouchers/OwnerVouchersClientContent'
  1 | import { getVouchersPageData } from "@/app/(main)/vouchers/data"
> 2 | import { OwnerVouchersClientContent } from "@/components/screens/owner/vouchers/OwnerVouchersClientContent"
    | ^^^^^^^^^^^^^^^^^^^^^^^^^^^^^^^^^^^^^^^^^^^^^^^^^^^^^^^^^^^^^^^^^^^^^^^^^^^^^^^^^^^^^^^^^^^^^^^^^^^^^^^^^^^
  3 |
  4 | export type VoucherViewStatus =
  5 |   | "active"

Import map: aliased to relative './components/screens/owner/vouchers/OwnerVouchersClientContent' inside of [project]/

Import trace:
  Server Component:
    ./components/screens/owner/vouchers/OwnerVouchersPage.tsx
    ./app/(main)/vouchers/page.tsx

https://nextjs.org/docs/messages/module-not-found @ :0
[   76203ms] [ERROR] ./components/screens/owner/vouchers/OwnerVouchersPage.tsx:2:1
Module not found: Can't resolve '@/components/screens/owner/vouchers/OwnerVouchersClientContent'
  1 | import { getVouchersPageData } from "@/app/(main)/vouchers/data"
> 2 | import { OwnerVouchersClientContent } from "@/components/screens/owner/vouchers/OwnerVouchersClientContent"
    | ^^^^^^^^^^^^^^^^^^^^^^^^^^^^^^^^^^^^^^^^^^^^^^^^^^^^^^^^^^^^^^^^^^^^^^^^^^^^^^^^^^^^^^^^^^^^^^^^^^^^^^^^^^^
  3 |
  4 | export type VoucherViewStatus =
  5 |   | "active"

Import map: aliased to relative './components/screens/owner/vouchers/OwnerVouchersClientContent' inside of [project]/

Import trace:
  Server Component:
    ./components/screens/owner/vouchers/OwnerVouchersPage.tsx
    ./app/(main)/vouchers/page.tsx

https://nextjs.org/docs/messages/module-not-found @ :0
[   76264ms] [ERROR] ./components/screens/owner/vouchers/OwnerVouchersPage.tsx:2:1
Module not found: Can't resolve '@/components/screens/owner/vouchers/OwnerVouchersClientContent'
  1 | import { getVouchersPageData } from "@/app/(main)/vouchers/data"
> 2 | import { OwnerVouchersClientContent } from "@/components/screens/owner/vouchers/OwnerVouchersClientContent"
    | ^^^^^^^^^^^^^^^^^^^^^^^^^^^^^^^^^^^^^^^^^^^^^^^^^^^^^^^^^^^^^^^^^^^^^^^^^^^^^^^^^^^^^^^^^^^^^^^^^^^^^^^^^^^
  3 |
  4 | export type VoucherViewStatus =
  5 |   | "active"

Import map: aliased to relative './components/screens/owner/vouchers/OwnerVouchersClientContent' inside of [project]/

Import trace:
  Server Component:
    ./components/screens/owner/vouchers/OwnerVouchersPage.tsx
    ./app/(main)/vouchers/page.tsx

https://nextjs.org/docs/messages/module-not-found @ :0
[   76324ms] [ERROR] ./components/screens/owner/vouchers/OwnerVouchersPage.tsx:2:1
Module not found: Can't resolve '@/components/screens/owner/vouchers/OwnerVouchersClientContent'
  1 | import { getVouchersPageData } from "@/app/(main)/vouchers/data"
> 2 | import { OwnerVouchersClientContent } from "@/components/screens/owner/vouchers/OwnerVouchersClientContent"
    | ^^^^^^^^^^^^^^^^^^^^^^^^^^^^^^^^^^^^^^^^^^^^^^^^^^^^^^^^^^^^^^^^^^^^^^^^^^^^^^^^^^^^^^^^^^^^^^^^^^^^^^^^^^^
  3 |
  4 | export type VoucherViewStatus =
  5 |   | "active"

Import map: aliased to relative './components/screens/owner/vouchers/OwnerVouchersClientContent' inside of [project]/

Import trace:
  Server Component:
    ./components/screens/owner/vouchers/OwnerVouchersPage.tsx
    ./app/(main)/vouchers/page.tsx

https://nextjs.org/docs/messages/module-not-found @ :0
[   76383ms] [ERROR] ./components/screens/owner/vouchers/OwnerVouchersPage.tsx:2:1
Module not found: Can't resolve '@/components/screens/owner/vouchers/OwnerVouchersClientContent'
  1 | import { getVouchersPageData } from "@/app/(main)/vouchers/data"
> 2 | import { OwnerVouchersClientContent } from "@/components/screens/owner/vouchers/OwnerVouchersClientContent"
    | ^^^^^^^^^^^^^^^^^^^^^^^^^^^^^^^^^^^^^^^^^^^^^^^^^^^^^^^^^^^^^^^^^^^^^^^^^^^^^^^^^^^^^^^^^^^^^^^^^^^^^^^^^^^
  3 |
  4 | export type VoucherViewStatus =
  5 |   | "active"

Import map: aliased to relative './components/screens/owner/vouchers/OwnerVouchersClientContent' inside of [project]/

Import trace:
  Server Component:
    ./components/screens/owner/vouchers/OwnerVouchersPage.tsx
    ./app/(main)/vouchers/page.tsx

https://nextjs.org/docs/messages/module-not-found @ :0
[   76442ms] [ERROR] ./components/screens/owner/vouchers/OwnerVouchersPage.tsx:2:1
Module not found: Can't resolve '@/components/screens/owner/vouchers/OwnerVouchersClientContent'
  1 | import { getVouchersPageData } from "@/app/(main)/vouchers/data"
> 2 | import { OwnerVouchersClientContent } from "@/components/screens/owner/vouchers/OwnerVouchersClientContent"
    | ^^^^^^^^^^^^^^^^^^^^^^^^^^^^^^^^^^^^^^^^^^^^^^^^^^^^^^^^^^^^^^^^^^^^^^^^^^^^^^^^^^^^^^^^^^^^^^^^^^^^^^^^^^^
  3 |
  4 | export type VoucherViewStatus =
  5 |   | "active"

Import map: aliased to relative './components/screens/owner/vouchers/OwnerVouchersClientContent' inside of [project]/

Import trace:
  Server Component:
    ./components/screens/owner/vouchers/OwnerVouchersPage.tsx
    ./app/(main)/vouchers/page.tsx

https://nextjs.org/docs/messages/module-not-found @ :0
[   76501ms] [ERROR] ./components/screens/owner/vouchers/OwnerVouchersPage.tsx:2:1
Module not found: Can't resolve '@/components/screens/owner/vouchers/OwnerVouchersClientContent'
  1 | import { getVouchersPageData } from "@/app/(main)/vouchers/data"
> 2 | import { OwnerVouchersClientContent } from "@/components/screens/owner/vouchers/OwnerVouchersClientContent"
    | ^^^^^^^^^^^^^^^^^^^^^^^^^^^^^^^^^^^^^^^^^^^^^^^^^^^^^^^^^^^^^^^^^^^^^^^^^^^^^^^^^^^^^^^^^^^^^^^^^^^^^^^^^^^
  3 |
  4 | export type VoucherViewStatus =
  5 |   | "active"

Import map: aliased to relative './components/screens/owner/vouchers/OwnerVouchersClientContent' inside of [project]/

Import trace:
  Server Component:
    ./components/screens/owner/vouchers/OwnerVouchersPage.tsx
    ./app/(main)/vouchers/page.tsx

https://nextjs.org/docs/messages/module-not-found @ :0
[   76559ms] [ERROR] ./components/screens/owner/vouchers/OwnerVouchersPage.tsx:2:1
Module not found: Can't resolve '@/components/screens/owner/vouchers/OwnerVouchersClientContent'
  1 | import { getVouchersPageData } from "@/app/(main)/vouchers/data"
> 2 | import { OwnerVouchersClientContent } from "@/components/screens/owner/vouchers/OwnerVouchersClientContent"
    | ^^^^^^^^^^^^^^^^^^^^^^^^^^^^^^^^^^^^^^^^^^^^^^^^^^^^^^^^^^^^^^^^^^^^^^^^^^^^^^^^^^^^^^^^^^^^^^^^^^^^^^^^^^^
  3 |
  4 | export type VoucherViewStatus =
  5 |   | "active"

Import map: aliased to relative './components/screens/owner/vouchers/OwnerVouchersClientContent' inside of [project]/

Import trace:
  Server Component:
    ./components/screens/owner/vouchers/OwnerVouchersPage.tsx
    ./app/(main)/vouchers/page.tsx

https://nextjs.org/docs/messages/module-not-found @ :0
[   76619ms] [ERROR] ./components/screens/owner/vouchers/OwnerVouchersPage.tsx:2:1
Module not found: Can't resolve '@/components/screens/owner/vouchers/OwnerVouchersClientContent'
  1 | import { getVouchersPageData } from "@/app/(main)/vouchers/data"
> 2 | import { OwnerVouchersClientContent } from "@/components/screens/owner/vouchers/OwnerVouchersClientContent"
    | ^^^^^^^^^^^^^^^^^^^^^^^^^^^^^^^^^^^^^^^^^^^^^^^^^^^^^^^^^^^^^^^^^^^^^^^^^^^^^^^^^^^^^^^^^^^^^^^^^^^^^^^^^^^
  3 |
  4 | export type VoucherViewStatus =
  5 |   | "active"

Import map: aliased to relative './components/screens/owner/vouchers/OwnerVouchersClientContent' inside of [project]/

Import trace:
  Server Component:
    ./components/screens/owner/vouchers/OwnerVouchersPage.tsx
    ./app/(main)/vouchers/page.tsx

https://nextjs.org/docs/messages/module-not-found @ :0
[   76677ms] [ERROR] ./components/screens/owner/vouchers/OwnerVouchersPage.tsx:2:1
Module not found: Can't resolve '@/components/screens/owner/vouchers/OwnerVouchersClientContent'
  1 | import { getVouchersPageData } from "@/app/(main)/vouchers/data"
> 2 | import { OwnerVouchersClientContent } from "@/components/screens/owner/vouchers/OwnerVouchersClientContent"
    | ^^^^^^^^^^^^^^^^^^^^^^^^^^^^^^^^^^^^^^^^^^^^^^^^^^^^^^^^^^^^^^^^^^^^^^^^^^^^^^^^^^^^^^^^^^^^^^^^^^^^^^^^^^^
  3 |
  4 | export type VoucherViewStatus =
  5 |   | "active"

Import map: aliased to relative './components/screens/owner/vouchers/OwnerVouchersClientContent' inside of [project]/

Import trace:
  Server Component:
    ./components/screens/owner/vouchers/OwnerVouchersPage.tsx
    ./app/(main)/vouchers/page.tsx

https://nextjs.org/docs/messages/module-not-found @ :0
[   76735ms] [ERROR] ./components/screens/owner/vouchers/OwnerVouchersPage.tsx:2:1
Module not found: Can't resolve '@/components/screens/owner/vouchers/OwnerVouchersClientContent'
  1 | import { getVouchersPageData } from "@/app/(main)/vouchers/data"
> 2 | import { OwnerVouchersClientContent } from "@/components/screens/owner/vouchers/OwnerVouchersClientContent"
    | ^^^^^^^^^^^^^^^^^^^^^^^^^^^^^^^^^^^^^^^^^^^^^^^^^^^^^^^^^^^^^^^^^^^^^^^^^^^^^^^^^^^^^^^^^^^^^^^^^^^^^^^^^^^
  3 |
  4 | export type VoucherViewStatus =
  5 |   | "active"

Import map: aliased to relative './components/screens/owner/vouchers/OwnerVouchersClientContent' inside of [project]/

Import trace:
  Server Component:
    ./components/screens/owner/vouchers/OwnerVouchersPage.tsx
    ./app/(main)/vouchers/page.tsx

https://nextjs.org/docs/messages/module-not-found @ :0
[   76796ms] [ERROR] ./components/screens/owner/vouchers/OwnerVouchersPage.tsx:2:1
Module not found: Can't resolve '@/components/screens/owner/vouchers/OwnerVouchersClientContent'
  1 | import { getVouchersPageData } from "@/app/(main)/vouchers/data"
> 2 | import { OwnerVouchersClientContent } from "@/components/screens/owner/vouchers/OwnerVouchersClientContent"
    | ^^^^^^^^^^^^^^^^^^^^^^^^^^^^^^^^^^^^^^^^^^^^^^^^^^^^^^^^^^^^^^^^^^^^^^^^^^^^^^^^^^^^^^^^^^^^^^^^^^^^^^^^^^^
  3 |
  4 | export type VoucherViewStatus =
  5 |   | "active"

Import map: aliased to relative './components/screens/owner/vouchers/OwnerVouchersClientContent' inside of [project]/

Import trace:
  Server Component:
    ./components/screens/owner/vouchers/OwnerVouchersPage.tsx
    ./app/(main)/vouchers/page.tsx

https://nextjs.org/docs/messages/module-not-found @ :0
[   76855ms] [ERROR] ./components/screens/owner/vouchers/OwnerVouchersPage.tsx:2:1
Module not found: Can't resolve '@/components/screens/owner/vouchers/OwnerVouchersClientContent'
  1 | import { getVouchersPageData } from "@/app/(main)/vouchers/data"
> 2 | import { OwnerVouchersClientContent } from "@/components/screens/owner/vouchers/OwnerVouchersClientContent"
    | ^^^^^^^^^^^^^^^^^^^^^^^^^^^^^^^^^^^^^^^^^^^^^^^^^^^^^^^^^^^^^^^^^^^^^^^^^^^^^^^^^^^^^^^^^^^^^^^^^^^^^^^^^^^
  3 |
  4 | export type VoucherViewStatus =
  5 |   | "active"

Import map: aliased to relative './components/screens/owner/vouchers/OwnerVouchersClientContent' inside of [project]/

Import trace:
  Server Component:
    ./components/screens/owner/vouchers/OwnerVouchersPage.tsx
    ./app/(main)/vouchers/page.tsx

https://nextjs.org/docs/messages/module-not-found @ :0
[   76915ms] [ERROR] ./components/screens/owner/vouchers/OwnerVouchersPage.tsx:2:1
Module not found: Can't resolve '@/components/screens/owner/vouchers/OwnerVouchersClientContent'
  1 | import { getVouchersPageData } from "@/app/(main)/vouchers/data"
> 2 | import { OwnerVouchersClientContent } from "@/components/screens/owner/vouchers/OwnerVouchersClientContent"
    | ^^^^^^^^^^^^^^^^^^^^^^^^^^^^^^^^^^^^^^^^^^^^^^^^^^^^^^^^^^^^^^^^^^^^^^^^^^^^^^^^^^^^^^^^^^^^^^^^^^^^^^^^^^^
  3 |
  4 | export type VoucherViewStatus =
  5 |   | "active"

Import map: aliased to relative './components/screens/owner/vouchers/OwnerVouchersClientContent' inside of [project]/

Import trace:
  Server Component:
    ./components/screens/owner/vouchers/OwnerVouchersPage.tsx
    ./app/(main)/vouchers/page.tsx

https://nextjs.org/docs/messages/module-not-found @ :0
[   76975ms] [ERROR] ./components/screens/owner/vouchers/OwnerVouchersPage.tsx:2:1
Module not found: Can't resolve '@/components/screens/owner/vouchers/OwnerVouchersClientContent'
  1 | import { getVouchersPageData } from "@/app/(main)/vouchers/data"
> 2 | import { OwnerVouchersClientContent } from "@/components/screens/owner/vouchers/OwnerVouchersClientContent"
    | ^^^^^^^^^^^^^^^^^^^^^^^^^^^^^^^^^^^^^^^^^^^^^^^^^^^^^^^^^^^^^^^^^^^^^^^^^^^^^^^^^^^^^^^^^^^^^^^^^^^^^^^^^^^
  3 |
  4 | export type VoucherViewStatus =
  5 |   | "active"

Import map: aliased to relative './components/screens/owner/vouchers/OwnerVouchersClientContent' inside of [project]/

Import trace:
  Server Component:
    ./components/screens/owner/vouchers/OwnerVouchersPage.tsx
    ./app/(main)/vouchers/page.tsx

https://nextjs.org/docs/messages/module-not-found @ :0
[   77034ms] [ERROR] ./components/screens/owner/vouchers/OwnerVouchersPage.tsx:2:1
Module not found: Can't resolve '@/components/screens/owner/vouchers/OwnerVouchersClientContent'
  1 | import { getVouchersPageData } from "@/app/(main)/vouchers/data"
> 2 | import { OwnerVouchersClientContent } from "@/components/screens/owner/vouchers/OwnerVouchersClientContent"
    | ^^^^^^^^^^^^^^^^^^^^^^^^^^^^^^^^^^^^^^^^^^^^^^^^^^^^^^^^^^^^^^^^^^^^^^^^^^^^^^^^^^^^^^^^^^^^^^^^^^^^^^^^^^^
  3 |
  4 | export type VoucherViewStatus =
  5 |   | "active"

Import map: aliased to relative './components/screens/owner/vouchers/OwnerVouchersClientContent' inside of [project]/

Import trace:
  Server Component:
    ./components/screens/owner/vouchers/OwnerVouchersPage.tsx
    ./app/(main)/vouchers/page.tsx

https://nextjs.org/docs/messages/module-not-found @ :0
[   77092ms] [ERROR] ./components/screens/owner/vouchers/OwnerVouchersPage.tsx:2:1
Module not found: Can't resolve '@/components/screens/owner/vouchers/OwnerVouchersClientContent'
  1 | import { getVouchersPageData } from "@/app/(main)/vouchers/data"
> 2 | import { OwnerVouchersClientContent } from "@/components/screens/owner/vouchers/OwnerVouchersClientContent"
    | ^^^^^^^^^^^^^^^^^^^^^^^^^^^^^^^^^^^^^^^^^^^^^^^^^^^^^^^^^^^^^^^^^^^^^^^^^^^^^^^^^^^^^^^^^^^^^^^^^^^^^^^^^^^
  3 |
  4 | export type VoucherViewStatus =
  5 |   | "active"

Import map: aliased to relative './components/screens/owner/vouchers/OwnerVouchersClientContent' inside of [project]/

Import trace:
  Server Component:
    ./components/screens/owner/vouchers/OwnerVouchersPage.tsx
    ./app/(main)/vouchers/page.tsx

https://nextjs.org/docs/messages/module-not-found @ :0
[   77152ms] [ERROR] ./components/screens/owner/vouchers/OwnerVouchersPage.tsx:2:1
Module not found: Can't resolve '@/components/screens/owner/vouchers/OwnerVouchersClientContent'
  1 | import { getVouchersPageData } from "@/app/(main)/vouchers/data"
> 2 | import { OwnerVouchersClientContent } from "@/components/screens/owner/vouchers/OwnerVouchersClientContent"
    | ^^^^^^^^^^^^^^^^^^^^^^^^^^^^^^^^^^^^^^^^^^^^^^^^^^^^^^^^^^^^^^^^^^^^^^^^^^^^^^^^^^^^^^^^^^^^^^^^^^^^^^^^^^^
  3 |
  4 | export type VoucherViewStatus =
  5 |   | "active"

Import map: aliased to relative './components/screens/owner/vouchers/OwnerVouchersClientContent' inside of [project]/

Import trace:
  Server Component:
    ./components/screens/owner/vouchers/OwnerVouchersPage.tsx
    ./app/(main)/vouchers/page.tsx

https://nextjs.org/docs/messages/module-not-found @ :0
[   77211ms] [ERROR] ./components/screens/owner/vouchers/OwnerVouchersPage.tsx:2:1
Module not found: Can't resolve '@/components/screens/owner/vouchers/OwnerVouchersClientContent'
  1 | import { getVouchersPageData } from "@/app/(main)/vouchers/data"
> 2 | import { OwnerVouchersClientContent } from "@/components/screens/owner/vouchers/OwnerVouchersClientContent"
    | ^^^^^^^^^^^^^^^^^^^^^^^^^^^^^^^^^^^^^^^^^^^^^^^^^^^^^^^^^^^^^^^^^^^^^^^^^^^^^^^^^^^^^^^^^^^^^^^^^^^^^^^^^^^
  3 |
  4 | export type VoucherViewStatus =
  5 |   | "active"

Import map: aliased to relative './components/screens/owner/vouchers/OwnerVouchersClientContent' inside of [project]/

Import trace:
  Server Component:
    ./components/screens/owner/vouchers/OwnerVouchersPage.tsx
    ./app/(main)/vouchers/page.tsx

https://nextjs.org/docs/messages/module-not-found @ :0
[   77272ms] [ERROR] ./components/screens/owner/vouchers/OwnerVouchersPage.tsx:2:1
Module not found: Can't resolve '@/components/screens/owner/vouchers/OwnerVouchersClientContent'
  1 | import { getVouchersPageData } from "@/app/(main)/vouchers/data"
> 2 | import { OwnerVouchersClientContent } from "@/components/screens/owner/vouchers/OwnerVouchersClientContent"
    | ^^^^^^^^^^^^^^^^^^^^^^^^^^^^^^^^^^^^^^^^^^^^^^^^^^^^^^^^^^^^^^^^^^^^^^^^^^^^^^^^^^^^^^^^^^^^^^^^^^^^^^^^^^^
  3 |
  4 | export type VoucherViewStatus =
  5 |   | "active"

Import map: aliased to relative './components/screens/owner/vouchers/OwnerVouchersClientContent' inside of [project]/

Import trace:
  Server Component:
    ./components/screens/owner/vouchers/OwnerVouchersPage.tsx
    ./app/(main)/vouchers/page.tsx

https://nextjs.org/docs/messages/module-not-found @ :0
[   77332ms] [ERROR] ./components/screens/owner/vouchers/OwnerVouchersPage.tsx:2:1
Module not found: Can't resolve '@/components/screens/owner/vouchers/OwnerVouchersClientContent'
  1 | import { getVouchersPageData } from "@/app/(main)/vouchers/data"
> 2 | import { OwnerVouchersClientContent } from "@/components/screens/owner/vouchers/OwnerVouchersClientContent"
    | ^^^^^^^^^^^^^^^^^^^^^^^^^^^^^^^^^^^^^^^^^^^^^^^^^^^^^^^^^^^^^^^^^^^^^^^^^^^^^^^^^^^^^^^^^^^^^^^^^^^^^^^^^^^
  3 |
  4 | export type VoucherViewStatus =
  5 |   | "active"

Import map: aliased to relative './components/screens/owner/vouchers/OwnerVouchersClientContent' inside of [project]/

Import trace:
  Server Component:
    ./components/screens/owner/vouchers/OwnerVouchersPage.tsx
    ./app/(main)/vouchers/page.tsx

https://nextjs.org/docs/messages/module-not-found @ :0
[   77394ms] [ERROR] ./components/screens/owner/vouchers/OwnerVouchersPage.tsx:2:1
Module not found: Can't resolve '@/components/screens/owner/vouchers/OwnerVouchersClientContent'
  1 | import { getVouchersPageData } from "@/app/(main)/vouchers/data"
> 2 | import { OwnerVouchersClientContent } from "@/components/screens/owner/vouchers/OwnerVouchersClientContent"
    | ^^^^^^^^^^^^^^^^^^^^^^^^^^^^^^^^^^^^^^^^^^^^^^^^^^^^^^^^^^^^^^^^^^^^^^^^^^^^^^^^^^^^^^^^^^^^^^^^^^^^^^^^^^^
  3 |
  4 | export type VoucherViewStatus =
  5 |   | "active"

Import map: aliased to relative './components/screens/owner/vouchers/OwnerVouchersClientContent' inside of [project]/

Import trace:
  Server Component:
    ./components/screens/owner/vouchers/OwnerVouchersPage.tsx
    ./app/(main)/vouchers/page.tsx

https://nextjs.org/docs/messages/module-not-found @ :0
[   77457ms] [ERROR] ./components/screens/owner/vouchers/OwnerVouchersPage.tsx:2:1
Module not found: Can't resolve '@/components/screens/owner/vouchers/OwnerVouchersClientContent'
  1 | import { getVouchersPageData } from "@/app/(main)/vouchers/data"
> 2 | import { OwnerVouchersClientContent } from "@/components/screens/owner/vouchers/OwnerVouchersClientContent"
    | ^^^^^^^^^^^^^^^^^^^^^^^^^^^^^^^^^^^^^^^^^^^^^^^^^^^^^^^^^^^^^^^^^^^^^^^^^^^^^^^^^^^^^^^^^^^^^^^^^^^^^^^^^^^
  3 |
  4 | export type VoucherViewStatus =
  5 |   | "active"

Import map: aliased to relative './components/screens/owner/vouchers/OwnerVouchersClientContent' inside of [project]/

Import trace:
  Server Component:
    ./components/screens/owner/vouchers/OwnerVouchersPage.tsx
    ./app/(main)/vouchers/page.tsx

https://nextjs.org/docs/messages/module-not-found @ :0
[   77518ms] [ERROR] ./components/screens/owner/vouchers/OwnerVouchersPage.tsx:2:1
Module not found: Can't resolve '@/components/screens/owner/vouchers/OwnerVouchersClientContent'
  1 | import { getVouchersPageData } from "@/app/(main)/vouchers/data"
> 2 | import { OwnerVouchersClientContent } from "@/components/screens/owner/vouchers/OwnerVouchersClientContent"
    | ^^^^^^^^^^^^^^^^^^^^^^^^^^^^^^^^^^^^^^^^^^^^^^^^^^^^^^^^^^^^^^^^^^^^^^^^^^^^^^^^^^^^^^^^^^^^^^^^^^^^^^^^^^^
  3 |
  4 | export type VoucherViewStatus =
  5 |   | "active"

Import map: aliased to relative './components/screens/owner/vouchers/OwnerVouchersClientContent' inside of [project]/

Import trace:
  Server Component:
    ./components/screens/owner/vouchers/OwnerVouchersPage.tsx
    ./app/(main)/vouchers/page.tsx

https://nextjs.org/docs/messages/module-not-found @ :0
[   77582ms] [ERROR] ./components/screens/owner/vouchers/OwnerVouchersPage.tsx:2:1
Module not found: Can't resolve '@/components/screens/owner/vouchers/OwnerVouchersClientContent'
  1 | import { getVouchersPageData } from "@/app/(main)/vouchers/data"
> 2 | import { OwnerVouchersClientContent } from "@/components/screens/owner/vouchers/OwnerVouchersClientContent"
    | ^^^^^^^^^^^^^^^^^^^^^^^^^^^^^^^^^^^^^^^^^^^^^^^^^^^^^^^^^^^^^^^^^^^^^^^^^^^^^^^^^^^^^^^^^^^^^^^^^^^^^^^^^^^
  3 |
  4 | export type VoucherViewStatus =
  5 |   | "active"

Import map: aliased to relative './components/screens/owner/vouchers/OwnerVouchersClientContent' inside of [project]/

Import trace:
  Server Component:
    ./components/screens/owner/vouchers/OwnerVouchersPage.tsx
    ./app/(main)/vouchers/page.tsx

https://nextjs.org/docs/messages/module-not-found @ :0
[   77643ms] [ERROR] ./components/screens/owner/vouchers/OwnerVouchersPage.tsx:2:1
Module not found: Can't resolve '@/components/screens/owner/vouchers/OwnerVouchersClientContent'
  1 | import { getVouchersPageData } from "@/app/(main)/vouchers/data"
> 2 | import { OwnerVouchersClientContent } from "@/components/screens/owner/vouchers/OwnerVouchersClientContent"
    | ^^^^^^^^^^^^^^^^^^^^^^^^^^^^^^^^^^^^^^^^^^^^^^^^^^^^^^^^^^^^^^^^^^^^^^^^^^^^^^^^^^^^^^^^^^^^^^^^^^^^^^^^^^^
  3 |
  4 | export type VoucherViewStatus =
  5 |   | "active"

Import map: aliased to relative './components/screens/owner/vouchers/OwnerVouchersClientContent' inside of [project]/

Import trace:
  Server Component:
    ./components/screens/owner/vouchers/OwnerVouchersPage.tsx
    ./app/(main)/vouchers/page.tsx

https://nextjs.org/docs/messages/module-not-found @ :0
[   77703ms] [ERROR] ./components/screens/owner/vouchers/OwnerVouchersPage.tsx:2:1
Module not found: Can't resolve '@/components/screens/owner/vouchers/OwnerVouchersClientContent'
  1 | import { getVouchersPageData } from "@/app/(main)/vouchers/data"
> 2 | import { OwnerVouchersClientContent } from "@/components/screens/owner/vouchers/OwnerVouchersClientContent"
    | ^^^^^^^^^^^^^^^^^^^^^^^^^^^^^^^^^^^^^^^^^^^^^^^^^^^^^^^^^^^^^^^^^^^^^^^^^^^^^^^^^^^^^^^^^^^^^^^^^^^^^^^^^^^
  3 |
  4 | export type VoucherViewStatus =
  5 |   | "active"

Import map: aliased to relative './components/screens/owner/vouchers/OwnerVouchersClientContent' inside of [project]/

Import trace:
  Server Component:
    ./components/screens/owner/vouchers/OwnerVouchersPage.tsx
    ./app/(main)/vouchers/page.tsx

https://nextjs.org/docs/messages/module-not-found @ :0
[   77763ms] [ERROR] ./components/screens/owner/vouchers/OwnerVouchersPage.tsx:2:1
Module not found: Can't resolve '@/components/screens/owner/vouchers/OwnerVouchersClientContent'
  1 | import { getVouchersPageData } from "@/app/(main)/vouchers/data"
> 2 | import { OwnerVouchersClientContent } from "@/components/screens/owner/vouchers/OwnerVouchersClientContent"
    | ^^^^^^^^^^^^^^^^^^^^^^^^^^^^^^^^^^^^^^^^^^^^^^^^^^^^^^^^^^^^^^^^^^^^^^^^^^^^^^^^^^^^^^^^^^^^^^^^^^^^^^^^^^^
  3 |
  4 | export type VoucherViewStatus =
  5 |   | "active"

Import map: aliased to relative './components/screens/owner/vouchers/OwnerVouchersClientContent' inside of [project]/

Import trace:
  Server Component:
    ./components/screens/owner/vouchers/OwnerVouchersPage.tsx
    ./app/(main)/vouchers/page.tsx

https://nextjs.org/docs/messages/module-not-found @ :0
[   77823ms] [ERROR] ./components/screens/owner/vouchers/OwnerVouchersPage.tsx:2:1
Module not found: Can't resolve '@/components/screens/owner/vouchers/OwnerVouchersClientContent'
  1 | import { getVouchersPageData } from "@/app/(main)/vouchers/data"
> 2 | import { OwnerVouchersClientContent } from "@/components/screens/owner/vouchers/OwnerVouchersClientContent"
    | ^^^^^^^^^^^^^^^^^^^^^^^^^^^^^^^^^^^^^^^^^^^^^^^^^^^^^^^^^^^^^^^^^^^^^^^^^^^^^^^^^^^^^^^^^^^^^^^^^^^^^^^^^^^
  3 |
  4 | export type VoucherViewStatus =
  5 |   | "active"

Import map: aliased to relative './components/screens/owner/vouchers/OwnerVouchersClientContent' inside of [project]/

Import trace:
  Server Component:
    ./components/screens/owner/vouchers/OwnerVouchersPage.tsx
    ./app/(main)/vouchers/page.tsx

https://nextjs.org/docs/messages/module-not-found @ :0
[   77880ms] [ERROR] ./components/screens/owner/vouchers/OwnerVouchersPage.tsx:2:1
Module not found: Can't resolve '@/components/screens/owner/vouchers/OwnerVouchersClientContent'
  1 | import { getVouchersPageData } from "@/app/(main)/vouchers/data"
> 2 | import { OwnerVouchersClientContent } from "@/components/screens/owner/vouchers/OwnerVouchersClientContent"
    | ^^^^^^^^^^^^^^^^^^^^^^^^^^^^^^^^^^^^^^^^^^^^^^^^^^^^^^^^^^^^^^^^^^^^^^^^^^^^^^^^^^^^^^^^^^^^^^^^^^^^^^^^^^^
  3 |
  4 | export type VoucherViewStatus =
  5 |   | "active"

Import map: aliased to relative './components/screens/owner/vouchers/OwnerVouchersClientContent' inside of [project]/

Import trace:
  Server Component:
    ./components/screens/owner/vouchers/OwnerVouchersPage.tsx
    ./app/(main)/vouchers/page.tsx

https://nextjs.org/docs/messages/module-not-found @ :0
[   78003ms] [LOG] [Fast Refresh] rebuilding @ http://localhost:3000/_next/static/chunks/node_modules_next_dist_f3530cac._.js:2307
[   78048ms] [LOG] [Fast Refresh] done in 121ms @ http://localhost:3000/_next/static/chunks/node_modules_next_dist_f3530cac._.js:2307
